owner_id,n_rows,max_snapshot_ts,selected_new_ts,selected_old_ts,line_changed,attrs_changed_columns
167418369,1,2025-01-13 02:25:40,2025-01-13 02:25:40,2025-01-13 02:25:40,False,
156933100,1,2025-01-13 02:58:06,2025-01-13 02:58:06,2025-01-13 02:58:06,False,
175320187,1,2025-01-13 02:58:25,2025-01-13 02:58:25,2025-01-13 02:58:25,False,
108479878,58,2025-01-13 02:58:26,2025-01-13 02:58:26,2025-01-13 01:55:18,True,
300996669,1,2025-01-13 02:58:26,2025-01-13 02:58:26,2025-01-13 02:58:26,False,
298545921,21,2025-01-13 02:58:33,2025-01-13 02:58:33,2025-01-13 02:04:14,True,
40876651,23,2025-01-13 02:58:33,2025-01-13 02:58:33,2025-01-13 01:54:53,True,
311642729,1,2025-01-13 02:58:33,2025-01-13 02:58:33,2025-01-13 02:58:33,False,
545255849,1,2025-01-13 02:58:38,2025-01-13 02:58:38,2025-01-13 02:58:38,False,
227777128,112,2025-01-13 02:58:40,2025-01-13 02:58:40,2025-01-13 01:56:16,True,number_of_reviews_host
321172190,1,2025-01-13 02:58:44,2025-01-13 02:58:44,2025-01-13 02:58:44,False,
389650375,3,2025-01-13 02:58:45,2025-01-13 02:58:45,2025-01-13 01:55:35,True,
534678827,1,2025-01-13 02:58:50,2025-01-13 02:58:50,2025-01-13 02:58:50,False,
82821456,14,2025-01-13 02:59:02,2025-01-13 02:59:02,2025-01-13 01:59:14,True,
115900186,34,2025-01-13 02:59:03,2025-01-13 02:59:03,2025-01-13 01:54:31,True,
489737906,23,2025-01-13 02:59:04,2025-01-13 02:59:04,2025-01-13 01:54:09,True,
4320103,1,2025-01-13 02:59:04,2025-01-13 02:59:04,2025-01-13 02:59:04,False,
145049953,1,2025-01-13 02:59:05,2025-01-13 02:59:05,2025-01-13 02:59:05,False,
256515113,1,2025-01-13 03:00:50,2025-01-13 03:00:50,2025-01-13 03:00:50,False,
666551498,1,2025-01-13 02:21:21,2025-01-13 02:21:21,2025-01-13 02:21:21,False,
230839862,1,2025-01-13 02:21:23,2025-01-13 02:21:23,2025-01-13 02:21:23,False,
435399234,1,2025-01-13 02:22:18,2025-01-13 02:22:18,2025-01-13 02:22:18,False,
431866320,1,2025-01-13 02:22:19,2025-01-13 02:22:19,2025-01-13 02:22:19,False,
227004896,1,2025-01-13 02:22:19,2025-01-13 02:22:19,2025-01-13 02:22:19,False,
376199796,1,2025-01-13 02:22:19,2025-01-13 02:22:19,2025-01-13 02:22:19,False,
157681969,1,2025-01-13 02:22:21,2025-01-13 02:22:21,2025-01-13 02:22:21,False,
324596091,1,2025-01-13 02:22:22,2025-01-13 02:22:22,2025-01-13 02:22:22,False,
46798051,1,2025-01-13 02:22:24,2025-01-13 02:22:24,2025-01-13 02:22:24,False,
56718852,1,2025-01-13 02:22:25,2025-01-13 02:22:25,2025-01-13 02:22:25,False,
252039796,2,2025-01-13 02:22:26,2025-01-13 02:22:26,2025-01-13 01:57:06,True,
302395914,2,2025-01-13 02:22:26,2025-01-13 02:22:26,2025-01-13 02:09:08,True,
480569054,1,2025-01-13 02:22:26,2025-01-13 02:22:26,2025-01-13 02:22:26,False,
218514766,2,2025-01-13 02:22:27,2025-01-13 02:22:27,2025-01-13 01:56:30,True,
483303516,1,2025-01-13 02:22:29,2025-01-13 02:22:29,2025-01-13 02:22:29,False,
374182710,1,2025-01-13 02:22:30,2025-01-13 02:22:30,2025-01-13 02:22:30,False,
491491053,1,2025-01-13 02:22:34,2025-01-13 02:22:34,2025-01-13 02:22:34,False,
228415150,1,2025-01-13 02:22:34,2025-01-13 02:22:34,2025-01-13 02:22:34,False,
251197171,1,2025-01-13 02:22:35,2025-01-13 02:22:35,2025-01-13 02:22:35,False,
16676535,1,2025-01-13 02:22:35,2025-01-13 02:22:35,2025-01-13 02:22:35,False,
129305956,1,2025-01-13 02:22:36,2025-01-13 02:22:36,2025-01-13 02:22:36,False,
274071036,2,2025-01-13 02:22:37,2025-01-13 02:22:37,2025-01-13 01:59:07,True,
153296376,1,2025-01-13 02:22:39,2025-01-13 02:22:39,2025-01-13 02:22:39,False,
27561390,1,2025-01-13 02:22:43,2025-01-13 02:22:43,2025-01-13 02:22:43,False,
316506408,1,2025-01-13 02:22:44,2025-01-13 02:22:44,2025-01-13 02:22:44,False,
107113095,1,2025-01-13 02:22:46,2025-01-13 02:22:46,2025-01-13 02:22:46,False,
596690603,1,2025-01-13 02:25:09,2025-01-13 02:25:09,2025-01-13 02:25:09,False,
144660561,1,2025-01-13 02:25:09,2025-01-13 02:25:09,2025-01-13 02:25:09,False,
186585666,1,2025-01-13 02:25:10,2025-01-13 02:25:10,2025-01-13 02:25:10,False,
317532674,1,2025-01-13 02:25:12,2025-01-13 02:25:12,2025-01-13 02:25:12,False,
566105040,2,2025-01-13 02:25:13,2025-01-13 02:25:13,2025-01-13 02:02:15,True,
117763717,1,2025-01-13 02:25:15,2025-01-13 02:25:15,2025-01-13 02:25:15,False,
337026052,2,2025-01-13 02:25:16,2025-01-13 02:25:16,2025-01-13 02:21:21,True,
149861001,1,2025-01-13 02:25:17,2025-01-13 02:25:17,2025-01-13 02:25:17,False,
318477256,1,2025-01-13 02:25:18,2025-01-13 02:25:18,2025-01-13 02:25:18,False,
375147651,1,2025-01-13 02:25:19,2025-01-13 02:25:19,2025-01-13 02:25:19,False,
431408124,1,2025-01-13 02:25:21,2025-01-13 02:25:21,2025-01-13 02:25:21,False,
484803951,1,2025-01-13 02:25:21,2025-01-13 02:25:21,2025-01-13 02:25:21,False,
569312114,3,2025-01-13 02:25:24,2025-01-13 02:25:24,2025-01-13 01:54:16,True,
659769956,1,2025-01-13 02:25:24,2025-01-13 02:25:24,2025-01-13 02:25:24,False,
567107459,1,2025-01-13 02:25:24,2025-01-13 02:25:24,2025-01-13 02:25:24,False,
9084471,1,2025-01-13 02:25:24,2025-01-13 02:25:24,2025-01-13 02:25:24,False,
102723242,1,2025-01-13 02:25:26,2025-01-13 02:25:26,2025-01-13 02:25:26,False,
162106468,2,2025-01-13 02:25:27,2025-01-13 02:25:27,2025-01-13 02:16:16,True,
552617515,1,2025-01-13 02:25:27,2025-01-13 02:25:27,2025-01-13 02:25:27,False,
312939718,2,2025-01-13 02:25:29,2025-01-13 02:25:29,2025-01-13 02:15:14,True,
663226397,1,2025-01-13 02:25:30,2025-01-13 02:25:30,2025-01-13 02:25:30,False,
297111596,1,2025-01-13 02:25:31,2025-01-13 02:25:31,2025-01-13 02:25:31,False,
381372027,1,2025-01-13 02:25:33,2025-01-13 02:25:33,2025-01-13 02:25:33,False,
112456042,1,2025-01-13 02:25:37,2025-01-13 02:25:37,2025-01-13 02:25:37,False,
115154732,2,2025-01-13 02:25:37,2025-01-13 02:25:37,2025-01-13 02:08:18,True,
319665944,2,2025-01-13 02:25:38,2025-01-13 02:25:38,2025-01-13 01:56:58,True,
13202409,1,2025-01-13 02:52:26,2025-01-13 02:52:26,2025-01-13 02:52:26,False,
144986192,1,2025-01-13 02:52:27,2025-01-13 02:52:27,2025-01-13 02:52:27,False,
239106991,1,2025-01-13 02:52:38,2025-01-13 02:52:38,2025-01-13 02:52:38,False,
53067088,1,2025-01-13 02:53:17,2025-01-13 02:53:17,2025-01-13 02:53:17,False,
436782052,1,2025-01-13 02:53:24,2025-01-13 02:53:24,2025-01-13 02:53:24,False,
157312550,1,2025-01-13 02:53:36,2025-01-13 02:53:36,2025-01-13 02:53:36,False,
114054193,1,2025-01-13 02:53:42,2025-01-13 02:53:42,2025-01-13 02:53:42,False,
296517732,2,2025-01-13 02:53:46,2025-01-13 02:53:46,2025-01-13 02:30:14,True,
161562406,1,2025-01-13 02:53:47,2025-01-13 02:53:47,2025-01-13 02:53:47,False,
358054692,1,2025-01-13 02:54:02,2025-01-13 02:54:02,2025-01-13 02:54:02,False,
221339864,4,2025-01-13 02:54:10,2025-01-13 02:54:10,2025-01-13 02:08:58,True,
665407493,3,2025-01-13 02:54:11,2025-01-13 02:54:11,2025-01-13 02:12:19,True,
454119180,1,2025-01-13 02:54:20,2025-01-13 02:54:20,2025-01-13 02:54:20,False,
460016257,1,2025-01-13 02:54:24,2025-01-13 02:54:24,2025-01-13 02:54:24,False,
369838265,1,2025-01-13 02:54:38,2025-01-13 02:54:38,2025-01-13 02:54:38,False,
172890178,1,2025-01-13 02:54:39,2025-01-13 02:54:39,2025-01-13 02:54:39,False,
302814591,2,2025-01-13 02:55:02,2025-01-13 02:55:02,2025-01-13 02:06:42,True,
52640946,1,2025-01-13 02:55:25,2025-01-13 02:55:25,2025-01-13 02:55:25,False,
231858635,1,2025-01-13 02:55:30,2025-01-13 02:55:30,2025-01-13 02:55:30,False,
230714623,1,2025-01-13 02:56:04,2025-01-13 02:56:04,2025-01-13 02:56:04,False,
236317125,1,2025-01-13 02:56:08,2025-01-13 02:56:08,2025-01-13 02:56:08,False,
378147687,1,2025-01-13 02:56:09,2025-01-13 02:56:09,2025-01-13 02:56:09,False,
326669451,1,2025-01-13 02:56:13,2025-01-13 02:56:13,2025-01-13 02:56:13,False,
204983908,3,2025-01-13 02:56:36,2025-01-13 02:56:36,2025-01-13 02:52:37,True,
102517845,5,2025-01-13 02:56:40,2025-01-13 02:56:40,2025-01-13 01:55:16,True,
114716988,1,2025-01-13 02:56:44,2025-01-13 02:56:44,2025-01-13 02:56:44,False,
235967375,1,2025-01-13 02:56:49,2025-01-13 02:56:49,2025-01-13 02:56:49,False,
241083890,1,2025-01-13 02:57:00,2025-01-13 02:57:00,2025-01-13 02:57:00,False,
315838328,2,2025-01-13 02:57:02,2025-01-13 02:57:02,2025-01-13 02:56:58,True,
432311882,1,2025-01-13 02:57:19,2025-01-13 02:57:19,2025-01-13 02:57:19,False,
146541452,1,2025-01-13 02:57:35,2025-01-13 02:57:35,2025-01-13 02:57:35,False,
58099520,2,2025-01-13 02:57:40,2025-01-13 02:57:40,2025-01-13 01:54:38,True,
595919522,4,2025-01-13 02:57:44,2025-01-13 02:57:44,2025-01-13 02:30:29,True,
24724576,1,2025-01-13 02:47:11,2025-01-13 02:47:11,2025-01-13 02:47:11,False,
404012447,1,2025-01-13 02:47:12,2025-01-13 02:47:12,2025-01-13 02:47:12,False,
657542226,1,2025-01-13 02:47:13,2025-01-13 02:47:13,2025-01-13 02:47:13,False,
66037993,1,2025-01-13 02:47:13,2025-01-13 02:47:13,2025-01-13 02:47:13,False,
557069225,1,2025-01-13 02:47:14,2025-01-13 02:47:14,2025-01-13 02:47:14,False,
478227237,1,2025-01-13 02:47:14,2025-01-13 02:47:14,2025-01-13 02:47:14,False,
551875844,1,2025-01-13 02:47:14,2025-01-13 02:47:14,2025-01-13 02:47:14,False,
62167711,1,2025-01-13 02:47:14,2025-01-13 02:47:14,2025-01-13 02:47:14,False,
317935811,1,2025-01-13 02:47:16,2025-01-13 02:47:16,2025-01-13 02:47:16,False,
419126412,1,2025-01-13 02:47:18,2025-01-13 02:47:18,2025-01-13 02:47:18,False,
157642052,2,2025-01-13 02:47:18,2025-01-13 02:47:18,2025-01-13 02:39:40,True,
110336100,1,2025-01-13 02:47:19,2025-01-13 02:47:19,2025-01-13 02:47:19,False,
495863221,1,2025-01-13 02:47:19,2025-01-13 02:47:19,2025-01-13 02:47:19,False,
107912956,1,2025-01-13 02:47:20,2025-01-13 02:47:20,2025-01-13 02:47:20,False,
102628370,1,2025-01-13 02:47:21,2025-01-13 02:47:21,2025-01-13 02:47:21,False,
213618060,1,2025-01-13 02:47:22,2025-01-13 02:47:22,2025-01-13 02:47:22,False,
101494197,3,2025-01-13 02:47:22,2025-01-13 02:47:22,2025-01-13 02:08:01,True,
519527555,2,2025-01-13 02:47:23,2025-01-13 02:47:23,2025-01-13 02:37:32,True,
22398457,1,2025-01-13 02:47:24,2025-01-13 02:47:24,2025-01-13 02:47:24,False,
528833861,1,2025-01-13 02:47:24,2025-01-13 02:47:24,2025-01-13 02:47:24,False,
44156806,1,2025-01-13 02:47:28,2025-01-13 02:47:28,2025-01-13 02:47:28,False,
540530843,1,2025-01-13 02:48:00,2025-01-13 02:48:00,2025-01-13 02:48:00,False,
231414872,1,2025-01-13 02:48:01,2025-01-13 02:48:01,2025-01-13 02:48:01,False,
210344039,1,2025-01-13 02:48:01,2025-01-13 02:48:01,2025-01-13 02:48:01,False,
551991664,4,2025-01-13 02:48:03,2025-01-13 02:48:03,2025-01-13 01:59:36,True,
499657943,1,2025-01-13 02:48:04,2025-01-13 02:48:04,2025-01-13 02:48:04,False,
310944442,1,2025-01-13 02:48:05,2025-01-13 02:48:05,2025-01-13 02:48:05,False,
276800469,1,2025-01-13 02:48:06,2025-01-13 02:48:06,2025-01-13 02:48:06,False,
551968522,2,2025-01-13 02:48:07,2025-01-13 02:48:07,2025-01-13 01:56:26,True,
46167410,1,2025-01-13 02:48:07,2025-01-13 02:48:07,2025-01-13 02:48:07,False,
321018928,1,2025-01-13 02:48:07,2025-01-13 02:48:07,2025-01-13 02:48:07,False,
219082837,1,2025-01-13 02:48:08,2025-01-13 02:48:08,2025-01-13 02:48:08,False,
192377194,1,2025-01-13 02:48:09,2025-01-13 02:48:09,2025-01-13 02:48:09,False,
383909653,2,2025-01-13 02:48:10,2025-01-13 02:48:10,2025-01-13 02:45:26,True,
513008299,4,2025-01-13 02:48:10,2025-01-13 02:48:10,2025-01-13 02:37:22,True,
551342508,1,2025-01-13 02:48:12,2025-01-13 02:48:12,2025-01-13 02:48:12,False,
165620689,1,2025-01-13 02:48:12,2025-01-13 02:48:12,2025-01-13 02:48:12,False,
283760792,1,2025-01-13 02:48:13,2025-01-13 02:48:13,2025-01-13 02:48:13,False,
437109458,1,2025-01-13 02:48:15,2025-01-13 02:48:15,2025-01-13 02:48:15,False,
369153667,1,2025-01-13 02:48:15,2025-01-13 02:48:15,2025-01-13 02:48:15,False,
667610809,1,2025-01-13 02:31:31,2025-01-13 02:31:31,2025-01-13 02:31:31,False,
423212079,1,2025-01-13 02:31:34,2025-01-13 02:31:34,2025-01-13 02:31:34,False,
142707286,2,2025-01-13 02:31:36,2025-01-13 02:31:36,2025-01-13 02:09:37,True,
658653045,1,2025-01-13 02:31:36,2025-01-13 02:31:36,2025-01-13 02:31:36,False,
430166147,1,2025-01-13 02:31:36,2025-01-13 02:31:36,2025-01-13 02:31:36,False,
556131046,1,2025-01-13 02:31:39,2025-01-13 02:31:39,2025-01-13 02:31:39,False,
10844679,2,2025-01-13 02:31:39,2025-01-13 02:31:39,2025-01-13 02:08:44,True,
281798836,1,2025-01-13 02:31:42,2025-01-13 02:31:42,2025-01-13 02:31:42,False,
460032544,1,2025-01-13 02:31:43,2025-01-13 02:31:43,2025-01-13 02:31:43,False,
166020592,2,2025-01-13 02:31:43,2025-01-13 02:31:43,2025-01-13 02:28:25,True,
165888822,2,2025-01-13 02:31:44,2025-01-13 02:31:44,2025-01-13 02:10:45,True,
22496850,1,2025-01-13 02:31:45,2025-01-13 02:31:45,2025-01-13 02:31:45,False,
665883278,1,2025-01-13 02:31:45,2025-01-13 02:31:45,2025-01-13 02:31:45,False,
395417377,1,2025-01-13 02:31:46,2025-01-13 02:31:46,2025-01-13 02:31:46,False,
234523273,1,2025-01-13 02:31:46,2025-01-13 02:31:46,2025-01-13 02:31:46,False,
225934148,1,2025-01-13 02:31:47,2025-01-13 02:31:47,2025-01-13 02:31:47,False,
167526733,1,2025-01-13 02:31:50,2025-01-13 02:31:50,2025-01-13 02:31:50,False,
164424847,1,2025-01-13 02:31:52,2025-01-13 02:31:52,2025-01-13 02:31:52,False,
127056551,1,2025-01-13 02:31:54,2025-01-13 02:31:54,2025-01-13 02:31:54,False,
200634073,1,2025-01-13 02:10:35,2025-01-13 02:10:35,2025-01-13 02:10:35,False,
397563348,1,2025-01-13 02:10:38,2025-01-13 02:10:38,2025-01-13 02:10:38,False,
551231763,1,2025-01-13 02:10:41,2025-01-13 02:10:41,2025-01-13 02:10:41,False,
581701013,1,2025-01-13 02:10:42,2025-01-13 02:10:42,2025-01-13 02:10:42,False,
306360509,1,2025-01-13 02:10:43,2025-01-13 02:10:43,2025-01-13 02:10:43,False,
168411554,1,2025-01-13 02:10:45,2025-01-13 02:10:45,2025-01-13 02:10:45,False,
491938967,1,2025-01-13 02:10:47,2025-01-13 02:10:47,2025-01-13 02:10:47,False,
668468620,1,2025-01-13 02:10:50,2025-01-13 02:10:50,2025-01-13 02:10:50,False,
262074393,1,2025-01-13 02:10:51,2025-01-13 02:10:51,2025-01-13 02:10:51,False,
554112771,1,2025-01-13 02:10:52,2025-01-13 02:10:52,2025-01-13 02:10:52,False,
482254048,1,2025-01-13 02:10:52,2025-01-13 02:10:52,2025-01-13 02:10:52,False,
105230015,3,2025-01-13 02:10:55,2025-01-13 02:10:55,2025-01-13 02:00:11,True,
240840442,2,2025-01-13 02:10:57,2025-01-13 02:10:57,2025-01-13 02:00:34,True,
307692057,1,2025-01-13 02:10:57,2025-01-13 02:10:57,2025-01-13 02:10:57,False,
44757813,1,2025-01-13 02:11:03,2025-01-13 02:11:03,2025-01-13 02:11:03,False,
538856013,1,2025-01-13 02:11:04,2025-01-13 02:11:04,2025-01-13 02:11:04,False,
498098226,1,2025-01-13 02:11:07,2025-01-13 02:11:07,2025-01-13 02:11:07,False,
259203463,1,2025-01-13 02:11:42,2025-01-13 02:11:42,2025-01-13 02:11:42,False,
437027272,1,2025-01-13 02:11:43,2025-01-13 02:11:43,2025-01-13 02:11:43,False,
663373020,3,2025-01-13 02:11:43,2025-01-13 02:11:43,2025-01-13 02:07:38,True,
468861865,1,2025-01-13 02:11:44,2025-01-13 02:11:44,2025-01-13 02:11:44,False,
496240216,1,2025-01-13 02:11:44,2025-01-13 02:11:44,2025-01-13 02:11:44,False,
504870443,1,2025-01-13 02:11:47,2025-01-13 02:11:47,2025-01-13 02:11:47,False,
2542010,1,2025-01-13 02:11:47,2025-01-13 02:11:47,2025-01-13 02:11:47,False,
174218663,1,2025-01-13 02:11:49,2025-01-13 02:11:49,2025-01-13 02:11:49,False,
492337240,1,2025-01-13 02:11:50,2025-01-13 02:11:50,2025-01-13 02:11:50,False,
342639462,1,2025-01-13 02:11:50,2025-01-13 02:11:50,2025-01-13 02:11:50,False,
38848097,1,2025-01-13 02:11:52,2025-01-13 02:11:52,2025-01-13 02:11:52,False,
545794498,1,2025-01-13 02:11:53,2025-01-13 02:11:53,2025-01-13 02:11:53,False,
231291077,2,2025-01-13 02:11:54,2025-01-13 02:11:54,2025-01-13 02:04:59,True,
111618591,1,2025-01-13 02:11:58,2025-01-13 02:11:58,2025-01-13 02:11:58,False,
62313742,1,2025-01-13 02:11:59,2025-01-13 02:11:59,2025-01-13 02:11:59,False,
180992995,1,2025-01-13 02:12:00,2025-01-13 02:12:00,2025-01-13 02:12:00,False,
281590393,1,2025-01-13 02:12:03,2025-01-13 02:12:03,2025-01-13 02:12:03,False,
224709540,1,2025-01-13 02:12:03,2025-01-13 02:12:03,2025-01-13 02:12:03,False,
114742068,2,2025-01-13 02:48:17,2025-01-13 02:48:17,2025-01-13 02:31:36,True,
545064569,1,2025-01-13 02:48:17,2025-01-13 02:48:17,2025-01-13 02:48:17,False,
521634670,1,2025-01-13 02:48:19,2025-01-13 02:48:19,2025-01-13 02:48:19,False,
662820731,1,2025-01-13 02:48:21,2025-01-13 02:48:21,2025-01-13 02:48:21,False,
233813969,2,2025-01-13 02:48:21,2025-01-13 02:48:21,2025-01-13 01:56:29,True,
151166442,1,2025-01-13 02:48:22,2025-01-13 02:48:22,2025-01-13 02:48:22,False,
287180792,1,2025-01-13 02:48:22,2025-01-13 02:48:22,2025-01-13 02:48:22,False,
549405449,1,2025-01-13 02:48:24,2025-01-13 02:48:24,2025-01-13 02:48:24,False,
530648724,2,2025-01-13 02:48:25,2025-01-13 02:48:25,2025-01-13 02:22:46,True,
555731183,1,2025-01-13 02:48:26,2025-01-13 02:48:26,2025-01-13 02:48:26,False,
11695736,3,2025-01-13 02:48:29,2025-01-13 02:48:29,2025-01-13 02:16:43,True,
515230409,1,2025-01-13 02:48:29,2025-01-13 02:48:29,2025-01-13 02:48:29,False,
302289127,1,2025-01-13 02:48:30,2025-01-13 02:48:30,2025-01-13 02:48:30,False,
265350197,16,2025-01-13 02:48:31,2025-01-13 02:48:31,2025-01-13 01:56:19,True,
394068856,1,2025-01-13 02:48:32,2025-01-13 02:48:32,2025-01-13 02:48:32,False,
665061269,1,2025-01-13 02:48:32,2025-01-13 02:48:32,2025-01-13 02:48:32,False,
82204432,1,2025-01-13 02:48:32,2025-01-13 02:48:32,2025-01-13 02:48:32,False,
302118000,1,2025-01-13 02:48:33,2025-01-13 02:48:33,2025-01-13 02:48:33,False,
269489781,3,2025-01-13 02:48:34,2025-01-13 02:48:34,2025-01-13 02:41:41,True,
404357828,1,2025-01-13 02:48:34,2025-01-13 02:48:34,2025-01-13 02:48:34,False,
446793136,1,2025-01-13 02:48:35,2025-01-13 02:48:35,2025-01-13 02:48:35,False,
660874522,1,2025-01-13 02:48:36,2025-01-13 02:48:36,2025-01-13 02:48:36,False,
246441773,1,2025-01-13 02:48:37,2025-01-13 02:48:37,2025-01-13 02:48:37,False,
476520828,1,2025-01-13 02:48:37,2025-01-13 02:48:37,2025-01-13 02:48:37,False,
169664266,2,2025-01-13 02:48:38,2025-01-13 02:48:38,2025-01-13 02:31:59,True,
242932189,1,2025-01-13 02:48:39,2025-01-13 02:48:39,2025-01-13 02:48:39,False,
152893116,5,2025-01-13 02:48:39,2025-01-13 02:48:39,2025-01-13 02:00:45,True,
422065139,2,2025-01-13 02:48:40,2025-01-13 02:48:40,2025-01-13 02:05:50,True,
316383519,1,2025-01-13 02:48:42,2025-01-13 02:48:42,2025-01-13 02:48:42,False,
425507942,1,2025-01-13 02:48:43,2025-01-13 02:48:43,2025-01-13 02:48:43,False,
52781602,1,2025-01-13 02:48:44,2025-01-13 02:48:44,2025-01-13 02:48:44,False,
491652149,1,2025-01-13 02:48:45,2025-01-13 02:48:45,2025-01-13 02:48:45,False,
492293062,1,2025-01-13 02:48:47,2025-01-13 02:48:47,2025-01-13 02:48:47,False,
327430438,1,2025-01-13 02:48:47,2025-01-13 02:48:47,2025-01-13 02:48:47,False,
525483549,1,2025-01-13 02:48:49,2025-01-13 02:48:49,2025-01-13 02:48:49,False,
272553934,1,2025-01-13 02:48:49,2025-01-13 02:48:49,2025-01-13 02:48:49,False,
87984613,1,2025-01-13 02:48:52,2025-01-13 02:48:52,2025-01-13 02:48:52,False,
433015716,1,2025-01-13 02:48:52,2025-01-13 02:48:52,2025-01-13 02:48:52,False,
547137917,1,2025-01-13 02:48:52,2025-01-13 02:48:52,2025-01-13 02:48:52,False,
437918164,1,2025-01-13 02:48:52,2025-01-13 02:48:52,2025-01-13 02:48:52,False,
367363772,3,2025-01-13 02:48:52,2025-01-13 02:48:52,2025-01-13 02:41:11,True,
490064289,1,2025-01-13 02:48:59,2025-01-13 02:48:59,2025-01-13 02:48:59,False,
158703707,1,2025-01-13 02:49:00,2025-01-13 02:49:00,2025-01-13 02:49:00,False,
550084557,3,2025-01-13 02:50:57,2025-01-13 02:50:57,2025-01-13 02:22:37,True,
276868055,1,2025-01-13 02:51:12,2025-01-13 02:51:12,2025-01-13 02:51:12,False,
226154699,2,2025-01-13 02:51:15,2025-01-13 02:51:15,2025-01-13 02:02:03,True,
159645951,1,2025-01-13 02:51:27,2025-01-13 02:51:27,2025-01-13 02:51:27,False,
183917202,1,2025-01-13 02:51:40,2025-01-13 02:51:40,2025-01-13 02:51:40,False,
64180879,1,2025-01-13 02:52:00,2025-01-13 02:52:00,2025-01-13 02:52:00,False,
444290112,1,2025-01-13 02:52:03,2025-01-13 02:52:03,2025-01-13 02:52:03,False,
154065865,1,2025-01-13 02:52:09,2025-01-13 02:52:09,2025-01-13 02:52:09,False,
304829392,3,2025-01-13 02:52:10,2025-01-13 02:52:10,2025-01-13 02:28:01,True,
229296509,2,2025-01-13 02:12:27,2025-01-13 02:12:27,2025-01-13 02:10:51,True,
380602348,1,2025-01-13 02:12:31,2025-01-13 02:12:31,2025-01-13 02:12:31,False,
93056854,1,2025-01-13 02:12:33,2025-01-13 02:12:33,2025-01-13 02:12:33,False,
577062328,1,2025-01-13 02:12:33,2025-01-13 02:12:33,2025-01-13 02:12:33,False,
486996844,1,2025-01-13 02:12:36,2025-01-13 02:12:36,2025-01-13 02:12:36,False,
323636986,1,2025-01-13 02:12:37,2025-01-13 02:12:37,2025-01-13 02:12:37,False,
123330809,1,2025-01-13 02:12:39,2025-01-13 02:12:39,2025-01-13 02:12:39,False,
7287071,1,2025-01-13 02:12:40,2025-01-13 02:12:40,2025-01-13 02:12:40,False,
259007703,1,2025-01-13 02:12:40,2025-01-13 02:12:40,2025-01-13 02:12:40,False,
361331225,1,2025-01-13 02:12:42,2025-01-13 02:12:42,2025-01-13 02:12:42,False,
332331773,1,2025-01-13 02:12:43,2025-01-13 02:12:43,2025-01-13 02:12:43,False,
554409211,1,2025-01-13 02:12:44,2025-01-13 02:12:44,2025-01-13 02:12:44,False,
61107521,1,2025-01-13 02:12:47,2025-01-13 02:12:47,2025-01-13 02:12:47,False,
491580564,1,2025-01-13 02:12:47,2025-01-13 02:12:47,2025-01-13 02:12:47,False,
25547312,1,2025-01-13 02:12:49,2025-01-13 02:12:49,2025-01-13 02:12:49,False,
536118759,1,2025-01-13 02:12:54,2025-01-13 02:12:54,2025-01-13 02:12:54,False,
485340941,1,2025-01-13 02:12:56,2025-01-13 02:12:56,2025-01-13 02:12:56,False,
549670099,1,2025-01-13 02:12:57,2025-01-13 02:12:57,2025-01-13 02:12:57,False,
188897667,1,2025-01-13 02:12:58,2025-01-13 02:12:58,2025-01-13 02:12:58,False,
479378925,1,2025-01-13 02:13:03,2025-01-13 02:13:03,2025-01-13 02:13:03,False,
554516659,1,2025-01-13 02:13:03,2025-01-13 02:13:03,2025-01-13 02:13:03,False,
489439063,1,2025-01-13 02:13:04,2025-01-13 02:13:04,2025-01-13 02:13:04,False,
113456671,1,2025-01-13 02:13:05,2025-01-13 02:13:05,2025-01-13 02:13:05,False,
271767655,1,2025-01-13 02:13:07,2025-01-13 02:13:07,2025-01-13 02:13:07,False,
321644580,1,2025-01-13 02:13:07,2025-01-13 02:13:07,2025-01-13 02:13:07,False,
49547377,1,2025-01-13 02:13:08,2025-01-13 02:13:08,2025-01-13 02:13:08,False,
166763317,1,2025-01-13 02:13:08,2025-01-13 02:13:08,2025-01-13 02:13:08,False,
493030222,2,2025-01-13 02:13:08,2025-01-13 02:13:08,2025-01-13 01:57:48,True,
110189550,1,2025-01-13 02:13:08,2025-01-13 02:13:08,2025-01-13 02:13:08,False,
483133100,1,2025-01-13 02:13:11,2025-01-13 02:13:11,2025-01-13 02:13:11,False,
496650927,2,2025-01-13 02:13:11,2025-01-13 02:13:11,2025-01-13 02:00:57,True,
230350086,4,2025-01-13 02:43:35,2025-01-13 02:43:35,2025-01-13 02:08:45,True,
419177053,1,2025-01-13 02:43:36,2025-01-13 02:43:36,2025-01-13 02:43:36,False,
327092499,1,2025-01-13 02:43:40,2025-01-13 02:43:40,2025-01-13 02:43:40,False,
225009501,1,2025-01-13 02:44:06,2025-01-13 02:44:06,2025-01-13 02:44:06,False,
413985995,1,2025-01-13 02:44:08,2025-01-13 02:44:08,2025-01-13 02:44:08,False,
99610787,1,2025-01-13 02:44:10,2025-01-13 02:44:10,2025-01-13 02:44:10,False,
426885428,1,2025-01-13 02:44:11,2025-01-13 02:44:11,2025-01-13 02:44:11,False,
655446947,1,2025-01-13 02:44:13,2025-01-13 02:44:13,2025-01-13 02:44:13,False,
554202873,2,2025-01-13 02:44:13,2025-01-13 02:44:13,2025-01-13 02:41:24,True,
479754082,1,2025-01-13 02:44:14,2025-01-13 02:44:14,2025-01-13 02:44:14,False,
558514647,1,2025-01-13 02:44:15,2025-01-13 02:44:15,2025-01-13 02:44:15,False,
665090893,1,2025-01-13 02:44:17,2025-01-13 02:44:17,2025-01-13 02:44:17,False,
215724709,1,2025-01-13 02:44:17,2025-01-13 02:44:17,2025-01-13 02:44:17,False,
142304517,1,2025-01-13 02:44:20,2025-01-13 02:44:20,2025-01-13 02:44:20,False,
251980558,1,2025-01-13 02:44:21,2025-01-13 02:44:21,2025-01-13 02:44:21,False,
74618839,1,2025-01-13 02:44:23,2025-01-13 02:44:23,2025-01-13 02:44:23,False,
413017013,1,2025-01-13 02:44:25,2025-01-13 02:44:25,2025-01-13 02:44:25,False,
197029123,1,2025-01-13 02:44:25,2025-01-13 02:44:25,2025-01-13 02:44:25,False,
555056664,1,2025-01-13 02:44:27,2025-01-13 02:44:27,2025-01-13 02:44:27,False,
551861623,1,2025-01-13 02:44:29,2025-01-13 02:44:29,2025-01-13 02:44:29,False,
331769078,2,2025-01-13 02:44:30,2025-01-13 02:44:30,2025-01-13 01:56:45,True,
139478367,3,2025-01-13 02:44:30,2025-01-13 02:44:30,2025-01-13 02:05:53,True,
202600428,3,2025-01-13 02:44:32,2025-01-13 02:44:32,2025-01-13 02:05:07,True,
549742729,1,2025-01-13 02:44:34,2025-01-13 02:44:34,2025-01-13 02:44:34,False,
164952277,1,2025-01-13 02:44:34,2025-01-13 02:44:34,2025-01-13 02:44:34,False,
271855548,1,2025-01-13 02:44:36,2025-01-13 02:44:36,2025-01-13 02:44:36,False,
472433291,1,2025-01-13 02:44:36,2025-01-13 02:44:36,2025-01-13 02:44:36,False,
488387857,2,2025-01-13 02:44:36,2025-01-13 02:44:36,2025-01-13 02:37:20,True,
152352055,1,2025-01-13 02:44:37,2025-01-13 02:44:37,2025-01-13 02:44:37,False,
77681146,1,2025-01-13 02:44:40,2025-01-13 02:44:40,2025-01-13 02:44:40,False,
92806193,1,2025-01-13 02:44:41,2025-01-13 02:44:41,2025-01-13 02:44:41,False,
661088490,2,2025-01-13 02:45:06,2025-01-13 02:45:06,2025-01-13 02:07:36,True,
265805292,1,2025-01-13 02:45:07,2025-01-13 02:45:07,2025-01-13 02:45:07,False,
326293155,1,2025-01-13 02:45:09,2025-01-13 02:45:09,2025-01-13 02:45:09,False,
310441201,8,2025-01-13 02:45:09,2025-01-13 02:45:09,2025-01-13 02:00:18,True,
654160255,1,2025-01-13 02:45:11,2025-01-13 02:45:11,2025-01-13 02:45:11,False,
230549767,1,2025-01-13 02:45:11,2025-01-13 02:45:11,2025-01-13 02:45:11,False,
113275089,2,2025-01-13 02:45:13,2025-01-13 02:45:13,2025-01-13 01:55:07,True,
657311884,1,2025-01-13 02:45:14,2025-01-13 02:45:14,2025-01-13 02:45:14,False,
201292310,6,2025-01-13 02:45:15,2025-01-13 02:45:15,2025-01-13 01:56:58,True,
248697693,1,2025-01-13 02:45:16,2025-01-13 02:45:16,2025-01-13 02:45:16,False,
563243548,1,2025-01-13 02:45:16,2025-01-13 02:45:16,2025-01-13 02:45:16,False,
533354065,1,2025-01-13 02:45:17,2025-01-13 02:45:17,2025-01-13 02:45:17,False,
434091777,1,2025-01-13 02:45:17,2025-01-13 02:45:17,2025-01-13 02:45:17,False,
235469516,1,2025-01-13 02:45:19,2025-01-13 02:45:19,2025-01-13 02:45:19,False,
438193481,1,2025-01-13 02:45:22,2025-01-13 02:45:22,2025-01-13 02:45:22,False,
528066209,1,2025-01-13 02:45:23,2025-01-13 02:45:23,2025-01-13 02:45:23,False,
556848802,1,2025-01-13 02:45:24,2025-01-13 02:45:24,2025-01-13 02:45:24,False,
167138552,1,2025-01-13 02:13:14,2025-01-13 02:13:14,2025-01-13 02:13:14,False,
360259846,1,2025-01-13 02:13:16,2025-01-13 02:13:16,2025-01-13 02:13:16,False,
552147283,1,2025-01-13 02:13:17,2025-01-13 02:13:17,2025-01-13 02:13:17,False,
431890947,1,2025-01-13 02:13:17,2025-01-13 02:13:17,2025-01-13 02:13:17,False,
542016808,1,2025-01-13 02:13:17,2025-01-13 02:13:17,2025-01-13 02:13:17,False,
48408494,2,2025-01-13 02:13:18,2025-01-13 02:13:18,2025-01-13 01:55:34,True,
435175625,1,2025-01-13 02:13:19,2025-01-13 02:13:19,2025-01-13 02:13:19,False,
491061585,1,2025-01-13 02:13:23,2025-01-13 02:13:23,2025-01-13 02:13:23,False,
460785459,1,2025-01-13 02:13:26,2025-01-13 02:13:26,2025-01-13 02:13:26,False,
204156283,2,2025-01-13 02:13:26,2025-01-13 02:13:26,2025-01-13 02:02:10,True,
167003893,1,2025-01-13 02:14:46,2025-01-13 02:14:46,2025-01-13 02:14:46,False,
551383328,1,2025-01-13 02:14:46,2025-01-13 02:14:46,2025-01-13 02:14:46,False,
496750251,1,2025-01-13 02:14:47,2025-01-13 02:14:47,2025-01-13 02:14:47,False,
216915022,1,2025-01-13 02:14:52,2025-01-13 02:14:52,2025-01-13 02:14:52,False,
560182888,1,2025-01-13 02:14:52,2025-01-13 02:14:52,2025-01-13 02:14:52,False,
368433422,1,2025-01-13 02:14:53,2025-01-13 02:14:53,2025-01-13 02:14:53,False,
386131983,1,2025-01-13 02:14:54,2025-01-13 02:14:54,2025-01-13 02:14:54,False,
433992771,1,2025-01-13 02:14:55,2025-01-13 02:14:55,2025-01-13 02:14:55,False,
413060241,1,2025-01-13 02:14:57,2025-01-13 02:14:57,2025-01-13 02:14:57,False,
662506680,1,2025-01-13 02:14:57,2025-01-13 02:14:57,2025-01-13 02:14:57,False,
330624480,1,2025-01-13 02:14:58,2025-01-13 02:14:58,2025-01-13 02:14:58,False,
107201107,1,2025-01-13 02:14:59,2025-01-13 02:14:59,2025-01-13 02:14:59,False,
551781399,1,2025-01-13 02:15:01,2025-01-13 02:15:01,2025-01-13 02:15:01,False,
424402464,1,2025-01-13 02:15:02,2025-01-13 02:15:02,2025-01-13 02:15:02,False,
222416842,1,2025-01-13 02:15:03,2025-01-13 02:15:03,2025-01-13 02:15:03,False,
555400325,2,2025-01-13 02:15:06,2025-01-13 02:15:06,2025-01-13 02:02:57,True,
134087687,1,2025-01-13 02:15:11,2025-01-13 02:15:11,2025-01-13 02:15:11,False,
595414523,2,2025-01-13 02:15:13,2025-01-13 02:15:13,2025-01-13 02:02:24,True,
86779574,1,2025-01-13 02:15:16,2025-01-13 02:15:16,2025-01-13 02:15:16,False,
381604431,4,2025-01-13 02:42:43,2025-01-13 02:42:43,2025-01-13 01:57:57,True,
436951335,2,2025-01-13 02:42:43,2025-01-13 02:42:43,2025-01-13 02:21:27,True,
192992782,2,2025-01-13 02:42:46,2025-01-13 02:42:46,2025-01-13 02:40:03,True,
237996840,1,2025-01-13 02:42:48,2025-01-13 02:42:48,2025-01-13 02:42:48,False,
125705698,1,2025-01-13 02:42:50,2025-01-13 02:42:50,2025-01-13 02:42:50,False,
40289577,1,2025-01-13 02:42:50,2025-01-13 02:42:50,2025-01-13 02:42:50,False,
289797859,2,2025-01-13 02:42:51,2025-01-13 02:42:51,2025-01-13 02:16:39,True,
438621102,1,2025-01-13 02:42:53,2025-01-13 02:42:53,2025-01-13 02:42:53,False,
452192631,1,2025-01-13 02:42:53,2025-01-13 02:42:53,2025-01-13 02:42:53,False,
662637544,1,2025-01-13 02:42:54,2025-01-13 02:42:54,2025-01-13 02:42:54,False,
236042553,1,2025-01-13 02:42:55,2025-01-13 02:42:55,2025-01-13 02:42:55,False,
268438066,1,2025-01-13 02:42:56,2025-01-13 02:42:56,2025-01-13 02:42:56,False,
543825664,1,2025-01-13 02:42:58,2025-01-13 02:42:58,2025-01-13 02:42:58,False,
80526805,3,2025-01-13 02:42:59,2025-01-13 02:42:59,2025-01-13 02:00:40,True,
577615778,1,2025-01-13 02:42:59,2025-01-13 02:42:59,2025-01-13 02:42:59,False,
162678666,1,2025-01-13 02:43:00,2025-01-13 02:43:00,2025-01-13 02:43:00,False,
374311060,1,2025-01-13 02:43:02,2025-01-13 02:43:02,2025-01-13 02:43:02,False,
383199167,1,2025-01-13 02:43:02,2025-01-13 02:43:02,2025-01-13 02:43:02,False,
113859732,1,2025-01-13 02:43:03,2025-01-13 02:43:03,2025-01-13 02:43:03,False,
229230321,1,2025-01-13 02:43:04,2025-01-13 02:43:04,2025-01-13 02:43:04,False,
126518059,1,2025-01-13 02:43:06,2025-01-13 02:43:06,2025-01-13 02:43:06,False,
325527342,1,2025-01-13 02:43:06,2025-01-13 02:43:06,2025-01-13 02:43:06,False,
281127168,4,2025-01-13 02:43:06,2025-01-13 02:43:06,2025-01-13 02:22:41,True,
213534263,1,2025-01-13 02:43:08,2025-01-13 02:43:08,2025-01-13 02:43:08,False,
22570269,1,2025-01-13 02:43:08,2025-01-13 02:43:08,2025-01-13 02:43:08,False,
380780941,1,2025-01-13 02:43:08,2025-01-13 02:43:08,2025-01-13 02:43:08,False,
465450907,1,2025-01-13 02:43:09,2025-01-13 02:43:09,2025-01-13 02:43:09,False,
442825290,1,2025-01-13 02:43:09,2025-01-13 02:43:09,2025-01-13 02:43:09,False,
119300619,2,2025-01-13 02:43:09,2025-01-13 02:43:09,2025-01-13 02:21:48,True,
377200160,1,2025-01-13 02:43:10,2025-01-13 02:43:10,2025-01-13 02:43:10,False,
386785808,1,2025-01-13 02:43:13,2025-01-13 02:43:13,2025-01-13 02:43:13,False,
664934430,1,2025-01-13 02:43:13,2025-01-13 02:43:13,2025-01-13 02:43:13,False,
31856877,2,2025-01-13 02:43:13,2025-01-13 02:43:13,2025-01-13 02:35:23,True,
88028074,1,2025-01-13 02:43:15,2025-01-13 02:43:15,2025-01-13 02:43:15,False,
480171025,1,2025-01-13 02:43:16,2025-01-13 02:43:16,2025-01-13 02:43:16,False,
433408048,1,2025-01-13 02:43:16,2025-01-13 02:43:16,2025-01-13 02:43:16,False,
373002269,1,2025-01-13 02:43:17,2025-01-13 02:43:17,2025-01-13 02:43:17,False,
528254274,2,2025-01-13 02:43:17,2025-01-13 02:43:17,2025-01-13 02:17:09,True,
156165095,1,2025-01-13 02:43:19,2025-01-13 02:43:19,2025-01-13 02:43:19,False,
341718421,1,2025-01-13 02:43:20,2025-01-13 02:43:20,2025-01-13 02:43:20,False,
79179066,1,2025-01-13 02:43:20,2025-01-13 02:43:20,2025-01-13 02:43:20,False,
423069187,2,2025-01-13 02:43:21,2025-01-13 02:43:21,2025-01-13 02:19:28,True,
310053678,1,2025-01-13 02:43:21,2025-01-13 02:43:21,2025-01-13 02:43:21,False,
542270763,1,2025-01-13 02:43:21,2025-01-13 02:43:21,2025-01-13 02:43:21,False,
547512468,1,2025-01-13 02:43:23,2025-01-13 02:43:23,2025-01-13 02:43:23,False,
187152268,1,2025-01-13 02:43:24,2025-01-13 02:43:24,2025-01-13 02:43:24,False,
356926235,1,2025-01-13 02:43:24,2025-01-13 02:43:24,2025-01-13 02:43:24,False,
39445866,1,2025-01-13 02:43:26,2025-01-13 02:43:26,2025-01-13 02:43:26,False,
303429324,1,2025-01-13 02:43:27,2025-01-13 02:43:27,2025-01-13 02:43:27,False,
151919621,1,2025-01-13 02:43:28,2025-01-13 02:43:28,2025-01-13 02:43:28,False,
87471056,1,2025-01-13 02:43:29,2025-01-13 02:43:29,2025-01-13 02:43:29,False,
220704302,1,2025-01-13 02:43:30,2025-01-13 02:43:30,2025-01-13 02:43:30,False,
184451914,1,2025-01-13 02:43:30,2025-01-13 02:43:30,2025-01-13 02:43:30,False,
481564218,1,2025-01-13 02:43:31,2025-01-13 02:43:31,2025-01-13 02:43:31,False,
152391768,1,2025-01-13 02:43:32,2025-01-13 02:43:32,2025-01-13 02:43:32,False,
177228547,1,2025-01-13 02:43:33,2025-01-13 02:43:33,2025-01-13 02:43:33,False,
303112828,2,2025-01-13 02:43:33,2025-01-13 02:43:33,2025-01-13 02:21:36,True,
481130369,1,2025-01-13 02:43:34,2025-01-13 02:43:34,2025-01-13 02:43:34,False,
180954666,1,2025-01-13 02:43:34,2025-01-13 02:43:34,2025-01-13 02:43:34,False,
212260437,1,2025-01-13 02:10:18,2025-01-13 02:10:18,2025-01-13 02:10:18,False,
114155924,1,2025-01-13 02:10:18,2025-01-13 02:10:18,2025-01-13 02:10:18,False,
220783521,1,2025-01-13 02:10:23,2025-01-13 02:10:23,2025-01-13 02:10:23,False,
388009725,2,2025-01-13 02:10:23,2025-01-13 02:10:23,2025-01-13 02:04:32,True,
148587566,1,2025-01-13 02:10:27,2025-01-13 02:10:27,2025-01-13 02:10:27,False,
216478948,1,2025-01-13 02:10:27,2025-01-13 02:10:27,2025-01-13 02:10:27,False,
488975442,1,2025-01-13 02:10:28,2025-01-13 02:10:28,2025-01-13 02:10:28,False,
553963596,1,2025-01-13 02:10:28,2025-01-13 02:10:28,2025-01-13 02:10:28,False,
244426670,1,2025-01-13 02:10:29,2025-01-13 02:10:29,2025-01-13 02:10:29,False,
657940996,1,2025-01-13 02:10:31,2025-01-13 02:10:31,2025-01-13 02:10:31,False,
144107545,1,2025-01-13 02:10:33,2025-01-13 02:10:33,2025-01-13 02:10:33,False,
544887536,1,2025-01-13 02:10:33,2025-01-13 02:10:33,2025-01-13 02:10:33,False,
301138659,1,2025-01-13 02:10:33,2025-01-13 02:10:33,2025-01-13 02:10:33,False,
171862977,1,2025-01-13 02:57:48,2025-01-13 02:57:48,2025-01-13 02:57:48,False,
221430579,3,2025-01-13 02:57:49,2025-01-13 02:57:49,2025-01-13 02:11:29,True,
9054729,1,2025-01-13 02:57:55,2025-01-13 02:57:55,2025-01-13 02:57:55,False,
10844239,13,2025-01-13 02:58:00,2025-01-13 02:58:00,2025-01-13 02:17:30,True,
245152291,1,2025-01-13 02:58:24,2025-01-13 02:58:24,2025-01-13 02:58:24,False,
218567001,1,2025-01-13 02:58:27,2025-01-13 02:58:27,2025-01-13 02:58:27,False,
223906801,1,2025-01-13 02:58:28,2025-01-13 02:58:28,2025-01-13 02:58:28,False,
159561676,3,2025-01-13 02:58:30,2025-01-13 02:58:30,2025-01-13 02:31:34,True,
157078457,3,2025-01-13 02:58:30,2025-01-13 02:58:30,2025-01-13 02:03:16,True,
310945071,1,2025-01-13 02:58:33,2025-01-13 02:58:33,2025-01-13 02:58:33,False,
280193449,1,2025-01-13 02:58:41,2025-01-13 02:58:41,2025-01-13 02:58:41,False,
61447280,1,2025-01-13 02:58:47,2025-01-13 02:58:47,2025-01-13 02:58:47,False,
157399374,29,2025-01-13 02:58:50,2025-01-13 02:58:50,2025-01-13 02:00:03,True,
242300676,1,2025-01-13 02:58:50,2025-01-13 02:58:50,2025-01-13 02:58:50,False,
323925012,1,2025-01-13 02:58:52,2025-01-13 02:58:52,2025-01-13 02:58:52,False,
227595936,9,2025-01-13 02:58:52,2025-01-13 02:58:52,2025-01-13 01:54:03,True,
178241975,4,2025-01-13 02:58:56,2025-01-13 02:58:56,2025-01-13 02:21:29,True,
31482608,1,2025-01-13 02:21:47,2025-01-13 02:21:47,2025-01-13 02:21:47,False,
171346802,1,2025-01-13 02:21:50,2025-01-13 02:21:50,2025-01-13 02:21:50,False,
438228053,1,2025-01-13 02:21:50,2025-01-13 02:21:50,2025-01-13 02:21:50,False,
335322010,1,2025-01-13 02:21:51,2025-01-13 02:21:51,2025-01-13 02:21:51,False,
376533155,1,2025-01-13 02:21:54,2025-01-13 02:21:54,2025-01-13 02:21:54,False,
659470598,1,2025-01-13 02:21:54,2025-01-13 02:21:54,2025-01-13 02:21:54,False,
655304605,1,2025-01-13 02:21:54,2025-01-13 02:21:54,2025-01-13 02:21:54,False,
233384371,1,2025-01-13 02:21:56,2025-01-13 02:21:56,2025-01-13 02:21:56,False,
545403763,1,2025-01-13 02:21:57,2025-01-13 02:21:57,2025-01-13 02:21:57,False,
496386492,1,2025-01-13 02:22:03,2025-01-13 02:22:03,2025-01-13 02:22:03,False,
381606630,1,2025-01-13 02:22:06,2025-01-13 02:22:06,2025-01-13 02:22:06,False,
157541365,2,2025-01-13 02:22:09,2025-01-13 02:22:09,2025-01-13 02:15:31,True,
268455389,1,2025-01-13 02:22:14,2025-01-13 02:22:14,2025-01-13 02:22:14,False,
466627759,1,2025-01-13 02:22:17,2025-01-13 02:22:17,2025-01-13 02:22:17,False,
381771043,2,2025-01-13 02:22:18,2025-01-13 02:22:18,2025-01-13 02:20:16,True,
309350590,2,2025-01-13 02:08:50,2025-01-13 02:08:50,2025-01-13 02:01:40,True,
575286044,1,2025-01-13 02:08:51,2025-01-13 02:08:51,2025-01-13 02:08:51,False,
230028362,1,2025-01-13 02:08:52,2025-01-13 02:08:52,2025-01-13 02:08:52,False,
381960524,1,2025-01-13 02:08:55,2025-01-13 02:08:55,2025-01-13 02:08:55,False,
96224012,1,2025-01-13 02:08:55,2025-01-13 02:08:55,2025-01-13 02:08:55,False,
421185794,1,2025-01-13 02:08:56,2025-01-13 02:08:56,2025-01-13 02:08:56,False,
570897948,1,2025-01-13 02:08:57,2025-01-13 02:08:57,2025-01-13 02:08:57,False,
329341944,1,2025-01-13 02:08:59,2025-01-13 02:08:59,2025-01-13 02:08:59,False,
276024040,1,2025-01-13 02:09:00,2025-01-13 02:09:00,2025-01-13 02:09:00,False,
227986388,1,2025-01-13 02:09:00,2025-01-13 02:09:00,2025-01-13 02:09:00,False,
288150577,1,2025-01-13 02:09:00,2025-01-13 02:09:00,2025-01-13 02:09:00,False,
423744867,2,2025-01-13 02:09:00,2025-01-13 02:09:00,2025-01-13 02:04:20,True,
192165069,1,2025-01-13 02:09:01,2025-01-13 02:09:01,2025-01-13 02:09:01,False,
222410401,1,2025-01-13 02:09:01,2025-01-13 02:09:01,2025-01-13 02:09:01,False,
261384905,3,2025-01-13 02:09:01,2025-01-13 02:09:01,2025-01-13 01:58:00,True,
299044780,1,2025-01-13 02:09:04,2025-01-13 02:09:04,2025-01-13 02:09:04,False,
554715306,1,2025-01-13 02:09:06,2025-01-13 02:09:06,2025-01-13 02:09:06,False,
489890650,1,2025-01-13 02:09:07,2025-01-13 02:09:07,2025-01-13 02:09:07,False,
664408750,1,2025-01-13 02:09:08,2025-01-13 02:09:08,2025-01-13 02:09:08,False,
111105267,1,2025-01-13 02:09:08,2025-01-13 02:09:08,2025-01-13 02:09:08,False,
154361388,3,2025-01-13 02:09:10,2025-01-13 02:09:10,2025-01-13 01:54:25,True,
302592772,1,2025-01-13 02:09:10,2025-01-13 02:09:10,2025-01-13 02:09:10,False,
419313247,1,2025-01-13 02:09:12,2025-01-13 02:09:12,2025-01-13 02:09:12,False,
127820111,1,2025-01-13 02:09:12,2025-01-13 02:09:12,2025-01-13 02:09:12,False,
103038239,1,2025-01-13 02:09:14,2025-01-13 02:09:14,2025-01-13 02:09:14,False,
374172243,1,2025-01-13 02:09:15,2025-01-13 02:09:15,2025-01-13 02:09:15,False,
462857152,1,2025-01-13 02:09:41,2025-01-13 02:09:41,2025-01-13 02:09:41,False,
434380326,1,2025-01-13 02:09:43,2025-01-13 02:09:43,2025-01-13 02:09:43,False,
655913014,1,2025-01-13 02:09:46,2025-01-13 02:09:46,2025-01-13 02:09:46,False,
305755270,1,2025-01-13 02:09:47,2025-01-13 02:09:47,2025-01-13 02:09:47,False,
180791982,1,2025-01-13 02:09:49,2025-01-13 02:09:49,2025-01-13 02:09:49,False,
24732528,1,2025-01-13 02:09:50,2025-01-13 02:09:50,2025-01-13 02:09:50,False,
209755147,1,2025-01-13 02:09:50,2025-01-13 02:09:50,2025-01-13 02:09:50,False,
272308900,1,2025-01-13 02:09:51,2025-01-13 02:09:51,2025-01-13 02:09:51,False,
662853395,1,2025-01-13 02:09:52,2025-01-13 02:09:52,2025-01-13 02:09:52,False,
64678031,1,2025-01-13 02:09:54,2025-01-13 02:09:54,2025-01-13 02:09:54,False,
186121926,1,2025-01-13 02:09:54,2025-01-13 02:09:54,2025-01-13 02:09:54,False,
505354401,1,2025-01-13 02:09:56,2025-01-13 02:09:56,2025-01-13 02:09:56,False,
93862579,1,2025-01-13 02:09:56,2025-01-13 02:09:56,2025-01-13 02:09:56,False,
378281635,1,2025-01-13 02:09:56,2025-01-13 02:09:56,2025-01-13 02:09:56,False,
304099262,1,2025-01-13 02:09:57,2025-01-13 02:09:57,2025-01-13 02:09:57,False,
655153811,1,2025-01-13 02:09:57,2025-01-13 02:09:57,2025-01-13 02:09:57,False,
507779866,1,2025-01-13 02:09:58,2025-01-13 02:09:58,2025-01-13 02:09:58,False,
572421759,1,2025-01-13 02:10:01,2025-01-13 02:10:01,2025-01-13 02:10:01,False,
108826867,1,2025-01-13 02:10:01,2025-01-13 02:10:01,2025-01-13 02:10:01,False,
658623428,1,2025-01-13 02:10:02,2025-01-13 02:10:02,2025-01-13 02:10:02,False,
482668431,1,2025-01-13 02:10:03,2025-01-13 02:10:03,2025-01-13 02:10:03,False,
162638876,1,2025-01-13 02:10:04,2025-01-13 02:10:04,2025-01-13 02:10:04,False,
495310052,1,2025-01-13 02:10:05,2025-01-13 02:10:05,2025-01-13 02:10:05,False,
268190293,1,2025-01-13 02:10:08,2025-01-13 02:10:08,2025-01-13 02:10:08,False,
491761651,1,2025-01-13 02:10:09,2025-01-13 02:10:09,2025-01-13 02:10:09,False,
384399952,1,2025-01-13 02:10:10,2025-01-13 02:10:10,2025-01-13 02:10:10,False,
491454530,1,2025-01-13 02:10:12,2025-01-13 02:10:12,2025-01-13 02:10:12,False,
667144011,2,2025-01-13 02:10:12,2025-01-13 02:10:12,2025-01-13 01:57:14,True,
214163257,1,2025-01-13 02:10:13,2025-01-13 02:10:13,2025-01-13 02:10:13,False,
51088376,1,2025-01-13 02:52:24,2025-01-13 02:52:24,2025-01-13 02:52:24,False,
156639454,1,2025-01-13 02:52:39,2025-01-13 02:52:39,2025-01-13 02:52:39,False,
310758851,1,2025-01-13 02:52:48,2025-01-13 02:52:48,2025-01-13 02:52:48,False,
235014147,1,2025-01-13 02:53:02,2025-01-13 02:53:02,2025-01-13 02:53:02,False,
174803251,1,2025-01-13 02:53:03,2025-01-13 02:53:03,2025-01-13 02:53:03,False,
429492656,1,2025-01-13 02:53:39,2025-01-13 02:53:39,2025-01-13 02:53:39,False,
296160332,1,2025-01-13 02:53:46,2025-01-13 02:53:46,2025-01-13 02:53:46,False,
171152571,1,2025-01-13 02:53:52,2025-01-13 02:53:52,2025-01-13 02:53:52,False,
110227534,1,2025-01-13 02:54:12,2025-01-13 02:54:12,2025-01-13 02:54:12,False,
104618769,1,2025-01-13 02:54:20,2025-01-13 02:54:20,2025-01-13 02:54:20,False,
52975186,1,2025-01-13 02:54:53,2025-01-13 02:54:53,2025-01-13 02:54:53,False,
157971721,1,2025-01-13 02:54:53,2025-01-13 02:54:53,2025-01-13 02:54:53,False,
85969786,3,2025-01-13 02:55:12,2025-01-13 02:55:12,2025-01-13 02:51:58,True,
307294560,2,2025-01-13 02:55:15,2025-01-13 02:55:15,2025-01-13 02:51:20,True,
12473626,1,2025-01-13 02:55:16,2025-01-13 02:55:16,2025-01-13 02:55:16,False,
383668072,1,2025-01-13 02:55:49,2025-01-13 02:55:49,2025-01-13 02:55:49,False,
443634362,2,2025-01-13 02:56:10,2025-01-13 02:56:10,2025-01-13 02:23:33,True,
243485816,1,2025-01-13 02:56:16,2025-01-13 02:56:16,2025-01-13 02:56:16,False,
227684144,1,2025-01-13 02:56:18,2025-01-13 02:56:18,2025-01-13 02:56:18,False,
220836478,4,2025-01-13 02:56:18,2025-01-13 02:56:18,2025-01-13 02:30:07,True,
208338235,1,2025-01-13 02:56:23,2025-01-13 02:56:23,2025-01-13 02:56:23,False,
328050396,1,2025-01-13 02:56:31,2025-01-13 02:56:31,2025-01-13 02:56:31,False,
112570505,2,2025-01-13 02:56:37,2025-01-13 02:56:37,2025-01-13 02:52:09,True,
165852398,1,2025-01-13 02:56:44,2025-01-13 02:56:44,2025-01-13 02:56:44,False,
424262730,5,2025-01-13 02:56:44,2025-01-13 02:56:44,2025-01-13 02:08:50,True,
534893779,1,2025-01-13 02:56:44,2025-01-13 02:56:44,2025-01-13 02:56:44,False,
201864289,1,2025-01-13 02:56:51,2025-01-13 02:56:51,2025-01-13 02:56:51,False,
473676692,2,2025-01-13 02:56:58,2025-01-13 02:56:58,2025-01-13 02:55:27,True,
109423636,1,2025-01-13 02:57:05,2025-01-13 02:57:05,2025-01-13 02:57:05,False,
208537149,1,2025-01-13 02:57:06,2025-01-13 02:57:06,2025-01-13 02:57:06,False,
234386130,1,2025-01-13 02:57:08,2025-01-13 02:57:08,2025-01-13 02:57:08,False,
25087975,17,2025-01-13 02:57:17,2025-01-13 02:57:17,2025-01-13 01:54:32,True,
13675693,2,2025-01-13 02:57:23,2025-01-13 02:57:23,2025-01-13 02:12:13,True,
475671481,2,2025-01-13 02:57:23,2025-01-13 02:57:23,2025-01-13 02:55:30,True,
491964279,4,2025-01-13 02:57:41,2025-01-13 02:57:41,2025-01-13 02:02:34,True,
556178978,1,2025-01-13 02:06:56,2025-01-13 02:06:56,2025-01-13 02:06:56,False,
147977024,1,2025-01-13 02:06:58,2025-01-13 02:06:58,2025-01-13 02:06:58,False,
440564320,1,2025-01-13 02:07:01,2025-01-13 02:07:01,2025-01-13 02:07:01,False,
662510476,1,2025-01-13 02:07:02,2025-01-13 02:07:02,2025-01-13 02:07:02,False,
263344289,2,2025-01-13 02:07:03,2025-01-13 02:07:03,2025-01-13 01:54:41,True,
384570570,1,2025-01-13 02:07:05,2025-01-13 02:07:05,2025-01-13 02:07:05,False,
665520986,1,2025-01-13 02:07:06,2025-01-13 02:07:06,2025-01-13 02:07:06,False,
665057089,1,2025-01-13 02:07:06,2025-01-13 02:07:06,2025-01-13 02:07:06,False,
23103843,1,2025-01-13 02:07:06,2025-01-13 02:07:06,2025-01-13 02:07:06,False,
530886788,1,2025-01-13 02:07:07,2025-01-13 02:07:07,2025-01-13 02:07:07,False,
427793331,1,2025-01-13 02:07:08,2025-01-13 02:07:08,2025-01-13 02:07:08,False,
380429632,1,2025-01-13 02:07:10,2025-01-13 02:07:10,2025-01-13 02:07:10,False,
419044560,1,2025-01-13 02:07:11,2025-01-13 02:07:11,2025-01-13 02:07:11,False,
329903996,1,2025-01-13 02:07:13,2025-01-13 02:07:13,2025-01-13 02:07:13,False,
226339313,1,2025-01-13 02:07:13,2025-01-13 02:07:13,2025-01-13 02:07:13,False,
308145585,1,2025-01-13 02:07:14,2025-01-13 02:07:14,2025-01-13 02:07:14,False,
274599012,1,2025-01-13 02:07:17,2025-01-13 02:07:17,2025-01-13 02:07:17,False,
65096237,1,2025-01-13 02:07:17,2025-01-13 02:07:17,2025-01-13 02:07:17,False,
149719030,1,2025-01-13 02:07:19,2025-01-13 02:07:19,2025-01-13 02:07:19,False,
323588415,1,2025-01-13 02:07:22,2025-01-13 02:07:22,2025-01-13 02:07:22,False,
236633446,1,2025-01-13 02:07:23,2025-01-13 02:07:23,2025-01-13 02:07:23,False,
135481429,1,2025-01-13 02:07:23,2025-01-13 02:07:23,2025-01-13 02:07:23,False,
107291237,1,2025-01-13 02:07:50,2025-01-13 02:07:50,2025-01-13 02:07:50,False,
262828951,1,2025-01-13 02:07:52,2025-01-13 02:07:52,2025-01-13 02:07:52,False,
234835187,1,2025-01-13 02:07:57,2025-01-13 02:07:57,2025-01-13 02:07:57,False,
116554837,1,2025-01-13 02:07:58,2025-01-13 02:07:58,2025-01-13 02:07:58,False,
55597690,1,2025-01-13 02:07:59,2025-01-13 02:07:59,2025-01-13 02:07:59,False,
221462012,1,2025-01-13 02:07:59,2025-01-13 02:07:59,2025-01-13 02:07:59,False,
422556183,1,2025-01-13 02:08:01,2025-01-13 02:08:01,2025-01-13 02:08:01,False,
499850744,1,2025-01-13 02:08:03,2025-01-13 02:08:03,2025-01-13 02:08:03,False,
176986182,1,2025-01-13 02:08:04,2025-01-13 02:08:04,2025-01-13 02:08:04,False,
232497028,1,2025-01-13 02:08:05,2025-01-13 02:08:05,2025-01-13 02:08:05,False,
158343441,1,2025-01-13 02:08:07,2025-01-13 02:08:07,2025-01-13 02:08:07,False,
69152415,1,2025-01-13 02:08:08,2025-01-13 02:08:08,2025-01-13 02:08:08,False,
499816935,1,2025-01-13 02:08:08,2025-01-13 02:08:08,2025-01-13 02:08:08,False,
116123036,1,2025-01-13 02:08:08,2025-01-13 02:08:08,2025-01-13 02:08:08,False,
190762057,1,2025-01-13 02:08:09,2025-01-13 02:08:09,2025-01-13 02:08:09,False,
308979138,1,2025-01-13 02:08:11,2025-01-13 02:08:11,2025-01-13 02:08:11,False,
542707216,1,2025-01-13 02:08:12,2025-01-13 02:08:12,2025-01-13 02:08:12,False,
383986002,1,2025-01-13 02:08:12,2025-01-13 02:08:12,2025-01-13 02:08:12,False,
155781633,1,2025-01-13 02:08:12,2025-01-13 02:08:12,2025-01-13 02:08:12,False,
95436178,1,2025-01-13 02:08:14,2025-01-13 02:08:14,2025-01-13 02:08:14,False,
297477604,1,2025-01-13 02:08:16,2025-01-13 02:08:16,2025-01-13 02:08:16,False,
82744182,1,2025-01-13 02:08:19,2025-01-13 02:08:19,2025-01-13 02:08:19,False,
565554149,1,2025-01-13 02:08:19,2025-01-13 02:08:19,2025-01-13 02:08:19,False,
391178457,1,2025-01-13 02:08:20,2025-01-13 02:08:20,2025-01-13 02:08:20,False,
291857415,1,2025-01-13 02:08:21,2025-01-13 02:08:21,2025-01-13 02:08:21,False,
667850179,1,2025-01-13 02:08:23,2025-01-13 02:08:23,2025-01-13 02:08:23,False,
366479318,1,2025-01-13 02:08:46,2025-01-13 02:08:46,2025-01-13 02:08:46,False,
371369304,1,2025-01-13 02:08:48,2025-01-13 02:08:48,2025-01-13 02:08:48,False,
229628180,1,2025-01-13 02:08:49,2025-01-13 02:08:49,2025-01-13 02:08:49,False,
429793695,1,2025-01-13 02:16:40,2025-01-13 02:16:40,2025-01-13 02:16:40,False,
263450199,1,2025-01-13 02:16:41,2025-01-13 02:16:41,2025-01-13 02:16:41,False,
170767051,1,2025-01-13 02:16:45,2025-01-13 02:16:45,2025-01-13 02:16:45,False,
184449418,1,2025-01-13 02:16:46,2025-01-13 02:16:46,2025-01-13 02:16:46,False,
163924292,1,2025-01-13 02:16:46,2025-01-13 02:16:46,2025-01-13 02:16:46,False,
406315466,1,2025-01-13 02:16:46,2025-01-13 02:16:46,2025-01-13 02:16:46,False,
32545062,1,2025-01-13 02:16:47,2025-01-13 02:16:47,2025-01-13 02:16:47,False,
334494635,1,2025-01-13 02:16:48,2025-01-13 02:16:48,2025-01-13 02:16:48,False,
326702962,1,2025-01-13 02:16:49,2025-01-13 02:16:49,2025-01-13 02:16:49,False,
471555016,1,2025-01-13 02:16:49,2025-01-13 02:16:49,2025-01-13 02:16:49,False,
359090709,1,2025-01-13 02:16:50,2025-01-13 02:16:50,2025-01-13 02:16:50,False,
106907642,1,2025-01-13 02:16:52,2025-01-13 02:16:52,2025-01-13 02:16:52,False,
182763921,1,2025-01-13 02:16:54,2025-01-13 02:16:54,2025-01-13 02:16:54,False,
160209386,1,2025-01-13 02:16:54,2025-01-13 02:16:54,2025-01-13 02:16:54,False,
366268208,1,2025-01-13 02:16:56,2025-01-13 02:16:56,2025-01-13 02:16:56,False,
467576319,1,2025-01-13 02:16:56,2025-01-13 02:16:56,2025-01-13 02:16:56,False,
53262728,1,2025-01-13 02:16:57,2025-01-13 02:16:57,2025-01-13 02:16:57,False,
657495061,2,2025-01-13 02:17:06,2025-01-13 02:17:06,2025-01-13 02:01:40,True,
300090828,1,2025-01-13 02:17:07,2025-01-13 02:17:07,2025-01-13 02:17:07,False,
158477705,1,2025-01-13 02:17:38,2025-01-13 02:17:38,2025-01-13 02:17:38,False,
438236484,1,2025-01-13 02:17:39,2025-01-13 02:17:39,2025-01-13 02:17:39,False,
174353142,1,2025-01-13 02:17:40,2025-01-13 02:17:40,2025-01-13 02:17:40,False,
28576616,1,2025-01-13 02:17:40,2025-01-13 02:17:40,2025-01-13 02:17:40,False,
486345878,1,2025-01-13 02:17:40,2025-01-13 02:17:40,2025-01-13 02:17:40,False,
61270790,1,2025-01-13 02:17:41,2025-01-13 02:17:41,2025-01-13 02:17:41,False,
667681508,1,2025-01-13 02:17:42,2025-01-13 02:17:42,2025-01-13 02:17:42,False,
388579140,1,2025-01-13 02:17:45,2025-01-13 02:17:45,2025-01-13 02:17:45,False,
487331432,1,2025-01-13 02:17:47,2025-01-13 02:17:47,2025-01-13 02:17:47,False,
595805143,1,2025-01-13 02:17:47,2025-01-13 02:17:47,2025-01-13 02:17:47,False,
547120374,1,2025-01-13 02:17:48,2025-01-13 02:17:48,2025-01-13 02:17:48,False,
654871080,2,2025-01-13 02:17:48,2025-01-13 02:17:48,2025-01-13 02:00:37,True,
243772935,1,2025-01-13 02:17:51,2025-01-13 02:17:51,2025-01-13 02:17:51,False,
554241687,1,2025-01-13 02:17:51,2025-01-13 02:17:51,2025-01-13 02:17:51,False,
249523967,1,2025-01-13 02:17:52,2025-01-13 02:17:52,2025-01-13 02:17:52,False,
162375131,1,2025-01-13 02:17:54,2025-01-13 02:17:54,2025-01-13 02:17:54,False,
228705143,1,2025-01-13 02:17:54,2025-01-13 02:17:54,2025-01-13 02:17:54,False,
173165778,1,2025-01-13 02:17:54,2025-01-13 02:17:54,2025-01-13 02:17:54,False,
462252591,1,2025-01-13 02:17:55,2025-01-13 02:17:55,2025-01-13 02:17:55,False,
487017309,1,2025-01-13 02:17:56,2025-01-13 02:17:56,2025-01-13 02:17:56,False,
411136113,1,2025-01-13 02:17:56,2025-01-13 02:17:56,2025-01-13 02:17:56,False,
431725917,1,2025-01-13 02:17:59,2025-01-13 02:17:59,2025-01-13 02:17:59,False,
93034042,1,2025-01-13 02:18:00,2025-01-13 02:18:00,2025-01-13 02:18:00,False,
592886127,1,2025-01-13 02:32:18,2025-01-13 02:32:18,2025-01-13 02:32:18,False,
465936331,1,2025-01-13 02:32:20,2025-01-13 02:32:20,2025-01-13 02:32:20,False,
235510737,1,2025-01-13 02:32:24,2025-01-13 02:32:24,2025-01-13 02:32:24,False,
71341696,1,2025-01-13 02:32:28,2025-01-13 02:32:28,2025-01-13 02:32:28,False,
206024183,1,2025-01-13 02:32:31,2025-01-13 02:32:31,2025-01-13 02:32:31,False,
170440405,3,2025-01-13 02:32:32,2025-01-13 02:32:32,2025-01-13 02:15:06,True,
171631709,2,2025-01-13 02:32:33,2025-01-13 02:32:33,2025-01-13 02:16:44,True,
668387829,1,2025-01-13 02:32:36,2025-01-13 02:32:36,2025-01-13 02:32:36,False,
549894408,1,2025-01-13 02:32:36,2025-01-13 02:32:36,2025-01-13 02:32:36,False,
155401291,1,2025-01-13 02:32:37,2025-01-13 02:32:37,2025-01-13 02:32:37,False,
279203508,1,2025-01-13 02:32:37,2025-01-13 02:32:37,2025-01-13 02:32:37,False,
571554300,1,2025-01-13 02:32:38,2025-01-13 02:32:38,2025-01-13 02:32:38,False,
666690695,1,2025-01-13 02:32:39,2025-01-13 02:32:39,2025-01-13 02:32:39,False,
481761205,1,2025-01-13 02:32:40,2025-01-13 02:32:40,2025-01-13 02:32:40,False,
294425007,1,2025-01-13 02:32:43,2025-01-13 02:32:43,2025-01-13 02:32:43,False,
40323622,1,2025-01-13 02:32:45,2025-01-13 02:32:45,2025-01-13 02:32:45,False,
511327694,2,2025-01-13 02:32:46,2025-01-13 02:32:46,2025-01-13 02:26:49,True,
41304732,1,2025-01-13 02:32:47,2025-01-13 02:32:47,2025-01-13 02:32:47,False,
89390768,2,2025-01-13 02:32:47,2025-01-13 02:32:47,2025-01-13 02:05:49,True,
152836334,1,2025-01-13 02:32:48,2025-01-13 02:32:48,2025-01-13 02:32:48,False,
196148459,2,2025-01-13 02:32:48,2025-01-13 02:32:48,2025-01-13 02:11:11,True,
136079481,1,2025-01-13 02:33:45,2025-01-13 02:33:45,2025-01-13 02:33:45,False,
245099122,2,2025-01-13 02:33:45,2025-01-13 02:33:45,2025-01-13 02:13:49,True,
369569262,1,2025-01-13 02:33:46,2025-01-13 02:33:46,2025-01-13 02:33:46,False,
537447268,1,2025-01-13 02:33:50,2025-01-13 02:33:50,2025-01-13 02:33:50,False,
107441214,1,2025-01-13 02:33:50,2025-01-13 02:33:50,2025-01-13 02:33:50,False,
535364923,1,2025-01-13 02:33:54,2025-01-13 02:33:54,2025-01-13 02:33:54,False,
52525604,2,2025-01-13 02:33:54,2025-01-13 02:33:54,2025-01-13 02:21:08,True,
125824389,1,2025-01-13 02:33:54,2025-01-13 02:33:54,2025-01-13 02:33:54,False,
427257613,2,2025-01-13 02:33:54,2025-01-13 02:33:54,2025-01-13 02:19:41,True,
454083931,1,2025-01-13 02:33:55,2025-01-13 02:33:55,2025-01-13 02:33:55,False,
375615711,1,2025-01-13 02:33:55,2025-01-13 02:33:55,2025-01-13 02:33:55,False,
477089238,3,2025-01-13 02:33:57,2025-01-13 02:33:57,2025-01-13 02:20:16,True,
545759490,1,2025-01-13 02:33:58,2025-01-13 02:33:58,2025-01-13 02:33:58,False,
194792368,6,2025-01-13 02:33:59,2025-01-13 02:33:59,2025-01-13 02:00:04,True,
483708697,1,2025-01-13 02:34:00,2025-01-13 02:34:00,2025-01-13 02:34:00,False,
140443383,1,2025-01-13 02:34:00,2025-01-13 02:34:00,2025-01-13 02:34:00,False,
326233746,1,2025-01-13 02:34:02,2025-01-13 02:34:02,2025-01-13 02:34:02,False,
490375097,1,2025-01-13 02:51:00,2025-01-13 02:51:00,2025-01-13 02:51:00,False,
314323322,1,2025-01-13 02:51:02,2025-01-13 02:51:02,2025-01-13 02:51:02,False,
381155155,1,2025-01-13 02:51:14,2025-01-13 02:51:14,2025-01-13 02:51:14,False,
443106950,1,2025-01-13 02:51:19,2025-01-13 02:51:19,2025-01-13 02:51:19,False,
172352844,1,2025-01-13 02:51:42,2025-01-13 02:51:42,2025-01-13 02:51:42,False,
305459227,1,2025-01-13 02:51:42,2025-01-13 02:51:42,2025-01-13 02:51:42,False,
151714702,2,2025-01-13 02:51:48,2025-01-13 02:51:48,2025-01-13 02:23:48,True,
165032197,2,2025-01-13 02:51:50,2025-01-13 02:51:50,2025-01-13 02:30:17,True,
119948570,1,2025-01-13 02:52:14,2025-01-13 02:52:14,2025-01-13 02:52:14,False,
429755156,1,2025-01-13 02:36:41,2025-01-13 02:36:41,2025-01-13 02:36:41,False,
493784281,6,2025-01-13 02:36:41,2025-01-13 02:36:41,2025-01-13 01:59:12,True,
556482237,1,2025-01-13 02:36:41,2025-01-13 02:36:41,2025-01-13 02:36:41,False,
586076959,1,2025-01-13 02:36:43,2025-01-13 02:36:43,2025-01-13 02:36:43,False,
314486988,2,2025-01-13 02:36:43,2025-01-13 02:36:43,2025-01-13 02:01:56,True,
597872958,1,2025-01-13 02:36:46,2025-01-13 02:36:46,2025-01-13 02:36:46,False,
504004972,1,2025-01-13 02:36:46,2025-01-13 02:36:46,2025-01-13 02:36:46,False,
564178050,1,2025-01-13 02:36:46,2025-01-13 02:36:46,2025-01-13 02:36:46,False,
29542904,2,2025-01-13 02:36:47,2025-01-13 02:36:47,2025-01-13 02:03:36,True,
320802542,1,2025-01-13 02:36:47,2025-01-13 02:36:47,2025-01-13 02:36:47,False,
369855154,1,2025-01-13 02:36:48,2025-01-13 02:36:48,2025-01-13 02:36:48,False,
669525346,1,2025-01-13 02:36:49,2025-01-13 02:36:49,2025-01-13 02:36:49,False,
498206504,1,2025-01-13 02:36:52,2025-01-13 02:36:52,2025-01-13 02:36:52,False,
551866969,1,2025-01-13 02:36:55,2025-01-13 02:36:55,2025-01-13 02:36:55,False,
106958083,2,2025-01-13 02:36:56,2025-01-13 02:36:56,2025-01-13 02:34:56,True,
384143262,2,2025-01-13 02:36:56,2025-01-13 02:36:56,2025-01-13 02:36:25,True,
105561896,2,2025-01-13 02:36:56,2025-01-13 02:36:56,2025-01-13 01:58:54,True,
163037735,1,2025-01-13 02:36:58,2025-01-13 02:36:58,2025-01-13 02:36:58,False,
101612155,2,2025-01-13 02:36:59,2025-01-13 02:36:59,2025-01-13 02:03:52,True,
593319778,1,2025-01-13 02:37:00,2025-01-13 02:37:00,2025-01-13 02:37:00,False,
575812087,1,2025-01-13 02:37:00,2025-01-13 02:37:00,2025-01-13 02:37:00,False,
141152570,1,2025-01-13 02:37:00,2025-01-13 02:37:00,2025-01-13 02:37:00,False,
157917672,1,2025-01-13 02:37:02,2025-01-13 02:37:02,2025-01-13 02:37:02,False,
84154181,1,2025-01-13 02:37:03,2025-01-13 02:37:03,2025-01-13 02:37:03,False,
165252580,1,2025-01-13 02:37:03,2025-01-13 02:37:03,2025-01-13 02:37:03,False,
668061180,1,2025-01-13 02:37:04,2025-01-13 02:37:04,2025-01-13 02:37:04,False,
148119460,1,2025-01-13 02:41:48,2025-01-13 02:41:48,2025-01-13 02:41:48,False,
523956382,1,2025-01-13 02:41:49,2025-01-13 02:41:49,2025-01-13 02:41:49,False,
319889225,1,2025-01-13 02:41:53,2025-01-13 02:41:53,2025-01-13 02:41:53,False,
151161136,5,2025-01-13 02:41:53,2025-01-13 02:41:53,2025-01-13 02:08:16,True,
349657300,1,2025-01-13 02:41:55,2025-01-13 02:41:55,2025-01-13 02:41:55,False,
199286942,1,2025-01-13 02:19:22,2025-01-13 02:19:22,2025-01-13 02:19:22,False,
11275759,1,2025-01-13 02:19:24,2025-01-13 02:19:24,2025-01-13 02:19:24,False,
13485904,1,2025-01-13 02:19:24,2025-01-13 02:19:24,2025-01-13 02:19:24,False,
158609153,1,2025-01-13 02:19:24,2025-01-13 02:19:24,2025-01-13 02:19:24,False,
596775682,1,2025-01-13 02:19:27,2025-01-13 02:19:27,2025-01-13 02:19:27,False,
662260185,1,2025-01-13 02:20:53,2025-01-13 02:20:53,2025-01-13 02:20:53,False,
22334513,1,2025-01-13 02:20:53,2025-01-13 02:20:53,2025-01-13 02:20:53,False,
323705482,2,2025-01-13 02:20:53,2025-01-13 02:20:53,2025-01-13 02:04:00,True,
245542902,1,2025-01-13 02:20:54,2025-01-13 02:20:54,2025-01-13 02:20:54,False,
555702334,1,2025-01-13 02:20:54,2025-01-13 02:20:54,2025-01-13 02:20:54,False,
398356920,1,2025-01-13 02:20:59,2025-01-13 02:20:59,2025-01-13 02:20:59,False,
485070900,1,2025-01-13 02:21:01,2025-01-13 02:21:01,2025-01-13 02:21:01,False,
475336436,1,2025-01-13 02:21:02,2025-01-13 02:21:02,2025-01-13 02:21:02,False,
158602376,1,2025-01-13 02:21:04,2025-01-13 02:21:04,2025-01-13 02:21:04,False,
433996802,1,2025-01-13 02:21:04,2025-01-13 02:21:04,2025-01-13 02:21:04,False,
667510099,1,2025-01-13 02:21:05,2025-01-13 02:21:05,2025-01-13 02:21:05,False,
321845995,1,2025-01-13 02:21:06,2025-01-13 02:21:06,2025-01-13 02:21:06,False,
543173853,1,2025-01-13 02:21:10,2025-01-13 02:21:10,2025-01-13 02:21:10,False,
522224494,1,2025-01-13 02:21:13,2025-01-13 02:21:13,2025-01-13 02:21:13,False,
103095966,1,2025-01-13 02:21:15,2025-01-13 02:21:15,2025-01-13 02:21:15,False,
133147476,1,2025-01-13 02:21:16,2025-01-13 02:21:16,2025-01-13 02:21:16,False,
495867378,2,2025-01-13 02:21:16,2025-01-13 02:21:16,2025-01-13 02:16:45,True,
662874216,1,2025-01-13 02:21:18,2025-01-13 02:21:18,2025-01-13 02:21:18,False,
497416968,1,2025-01-13 02:21:20,2025-01-13 02:21:20,2025-01-13 02:21:20,False,
225964047,1,2025-01-13 02:18:03,2025-01-13 02:18:03,2025-01-13 02:18:03,False,
535478340,1,2025-01-13 02:18:05,2025-01-13 02:18:05,2025-01-13 02:18:05,False,
94093391,1,2025-01-13 02:18:05,2025-01-13 02:18:05,2025-01-13 02:18:05,False,
541159966,1,2025-01-13 02:18:07,2025-01-13 02:18:07,2025-01-13 02:18:07,False,
324421148,1,2025-01-13 02:18:07,2025-01-13 02:18:07,2025-01-13 02:18:07,False,
538576718,2,2025-01-13 02:18:08,2025-01-13 02:18:08,2025-01-13 02:13:56,True,
183738964,1,2025-01-13 02:18:10,2025-01-13 02:18:10,2025-01-13 02:18:10,False,
509964851,1,2025-01-13 02:18:12,2025-01-13 02:18:12,2025-01-13 02:18:12,False,
545627611,1,2025-01-13 02:18:15,2025-01-13 02:18:15,2025-01-13 02:18:15,False,
233823878,1,2025-01-13 02:18:16,2025-01-13 02:18:16,2025-01-13 02:18:16,False,
552601061,1,2025-01-13 02:18:16,2025-01-13 02:18:16,2025-01-13 02:18:16,False,
502160152,1,2025-01-13 02:18:20,2025-01-13 02:18:20,2025-01-13 02:18:20,False,
150342406,1,2025-01-13 02:18:21,2025-01-13 02:18:21,2025-01-13 02:18:21,False,
421850225,1,2025-01-13 02:18:21,2025-01-13 02:18:21,2025-01-13 02:18:21,False,
287758125,1,2025-01-13 02:18:22,2025-01-13 02:18:22,2025-01-13 02:18:22,False,
40728055,1,2025-01-13 02:18:22,2025-01-13 02:18:22,2025-01-13 02:18:22,False,
99823795,2,2025-01-13 02:18:24,2025-01-13 02:18:24,2025-01-13 02:15:08,True,
393187422,1,2025-01-13 02:18:25,2025-01-13 02:18:25,2025-01-13 02:18:25,False,
149736648,1,2025-01-13 02:18:26,2025-01-13 02:18:26,2025-01-13 02:18:26,False,
540209693,1,2025-01-13 02:18:26,2025-01-13 02:18:26,2025-01-13 02:18:26,False,
196896931,1,2025-01-13 02:18:27,2025-01-13 02:18:27,2025-01-13 02:18:27,False,
293085717,1,2025-01-13 02:18:28,2025-01-13 02:18:28,2025-01-13 02:18:28,False,
462275890,1,2025-01-13 02:18:32,2025-01-13 02:18:32,2025-01-13 02:18:32,False,
169364884,1,2025-01-13 02:19:05,2025-01-13 02:19:05,2025-01-13 02:19:05,False,
407257231,1,2025-01-13 02:19:07,2025-01-13 02:19:07,2025-01-13 02:19:07,False,
263236296,1,2025-01-13 02:19:07,2025-01-13 02:19:07,2025-01-13 02:19:07,False,
230148203,1,2025-01-13 02:19:08,2025-01-13 02:19:08,2025-01-13 02:19:08,False,
588690469,1,2025-01-13 02:19:08,2025-01-13 02:19:08,2025-01-13 02:19:08,False,
23497844,1,2025-01-13 02:19:09,2025-01-13 02:19:09,2025-01-13 02:19:09,False,
16624550,1,2025-01-13 02:19:09,2025-01-13 02:19:09,2025-01-13 02:19:09,False,
18104687,1,2025-01-13 02:19:11,2025-01-13 02:19:11,2025-01-13 02:19:11,False,
424069358,1,2025-01-13 02:19:14,2025-01-13 02:19:14,2025-01-13 02:19:14,False,
56904992,3,2025-01-13 02:19:15,2025-01-13 02:19:15,2025-01-13 02:12:25,True,
341129883,1,2025-01-13 02:19:15,2025-01-13 02:19:15,2025-01-13 02:19:15,False,
73239240,1,2025-01-13 02:19:15,2025-01-13 02:19:15,2025-01-13 02:19:15,False,
18833195,1,2025-01-13 02:19:16,2025-01-13 02:19:16,2025-01-13 02:19:16,False,
435177926,1,2025-01-13 02:19:18,2025-01-13 02:19:18,2025-01-13 02:19:18,False,
513264769,2,2025-01-13 02:34:03,2025-01-13 02:34:03,2025-01-13 02:21:47,True,
233036522,1,2025-01-13 02:34:03,2025-01-13 02:34:03,2025-01-13 02:34:03,False,
429578131,1,2025-01-13 02:34:04,2025-01-13 02:34:04,2025-01-13 02:34:04,False,
185611592,1,2025-01-13 02:34:04,2025-01-13 02:34:04,2025-01-13 02:34:04,False,
232385898,1,2025-01-13 02:34:06,2025-01-13 02:34:06,2025-01-13 02:34:06,False,
211198643,3,2025-01-13 02:34:06,2025-01-13 02:34:06,2025-01-13 02:00:32,True,
661967771,1,2025-01-13 02:34:07,2025-01-13 02:34:07,2025-01-13 02:34:07,False,
228954970,1,2025-01-13 02:34:08,2025-01-13 02:34:08,2025-01-13 02:34:08,False,
493048889,1,2025-01-13 02:34:09,2025-01-13 02:34:09,2025-01-13 02:34:09,False,
131466104,1,2025-01-13 02:34:11,2025-01-13 02:34:11,2025-01-13 02:34:11,False,
480087454,1,2025-01-13 02:34:13,2025-01-13 02:34:13,2025-01-13 02:34:13,False,
125337984,1,2025-01-13 02:34:13,2025-01-13 02:34:13,2025-01-13 02:34:13,False,
35023031,2,2025-01-13 02:34:41,2025-01-13 02:34:41,2025-01-13 02:03:13,True,
452740822,1,2025-01-13 02:34:42,2025-01-13 02:34:42,2025-01-13 02:34:42,False,
120239479,1,2025-01-13 02:34:42,2025-01-13 02:34:42,2025-01-13 02:34:42,False,
241110689,1,2025-01-13 02:34:45,2025-01-13 02:34:45,2025-01-13 02:34:45,False,
447598338,1,2025-01-13 02:34:49,2025-01-13 02:34:49,2025-01-13 02:34:49,False,
526150243,1,2025-01-13 02:34:49,2025-01-13 02:34:49,2025-01-13 02:34:49,False,
563141044,1,2025-01-13 02:34:50,2025-01-13 02:34:50,2025-01-13 02:34:50,False,
13830974,1,2025-01-13 02:34:51,2025-01-13 02:34:51,2025-01-13 02:34:51,False,
326669607,1,2025-01-13 02:34:53,2025-01-13 02:34:53,2025-01-13 02:34:53,False,
551446004,1,2025-01-13 02:34:55,2025-01-13 02:34:55,2025-01-13 02:34:55,False,
435722159,1,2025-01-13 02:34:55,2025-01-13 02:34:55,2025-01-13 02:34:55,False,
549618829,1,2025-01-13 02:34:56,2025-01-13 02:34:56,2025-01-13 02:34:56,False,
235171870,1,2025-01-13 02:34:59,2025-01-13 02:34:59,2025-01-13 02:34:59,False,
506292189,1,2025-01-13 02:35:02,2025-01-13 02:35:02,2025-01-13 02:35:02,False,
12495996,1,2025-01-13 02:35:02,2025-01-13 02:35:02,2025-01-13 02:35:02,False,
107248804,1,2025-01-13 02:35:05,2025-01-13 02:35:05,2025-01-13 02:35:05,False,
420310155,1,2025-01-13 02:35:05,2025-01-13 02:35:05,2025-01-13 02:35:05,False,
598548788,1,2025-01-13 02:35:07,2025-01-13 02:35:07,2025-01-13 02:35:07,False,
537010795,1,2025-01-13 02:35:07,2025-01-13 02:35:07,2025-01-13 02:35:07,False,
657527113,1,2025-01-13 02:35:07,2025-01-13 02:35:07,2025-01-13 02:35:07,False,
452878441,1,2025-01-13 02:36:35,2025-01-13 02:36:35,2025-01-13 02:36:35,False,
661202841,1,2025-01-13 02:36:36,2025-01-13 02:36:36,2025-01-13 02:36:36,False,
162515735,1,2025-01-13 02:36:38,2025-01-13 02:36:38,2025-01-13 02:36:38,False,
440313242,1,2025-01-13 02:36:39,2025-01-13 02:36:39,2025-01-13 02:36:39,False,
407863529,1,2025-01-13 02:36:40,2025-01-13 02:36:40,2025-01-13 02:36:40,False,
88356886,1,2025-01-13 02:10:34,2025-01-13 02:10:34,2025-01-13 02:10:34,False,
438960914,1,2025-01-13 02:10:34,2025-01-13 02:10:34,2025-01-13 02:10:34,False,
489198881,1,2025-01-13 02:10:34,2025-01-13 02:10:34,2025-01-13 02:10:34,False,
112244523,1,2025-01-13 02:10:35,2025-01-13 02:10:35,2025-01-13 02:10:35,False,
151279792,2,2025-01-13 02:14:18,2025-01-13 02:14:18,2025-01-13 02:05:56,True,
431113548,1,2025-01-13 02:14:23,2025-01-13 02:14:23,2025-01-13 02:14:23,False,
587657794,1,2025-01-13 02:14:24,2025-01-13 02:14:24,2025-01-13 02:14:24,False,
459954966,1,2025-01-13 02:14:28,2025-01-13 02:14:28,2025-01-13 02:14:28,False,
256850283,1,2025-01-13 02:14:28,2025-01-13 02:14:28,2025-01-13 02:14:28,False,
170775875,1,2025-01-13 02:14:30,2025-01-13 02:14:30,2025-01-13 02:14:30,False,
83604067,1,2025-01-13 02:14:30,2025-01-13 02:14:30,2025-01-13 02:14:30,False,
428009359,1,2025-01-13 02:14:30,2025-01-13 02:14:30,2025-01-13 02:14:30,False,
401278899,1,2025-01-13 02:14:31,2025-01-13 02:14:31,2025-01-13 02:14:31,False,
226884521,1,2025-01-13 02:14:33,2025-01-13 02:14:33,2025-01-13 02:14:33,False,
430231263,1,2025-01-13 02:14:33,2025-01-13 02:14:33,2025-01-13 02:14:33,False,
325211040,1,2025-01-13 02:14:33,2025-01-13 02:14:33,2025-01-13 02:14:33,False,
580911640,1,2025-01-13 02:14:34,2025-01-13 02:14:34,2025-01-13 02:14:34,False,
127864271,1,2025-01-13 02:14:37,2025-01-13 02:14:37,2025-01-13 02:14:37,False,
157834736,1,2025-01-13 02:14:42,2025-01-13 02:14:42,2025-01-13 02:14:42,False,
115337089,3,2025-01-13 02:14:44,2025-01-13 02:14:44,2025-01-13 02:05:12,True,
133647571,1,2025-01-13 02:14:44,2025-01-13 02:14:44,2025-01-13 02:14:44,False,
654856152,1,2025-01-13 02:14:44,2025-01-13 02:14:44,2025-01-13 02:14:44,False,
236747488,1,2025-01-13 02:14:47,2025-01-13 02:14:47,2025-01-13 02:14:47,False,
3773012,1,2025-01-13 02:14:47,2025-01-13 02:14:47,2025-01-13 02:14:47,False,
147956363,1,2025-01-13 02:15:13,2025-01-13 02:15:13,2025-01-13 02:15:13,False,
175948630,1,2025-01-13 02:15:14,2025-01-13 02:15:14,2025-01-13 02:15:14,False,
426267990,1,2025-01-13 02:15:17,2025-01-13 02:15:17,2025-01-13 02:15:17,False,
662132844,1,2025-01-13 02:15:21,2025-01-13 02:15:21,2025-01-13 02:15:21,False,
262658644,1,2025-01-13 02:15:22,2025-01-13 02:15:22,2025-01-13 02:15:22,False,
300788626,1,2025-01-13 02:15:22,2025-01-13 02:15:22,2025-01-13 02:15:22,False,
667270933,1,2025-01-13 02:15:24,2025-01-13 02:15:24,2025-01-13 02:15:24,False,
207068856,1,2025-01-13 02:15:24,2025-01-13 02:15:24,2025-01-13 02:15:24,False,
554665886,1,2025-01-13 02:15:25,2025-01-13 02:15:25,2025-01-13 02:15:25,False,
230106856,1,2025-01-13 02:15:27,2025-01-13 02:15:27,2025-01-13 02:15:27,False,
85844742,1,2025-01-13 02:15:28,2025-01-13 02:15:28,2025-01-13 02:15:28,False,
504433797,1,2025-01-13 02:15:29,2025-01-13 02:15:29,2025-01-13 02:15:29,False,
438533025,1,2025-01-13 02:15:29,2025-01-13 02:15:29,2025-01-13 02:15:29,False,
651735953,1,2025-01-13 02:15:30,2025-01-13 02:15:30,2025-01-13 02:15:30,False,
433470454,1,2025-01-13 02:15:32,2025-01-13 02:15:32,2025-01-13 02:15:32,False,
561387062,1,2025-01-13 02:15:34,2025-01-13 02:15:34,2025-01-13 02:15:34,False,
222631895,1,2025-01-13 02:15:34,2025-01-13 02:15:34,2025-01-13 02:15:34,False,
171628825,1,2025-01-13 02:15:35,2025-01-13 02:15:35,2025-01-13 02:15:35,False,
438294546,1,2025-01-13 02:15:35,2025-01-13 02:15:35,2025-01-13 02:15:35,False,
301703223,2,2025-01-13 02:15:37,2025-01-13 02:15:37,2025-01-13 02:02:27,True,
56472082,1,2025-01-13 02:15:38,2025-01-13 02:15:38,2025-01-13 02:15:38,False,
307961896,1,2025-01-13 02:45:24,2025-01-13 02:45:24,2025-01-13 02:45:24,False,
391427706,1,2025-01-13 02:45:25,2025-01-13 02:45:25,2025-01-13 02:45:25,False,
87109099,1,2025-01-13 02:45:28,2025-01-13 02:45:28,2025-01-13 02:45:28,False,
175710937,4,2025-01-13 02:45:30,2025-01-13 02:45:30,2025-01-13 01:58:53,True,
660732563,1,2025-01-13 02:45:31,2025-01-13 02:45:31,2025-01-13 02:45:31,False,
139474155,1,2025-01-13 02:45:31,2025-01-13 02:45:31,2025-01-13 02:45:31,False,
63860112,1,2025-01-13 02:45:32,2025-01-13 02:45:32,2025-01-13 02:45:32,False,
491458280,4,2025-01-13 02:45:32,2025-01-13 02:45:32,2025-01-13 02:11:13,True,
152518192,1,2025-01-13 02:45:32,2025-01-13 02:45:32,2025-01-13 02:45:32,False,
263755589,1,2025-01-13 02:45:33,2025-01-13 02:45:33,2025-01-13 02:45:33,False,
131818585,1,2025-01-13 02:45:35,2025-01-13 02:45:35,2025-01-13 02:45:35,False,
415730130,1,2025-01-13 02:45:35,2025-01-13 02:45:35,2025-01-13 02:45:35,False,
177501787,1,2025-01-13 02:45:37,2025-01-13 02:45:37,2025-01-13 02:45:37,False,
515187929,2,2025-01-13 02:45:37,2025-01-13 02:45:37,2025-01-13 02:27:07,True,
83542300,1,2025-01-13 02:45:37,2025-01-13 02:45:37,2025-01-13 02:45:37,False,
527469085,1,2025-01-13 02:45:39,2025-01-13 02:45:39,2025-01-13 02:45:39,False,
540524272,1,2025-01-13 02:45:40,2025-01-13 02:45:40,2025-01-13 02:45:40,False,
472414791,1,2025-01-13 02:45:41,2025-01-13 02:45:41,2025-01-13 02:45:41,False,
552105336,3,2025-01-13 02:45:42,2025-01-13 02:45:42,2025-01-13 02:09:17,True,
228737392,2,2025-01-13 02:45:44,2025-01-13 02:45:44,2025-01-13 02:22:23,True,
100747811,3,2025-01-13 02:45:44,2025-01-13 02:45:44,2025-01-13 02:17:07,True,
367477498,5,2025-01-13 02:45:48,2025-01-13 02:45:48,2025-01-13 02:18:07,True,
280009660,1,2025-01-13 02:45:53,2025-01-13 02:45:53,2025-01-13 02:45:53,False,
7932101,1,2025-01-13 02:45:54,2025-01-13 02:45:54,2025-01-13 02:45:54,False,
378896003,2,2025-01-13 02:45:55,2025-01-13 02:45:55,2025-01-13 02:15:43,True,
428394737,1,2025-01-13 02:45:57,2025-01-13 02:45:57,2025-01-13 02:45:57,False,
422667807,1,2025-01-13 02:45:57,2025-01-13 02:45:57,2025-01-13 02:45:57,False,
107697812,2,2025-01-13 02:45:58,2025-01-13 02:45:58,2025-01-13 02:00:48,True,
426809635,1,2025-01-13 02:46:00,2025-01-13 02:46:00,2025-01-13 02:46:00,False,
45671121,1,2025-01-13 02:46:02,2025-01-13 02:46:02,2025-01-13 02:46:02,False,
399231387,1,2025-01-13 02:46:04,2025-01-13 02:46:04,2025-01-13 02:46:04,False,
327738954,1,2025-01-13 02:46:04,2025-01-13 02:46:04,2025-01-13 02:46:04,False,
17692445,1,2025-01-13 02:46:05,2025-01-13 02:46:05,2025-01-13 02:46:05,False,
661146047,4,2025-01-13 02:46:08,2025-01-13 02:46:08,2025-01-13 01:59:57,True,
376546706,1,2025-01-13 02:47:04,2025-01-13 02:47:04,2025-01-13 02:47:04,False,
186109158,3,2025-01-13 02:47:05,2025-01-13 02:47:05,2025-01-13 01:55:14,True,
275635094,1,2025-01-13 02:47:06,2025-01-13 02:47:06,2025-01-13 02:47:06,False,
665560632,1,2025-01-13 02:47:07,2025-01-13 02:47:07,2025-01-13 02:47:07,False,
137858264,1,2025-01-13 02:47:07,2025-01-13 02:47:07,2025-01-13 02:47:07,False,
103411225,1,2025-01-13 02:47:07,2025-01-13 02:47:07,2025-01-13 02:47:07,False,
177393041,4,2025-01-13 02:47:09,2025-01-13 02:47:09,2025-01-13 01:54:49,True,
227167421,1,2025-01-13 02:15:40,2025-01-13 02:15:40,2025-01-13 02:15:40,False,
389308484,1,2025-01-13 02:15:40,2025-01-13 02:15:40,2025-01-13 02:15:40,False,
416060600,1,2025-01-13 02:15:41,2025-01-13 02:15:41,2025-01-13 02:15:41,False,
170451131,1,2025-01-13 02:15:45,2025-01-13 02:15:45,2025-01-13 02:15:45,False,
554945356,1,2025-01-13 02:15:45,2025-01-13 02:15:45,2025-01-13 02:15:45,False,
237311439,1,2025-01-13 02:15:45,2025-01-13 02:15:45,2025-01-13 02:15:45,False,
23486023,1,2025-01-13 02:15:46,2025-01-13 02:15:46,2025-01-13 02:15:46,False,
232745269,1,2025-01-13 02:15:47,2025-01-13 02:15:47,2025-01-13 02:15:47,False,
385026910,1,2025-01-13 02:15:49,2025-01-13 02:15:49,2025-01-13 02:15:49,False,
495550080,1,2025-01-13 02:15:50,2025-01-13 02:15:50,2025-01-13 02:15:50,False,
96018285,1,2025-01-13 02:15:50,2025-01-13 02:15:50,2025-01-13 02:15:50,False,
238467734,1,2025-01-13 02:15:52,2025-01-13 02:15:52,2025-01-13 02:15:52,False,
662220967,1,2025-01-13 02:15:54,2025-01-13 02:15:54,2025-01-13 02:15:54,False,
226895782,1,2025-01-13 02:15:57,2025-01-13 02:15:57,2025-01-13 02:15:57,False,
244978209,1,2025-01-13 02:15:57,2025-01-13 02:15:57,2025-01-13 02:15:57,False,
229738159,2,2025-01-13 02:41:57,2025-01-13 02:41:57,2025-01-13 01:57:31,True,
365165683,1,2025-01-13 02:41:58,2025-01-13 02:41:58,2025-01-13 02:41:58,False,
382654895,3,2025-01-13 02:41:59,2025-01-13 02:41:59,2025-01-13 02:16:07,True,
20366219,1,2025-01-13 02:42:01,2025-01-13 02:42:01,2025-01-13 02:42:01,False,
568697943,1,2025-01-13 02:42:01,2025-01-13 02:42:01,2025-01-13 02:42:01,False,
532186286,1,2025-01-13 02:42:01,2025-01-13 02:42:01,2025-01-13 02:42:01,False,
233212126,1,2025-01-13 02:42:01,2025-01-13 02:42:01,2025-01-13 02:42:01,False,
16105306,2,2025-01-13 02:42:03,2025-01-13 02:42:03,2025-01-13 02:01:17,True,
538829706,1,2025-01-13 02:42:06,2025-01-13 02:42:06,2025-01-13 02:42:06,False,
107753235,1,2025-01-13 02:42:06,2025-01-13 02:42:06,2025-01-13 02:42:06,False,
655451733,1,2025-01-13 02:42:07,2025-01-13 02:42:07,2025-01-13 02:42:07,False,
482320632,1,2025-01-13 02:42:08,2025-01-13 02:42:08,2025-01-13 02:42:08,False,
295108642,1,2025-01-13 02:42:08,2025-01-13 02:42:08,2025-01-13 02:42:08,False,
190172658,1,2025-01-13 02:42:11,2025-01-13 02:42:11,2025-01-13 02:42:11,False,
105698234,1,2025-01-13 02:42:11,2025-01-13 02:42:11,2025-01-13 02:42:11,False,
321462557,1,2025-01-13 02:42:11,2025-01-13 02:42:11,2025-01-13 02:42:11,False,
147375383,1,2025-01-13 02:42:12,2025-01-13 02:42:12,2025-01-13 02:42:12,False,
215406852,1,2025-01-13 02:42:13,2025-01-13 02:42:13,2025-01-13 02:42:13,False,
181283786,1,2025-01-13 02:42:13,2025-01-13 02:42:13,2025-01-13 02:42:13,False,
294279805,1,2025-01-13 02:42:16,2025-01-13 02:42:16,2025-01-13 02:42:16,False,
278901567,2,2025-01-13 02:42:24,2025-01-13 02:42:24,2025-01-13 02:02:24,True,
667605343,1,2025-01-13 02:42:26,2025-01-13 02:42:26,2025-01-13 02:42:26,False,
547013980,1,2025-01-13 02:42:26,2025-01-13 02:42:26,2025-01-13 02:42:26,False,
371424235,2,2025-01-13 02:42:30,2025-01-13 02:42:30,2025-01-13 02:21:05,True,
382976439,1,2025-01-13 02:42:30,2025-01-13 02:42:30,2025-01-13 02:42:30,False,
669305103,1,2025-01-13 02:42:31,2025-01-13 02:42:31,2025-01-13 02:42:31,False,
547952997,1,2025-01-13 02:42:33,2025-01-13 02:42:33,2025-01-13 02:42:33,False,
246761770,2,2025-01-13 02:42:34,2025-01-13 02:42:34,2025-01-13 02:30:37,True,
381606331,1,2025-01-13 02:42:34,2025-01-13 02:42:34,2025-01-13 02:42:34,False,
564530653,1,2025-01-13 02:42:34,2025-01-13 02:42:34,2025-01-13 02:42:34,False,
128770488,2,2025-01-13 02:42:35,2025-01-13 02:42:35,2025-01-13 02:36:28,True,
286906295,1,2025-01-13 02:42:35,2025-01-13 02:42:35,2025-01-13 02:42:35,False,
559455555,1,2025-01-13 02:42:35,2025-01-13 02:42:35,2025-01-13 02:42:35,False,
536004494,1,2025-01-13 02:42:37,2025-01-13 02:42:37,2025-01-13 02:42:37,False,
94785537,1,2025-01-13 02:42:37,2025-01-13 02:42:37,2025-01-13 02:42:37,False,
38708367,2,2025-01-13 02:42:37,2025-01-13 02:42:37,2025-01-13 02:26:53,True,
245132330,1,2025-01-13 02:42:38,2025-01-13 02:42:38,2025-01-13 02:42:38,False,
579913957,1,2025-01-13 02:42:38,2025-01-13 02:42:38,2025-01-13 02:42:38,False,
299606237,1,2025-01-13 02:42:39,2025-01-13 02:42:39,2025-01-13 02:42:39,False,
161767416,1,2025-01-13 02:42:41,2025-01-13 02:42:41,2025-01-13 02:42:41,False,
239484039,1,2025-01-13 02:42:44,2025-01-13 02:42:44,2025-01-13 02:42:44,False,
436682532,2,2025-01-13 02:42:46,2025-01-13 02:42:46,2025-01-13 01:59:44,True,
251122607,1,2025-01-13 02:43:36,2025-01-13 02:43:36,2025-01-13 02:43:36,False,
227612174,1,2025-01-13 02:43:39,2025-01-13 02:43:39,2025-01-13 02:43:39,False,
106820527,1,2025-01-13 02:43:40,2025-01-13 02:43:40,2025-01-13 02:43:40,False,
152170176,1,2025-01-13 02:43:44,2025-01-13 02:43:44,2025-01-13 02:43:44,False,
661009718,3,2025-01-13 02:43:44,2025-01-13 02:43:44,2025-01-13 02:21:42,True,
153043758,1,2025-01-13 02:43:46,2025-01-13 02:43:46,2025-01-13 02:43:46,False,
111995006,1,2025-01-13 02:43:46,2025-01-13 02:43:46,2025-01-13 02:43:46,False,
466096049,1,2025-01-13 02:43:48,2025-01-13 02:43:48,2025-01-13 02:43:48,False,
554715462,2,2025-01-13 02:43:48,2025-01-13 02:43:48,2025-01-13 02:14:52,True,
492846054,1,2025-01-13 02:43:48,2025-01-13 02:43:48,2025-01-13 02:43:48,False,
109184469,1,2025-01-13 02:43:51,2025-01-13 02:43:51,2025-01-13 02:43:51,False,
564513783,1,2025-01-13 02:43:51,2025-01-13 02:43:51,2025-01-13 02:43:51,False,
203365259,1,2025-01-13 02:43:52,2025-01-13 02:43:52,2025-01-13 02:43:52,False,
339844922,1,2025-01-13 02:43:52,2025-01-13 02:43:52,2025-01-13 02:43:52,False,
654152251,1,2025-01-13 02:43:53,2025-01-13 02:43:53,2025-01-13 02:43:53,False,
235012783,1,2025-01-13 02:43:53,2025-01-13 02:43:53,2025-01-13 02:43:53,False,
91326176,1,2025-01-13 02:43:54,2025-01-13 02:43:54,2025-01-13 02:43:54,False,
225143660,4,2025-01-13 02:43:55,2025-01-13 02:43:55,2025-01-13 02:00:28,True,
663585391,1,2025-01-13 02:43:56,2025-01-13 02:43:56,2025-01-13 02:43:56,False,
358696096,1,2025-01-13 02:44:01,2025-01-13 02:44:01,2025-01-13 02:44:01,False,
285615748,1,2025-01-13 02:44:02,2025-01-13 02:44:02,2025-01-13 02:44:02,False,
537106601,1,2025-01-13 02:44:03,2025-01-13 02:44:03,2025-01-13 02:44:03,False,
244534705,1,2025-01-13 02:44:06,2025-01-13 02:44:06,2025-01-13 02:44:06,False,
112626821,1,2025-01-13 02:44:06,2025-01-13 02:44:06,2025-01-13 02:44:06,False,
323789095,2,2025-01-13 02:44:08,2025-01-13 02:44:08,2025-01-13 01:59:55,True,
539737694,1,2025-01-13 02:44:09,2025-01-13 02:44:09,2025-01-13 02:44:09,False,
303262564,1,2025-01-13 02:16:00,2025-01-13 02:16:00,2025-01-13 02:16:00,False,
13438026,3,2025-01-13 02:16:00,2025-01-13 02:16:00,2025-01-13 02:08:24,True,
652763358,1,2025-01-13 02:16:00,2025-01-13 02:16:00,2025-01-13 02:16:00,False,
319874387,1,2025-01-13 02:16:01,2025-01-13 02:16:01,2025-01-13 02:16:01,False,
40710259,1,2025-01-13 02:16:01,2025-01-13 02:16:01,2025-01-13 02:16:01,False,
562693686,2,2025-01-13 02:16:01,2025-01-13 02:16:01,2025-01-13 01:59:26,True,
381366415,2,2025-01-13 02:16:01,2025-01-13 02:16:01,2025-01-13 02:15:38,True,
110694444,1,2025-01-13 02:16:02,2025-01-13 02:16:02,2025-01-13 02:16:02,False,
441188454,1,2025-01-13 02:16:04,2025-01-13 02:16:04,2025-01-13 02:16:04,False,
221607457,1,2025-01-13 02:16:05,2025-01-13 02:16:05,2025-01-13 02:16:05,False,
104554119,1,2025-01-13 02:16:05,2025-01-13 02:16:05,2025-01-13 02:16:05,False,
319938308,1,2025-01-13 02:16:07,2025-01-13 02:16:07,2025-01-13 02:16:07,False,
204047075,3,2025-01-13 02:16:09,2025-01-13 02:16:09,2025-01-13 01:54:31,True,
448455470,1,2025-01-13 02:16:09,2025-01-13 02:16:09,2025-01-13 02:16:09,False,
387828542,1,2025-01-13 02:16:18,2025-01-13 02:16:18,2025-01-13 02:16:18,False,
659526411,1,2025-01-13 02:16:20,2025-01-13 02:16:20,2025-01-13 02:16:20,False,
553955755,1,2025-01-13 02:16:21,2025-01-13 02:16:21,2025-01-13 02:16:21,False,
106547408,1,2025-01-13 02:16:21,2025-01-13 02:16:21,2025-01-13 02:16:21,False,
209157920,1,2025-01-13 02:16:22,2025-01-13 02:16:22,2025-01-13 02:16:22,False,
58396235,1,2025-01-13 02:16:22,2025-01-13 02:16:22,2025-01-13 02:16:22,False,
278490020,1,2025-01-13 02:16:29,2025-01-13 02:16:29,2025-01-13 02:16:29,False,
414486431,1,2025-01-13 02:16:29,2025-01-13 02:16:29,2025-01-13 02:16:29,False,
497942978,1,2025-01-13 02:16:30,2025-01-13 02:16:30,2025-01-13 02:16:30,False,
230632270,1,2025-01-13 02:16:31,2025-01-13 02:16:31,2025-01-13 02:16:31,False,
40709903,1,2025-01-13 02:16:31,2025-01-13 02:16:31,2025-01-13 02:16:31,False,
401547557,1,2025-01-13 02:01:51,2025-01-13 02:01:51,2025-01-13 02:01:51,False,
557843745,1,2025-01-13 02:01:55,2025-01-13 02:01:55,2025-01-13 02:01:55,False,
532493938,1,2025-01-13 02:01:57,2025-01-13 02:01:57,2025-01-13 02:01:57,False,
221196255,1,2025-01-13 02:01:57,2025-01-13 02:01:57,2025-01-13 02:01:57,False,
7239415,1,2025-01-13 02:01:58,2025-01-13 02:01:58,2025-01-13 02:01:58,False,
666548726,1,2025-01-13 02:01:59,2025-01-13 02:01:59,2025-01-13 02:01:59,False,
370942948,1,2025-01-13 02:02:00,2025-01-13 02:02:00,2025-01-13 02:02:00,False,
379872198,1,2025-01-13 02:02:01,2025-01-13 02:02:01,2025-01-13 02:02:01,False,
455792752,1,2025-01-13 02:02:01,2025-01-13 02:02:01,2025-01-13 02:02:01,False,
666804273,1,2025-01-13 02:02:03,2025-01-13 02:02:03,2025-01-13 02:02:03,False,
339742405,1,2025-01-13 02:02:04,2025-01-13 02:02:04,2025-01-13 02:02:04,False,
420830358,1,2025-01-13 02:02:04,2025-01-13 02:02:04,2025-01-13 02:02:04,False,
291390217,1,2025-01-13 02:02:05,2025-01-13 02:02:05,2025-01-13 02:02:05,False,
506019947,1,2025-01-13 02:02:05,2025-01-13 02:02:05,2025-01-13 02:02:05,False,
581578583,1,2025-01-13 02:02:06,2025-01-13 02:02:06,2025-01-13 02:02:06,False,
54884259,1,2025-01-13 02:02:07,2025-01-13 02:02:07,2025-01-13 02:02:07,False,
38116885,1,2025-01-13 02:02:07,2025-01-13 02:02:07,2025-01-13 02:02:07,False,
391618865,1,2025-01-13 02:02:08,2025-01-13 02:02:08,2025-01-13 02:02:08,False,
551697198,1,2025-01-13 02:02:09,2025-01-13 02:02:09,2025-01-13 02:02:09,False,
178291235,2,2025-01-13 02:02:12,2025-01-13 02:02:12,2025-01-13 01:55:40,True,
652645866,1,2025-01-13 02:02:13,2025-01-13 02:02:13,2025-01-13 02:02:13,False,
534410716,1,2025-01-13 02:02:14,2025-01-13 02:02:14,2025-01-13 02:02:14,False,
372209185,1,2025-01-13 02:03:41,2025-01-13 02:03:41,2025-01-13 02:03:41,False,
195866560,1,2025-01-13 02:03:43,2025-01-13 02:03:43,2025-01-13 02:03:43,False,
276687424,1,2025-01-13 02:03:44,2025-01-13 02:03:44,2025-01-13 02:03:44,False,
100436759,1,2025-01-13 02:03:45,2025-01-13 02:03:45,2025-01-13 02:03:45,False,
365686369,1,2025-01-13 02:03:46,2025-01-13 02:03:46,2025-01-13 02:03:46,False,
160040353,1,2025-01-13 02:03:46,2025-01-13 02:03:46,2025-01-13 02:03:46,False,
433813816,1,2025-01-13 02:03:47,2025-01-13 02:03:47,2025-01-13 02:03:47,False,
476875761,1,2025-01-13 02:03:47,2025-01-13 02:03:47,2025-01-13 02:03:47,False,
156636556,1,2025-01-13 02:03:48,2025-01-13 02:03:48,2025-01-13 02:03:48,False,
71007699,1,2025-01-13 02:03:52,2025-01-13 02:03:52,2025-01-13 02:03:52,False,
457744513,1,2025-01-13 02:03:53,2025-01-13 02:03:53,2025-01-13 02:03:53,False,
279768824,1,2025-01-13 02:03:54,2025-01-13 02:03:54,2025-01-13 02:03:54,False,
668313060,1,2025-01-13 02:03:55,2025-01-13 02:03:55,2025-01-13 02:03:55,False,
566960346,1,2025-01-13 02:03:58,2025-01-13 02:03:58,2025-01-13 02:03:58,False,
335037395,1,2025-01-13 02:03:58,2025-01-13 02:03:58,2025-01-13 02:03:58,False,
665276363,1,2025-01-13 02:03:59,2025-01-13 02:03:59,2025-01-13 02:03:59,False,
430571281,1,2025-01-13 02:04:01,2025-01-13 02:04:01,2025-01-13 02:04:01,False,
372249102,1,2025-01-13 02:04:03,2025-01-13 02:04:03,2025-01-13 02:04:03,False,
536353140,1,2025-01-13 02:04:04,2025-01-13 02:04:04,2025-01-13 02:04:04,False,
493874582,1,2025-01-13 02:04:04,2025-01-13 02:04:04,2025-01-13 02:04:04,False,
235532848,1,2025-01-13 02:04:10,2025-01-13 02:04:10,2025-01-13 02:04:10,False,
668433856,1,2025-01-13 02:16:34,2025-01-13 02:16:34,2025-01-13 02:16:34,False,
428845961,1,2025-01-13 02:16:36,2025-01-13 02:16:36,2025-01-13 02:16:36,False,
59304463,1,2025-01-13 02:16:36,2025-01-13 02:16:36,2025-01-13 02:16:36,False,
391085912,1,2025-01-13 02:16:37,2025-01-13 02:16:37,2025-01-13 02:16:37,False,
431026829,1,2025-01-13 02:16:37,2025-01-13 02:16:37,2025-01-13 02:16:37,False,
550560321,1,2025-01-13 02:16:40,2025-01-13 02:16:40,2025-01-13 02:16:40,False,
400289246,2,2025-01-13 02:17:09,2025-01-13 02:17:09,2025-01-13 02:03:10,True,
47535748,1,2025-01-13 02:17:11,2025-01-13 02:17:11,2025-01-13 02:17:11,False,
657134925,1,2025-01-13 02:17:11,2025-01-13 02:17:11,2025-01-13 02:17:11,False,
188145789,1,2025-01-13 02:17:13,2025-01-13 02:17:13,2025-01-13 02:17:13,False,
555327643,1,2025-01-13 02:17:13,2025-01-13 02:17:13,2025-01-13 02:17:13,False,
148251126,2,2025-01-13 02:17:13,2025-01-13 02:17:13,2025-01-13 01:55:35,True,
310733490,1,2025-01-13 02:17:15,2025-01-13 02:17:15,2025-01-13 02:17:15,False,
242817466,1,2025-01-13 02:17:17,2025-01-13 02:17:17,2025-01-13 02:17:17,False,
181299966,1,2025-01-13 02:17:18,2025-01-13 02:17:18,2025-01-13 02:17:18,False,
654667093,2,2025-01-13 02:17:20,2025-01-13 02:17:20,2025-01-13 02:11:59,True,
214123027,1,2025-01-13 02:17:20,2025-01-13 02:17:20,2025-01-13 02:17:20,False,
235992463,1,2025-01-13 02:17:24,2025-01-13 02:17:24,2025-01-13 02:17:24,False,
381203250,1,2025-01-13 02:17:26,2025-01-13 02:17:26,2025-01-13 02:17:26,False,
147780201,1,2025-01-13 02:17:29,2025-01-13 02:17:29,2025-01-13 02:17:29,False,
456504598,2,2025-01-13 02:17:31,2025-01-13 02:17:31,2025-01-13 02:14:37,True,
310697839,1,2025-01-13 02:17:31,2025-01-13 02:17:31,2025-01-13 02:17:31,False,
432383711,1,2025-01-13 02:17:31,2025-01-13 02:17:31,2025-01-13 02:17:31,False,
154565602,1,2025-01-13 02:17:33,2025-01-13 02:17:33,2025-01-13 02:17:33,False,
539364035,1,2025-01-13 02:17:34,2025-01-13 02:17:34,2025-01-13 02:17:34,False,
667849380,1,2025-01-13 02:17:35,2025-01-13 02:17:35,2025-01-13 02:17:35,False,
264282150,1,2025-01-13 02:44:37,2025-01-13 02:44:37,2025-01-13 02:44:37,False,
106051867,1,2025-01-13 02:44:38,2025-01-13 02:44:38,2025-01-13 02:44:38,False,
576104050,1,2025-01-13 02:44:40,2025-01-13 02:44:40,2025-01-13 02:44:40,False,
325303111,1,2025-01-13 02:44:42,2025-01-13 02:44:42,2025-01-13 02:44:42,False,
484280876,1,2025-01-13 02:44:43,2025-01-13 02:44:43,2025-01-13 02:44:43,False,
103243197,1,2025-01-13 02:44:44,2025-01-13 02:44:44,2025-01-13 02:44:44,False,
567717951,5,2025-01-13 02:44:45,2025-01-13 02:44:45,2025-01-13 01:59:30,True,
287334477,1,2025-01-13 02:44:46,2025-01-13 02:44:46,2025-01-13 02:44:46,False,
368521605,1,2025-01-13 02:44:49,2025-01-13 02:44:49,2025-01-13 02:44:49,False,
273331651,2,2025-01-13 02:44:49,2025-01-13 02:44:49,2025-01-13 02:01:25,True,
389987204,2,2025-01-13 02:44:50,2025-01-13 02:44:50,2025-01-13 02:07:35,True,
34806865,1,2025-01-13 02:44:52,2025-01-13 02:44:52,2025-01-13 02:44:52,False,
540895269,1,2025-01-13 02:44:54,2025-01-13 02:44:54,2025-01-13 02:44:54,False,
445202588,1,2025-01-13 02:44:57,2025-01-13 02:44:57,2025-01-13 02:44:57,False,
101432487,1,2025-01-13 02:44:58,2025-01-13 02:44:58,2025-01-13 02:44:58,False,
288114147,1,2025-01-13 02:44:59,2025-01-13 02:44:59,2025-01-13 02:44:59,False,
26849113,1,2025-01-13 02:45:00,2025-01-13 02:45:00,2025-01-13 02:45:00,False,
497677907,1,2025-01-13 02:45:01,2025-01-13 02:45:01,2025-01-13 02:45:01,False,
661873585,1,2025-01-13 02:45:02,2025-01-13 02:45:02,2025-01-13 02:45:02,False,
558277021,1,2025-01-13 02:45:02,2025-01-13 02:45:02,2025-01-13 02:45:02,False,
162405981,6,2025-01-13 02:45:02,2025-01-13 02:45:02,2025-01-13 02:11:36,True,
38393697,1,2025-01-13 02:45:03,2025-01-13 02:45:03,2025-01-13 02:45:03,False,
133754844,1,2025-01-13 02:45:09,2025-01-13 02:45:09,2025-01-13 02:45:09,False,
118409509,1,2025-01-13 02:29:04,2025-01-13 02:29:04,2025-01-13 02:29:04,False,
10884438,1,2025-01-13 02:29:05,2025-01-13 02:29:05,2025-01-13 02:29:05,False,
433948228,1,2025-01-13 02:29:05,2025-01-13 02:29:05,2025-01-13 02:29:05,False,
202862054,2,2025-01-13 02:29:06,2025-01-13 02:29:06,2025-01-13 01:57:34,True,
138416888,1,2025-01-13 02:29:07,2025-01-13 02:29:07,2025-01-13 02:29:07,False,
171583124,1,2025-01-13 02:29:08,2025-01-13 02:29:08,2025-01-13 02:29:08,False,
89530790,1,2025-01-13 02:29:11,2025-01-13 02:29:11,2025-01-13 02:29:11,False,
106009433,2,2025-01-13 02:29:14,2025-01-13 02:29:14,2025-01-13 01:59:41,True,
499082910,1,2025-01-13 02:29:15,2025-01-13 02:29:15,2025-01-13 02:29:15,False,
659396593,1,2025-01-13 02:29:17,2025-01-13 02:29:17,2025-01-13 02:29:17,False,
554551418,1,2025-01-13 02:29:18,2025-01-13 02:29:18,2025-01-13 02:29:18,False,
659275139,1,2025-01-13 02:29:18,2025-01-13 02:29:18,2025-01-13 02:29:18,False,
538054323,1,2025-01-13 02:29:22,2025-01-13 02:29:22,2025-01-13 02:29:22,False,
349810128,1,2025-01-13 02:29:22,2025-01-13 02:29:22,2025-01-13 02:29:22,False,
43778102,1,2025-01-13 02:29:23,2025-01-13 02:29:23,2025-01-13 02:29:23,False,
10159650,1,2025-01-13 02:29:27,2025-01-13 02:29:27,2025-01-13 02:29:27,False,
454153739,1,2025-01-13 02:29:27,2025-01-13 02:29:27,2025-01-13 02:29:27,False,
142978320,4,2025-01-13 02:29:28,2025-01-13 02:29:28,2025-01-13 01:57:11,True,
178454858,1,2025-01-13 02:29:29,2025-01-13 02:29:29,2025-01-13 02:29:29,False,
381347375,1,2025-01-13 02:29:29,2025-01-13 02:29:29,2025-01-13 02:29:29,False,
584920080,1,2025-01-13 02:29:31,2025-01-13 02:29:31,2025-01-13 02:29:31,False,
370169853,1,2025-01-13 02:29:33,2025-01-13 02:29:33,2025-01-13 02:29:33,False,
118671435,1,2025-01-13 02:29:35,2025-01-13 02:29:35,2025-01-13 02:29:35,False,
381305522,1,2025-01-13 02:29:35,2025-01-13 02:29:35,2025-01-13 02:29:35,False,
507536174,1,2025-01-13 02:29:36,2025-01-13 02:29:36,2025-01-13 02:29:36,False,
592485372,1,2025-01-13 02:29:36,2025-01-13 02:29:36,2025-01-13 02:29:36,False,
23490099,1,2025-01-13 02:29:37,2025-01-13 02:29:37,2025-01-13 02:29:37,False,
151399458,1,2025-01-13 02:29:38,2025-01-13 02:29:38,2025-01-13 02:29:38,False,
368341452,1,2025-01-13 02:29:40,2025-01-13 02:29:40,2025-01-13 02:29:40,False,
662184419,1,2025-01-13 02:29:40,2025-01-13 02:29:40,2025-01-13 02:29:40,False,
199793253,1,2025-01-13 02:29:41,2025-01-13 02:29:41,2025-01-13 02:29:41,False,
160557430,1,2025-01-13 02:29:41,2025-01-13 02:29:41,2025-01-13 02:29:41,False,
43698182,1,2025-01-13 02:29:44,2025-01-13 02:29:44,2025-01-13 02:29:44,False,
502527203,3,2025-01-13 02:29:46,2025-01-13 02:29:46,2025-01-13 02:02:13,True,
450348403,1,2025-01-13 02:18:34,2025-01-13 02:18:34,2025-01-13 02:18:34,False,
420975698,1,2025-01-13 02:18:35,2025-01-13 02:18:35,2025-01-13 02:18:35,False,
482774286,1,2025-01-13 02:18:36,2025-01-13 02:18:36,2025-01-13 02:18:36,False,
416896363,1,2025-01-13 02:18:37,2025-01-13 02:18:37,2025-01-13 02:18:37,False,
541709457,1,2025-01-13 02:18:37,2025-01-13 02:18:37,2025-01-13 02:18:37,False,
382711957,1,2025-01-13 02:18:39,2025-01-13 02:18:39,2025-01-13 02:18:39,False,
400742551,1,2025-01-13 02:18:41,2025-01-13 02:18:41,2025-01-13 02:18:41,False,
376630152,1,2025-01-13 02:18:42,2025-01-13 02:18:42,2025-01-13 02:18:42,False,
299141784,2,2025-01-13 02:18:42,2025-01-13 02:18:42,2025-01-13 02:02:55,True,
329380829,1,2025-01-13 02:18:44,2025-01-13 02:18:44,2025-01-13 02:18:44,False,
652421568,1,2025-01-13 02:18:46,2025-01-13 02:18:46,2025-01-13 02:18:46,False,
489467522,1,2025-01-13 02:18:47,2025-01-13 02:18:47,2025-01-13 02:18:47,False,
551442964,1,2025-01-13 02:18:49,2025-01-13 02:18:49,2025-01-13 02:18:49,False,
180507427,1,2025-01-13 02:18:50,2025-01-13 02:18:50,2025-01-13 02:18:50,False,
268665681,2,2025-01-13 02:18:51,2025-01-13 02:18:51,2025-01-13 02:12:35,True,
385116789,1,2025-01-13 02:18:52,2025-01-13 02:18:52,2025-01-13 02:18:52,False,
301873812,1,2025-01-13 02:18:52,2025-01-13 02:18:52,2025-01-13 02:18:52,False,
236341086,1,2025-01-13 02:18:52,2025-01-13 02:18:52,2025-01-13 02:18:52,False,
503226026,1,2025-01-13 02:18:53,2025-01-13 02:18:53,2025-01-13 02:18:53,False,
240175683,2,2025-01-13 02:18:55,2025-01-13 02:18:55,2025-01-13 01:57:43,True,
560473060,2,2025-01-13 02:19:25,2025-01-13 02:19:25,2025-01-13 01:56:57,True,
210489555,1,2025-01-13 02:19:30,2025-01-13 02:19:30,2025-01-13 02:19:30,False,
153545834,1,2025-01-13 02:19:32,2025-01-13 02:19:32,2025-01-13 02:19:32,False,
76169718,3,2025-01-13 02:19:33,2025-01-13 02:19:33,2025-01-13 02:08:13,True,
29679077,1,2025-01-13 02:19:33,2025-01-13 02:19:33,2025-01-13 02:19:33,False,
107189331,1,2025-01-13 02:19:35,2025-01-13 02:19:35,2025-01-13 02:19:35,False,
493214604,1,2025-01-13 02:19:36,2025-01-13 02:19:36,2025-01-13 02:19:36,False,
567751162,1,2025-01-13 02:19:38,2025-01-13 02:19:38,2025-01-13 02:19:38,False,
332009380,2,2025-01-13 02:19:38,2025-01-13 02:19:38,2025-01-13 01:55:09,True,
659097759,1,2025-01-13 02:19:40,2025-01-13 02:19:40,2025-01-13 02:19:40,False,
155904224,1,2025-01-13 02:19:40,2025-01-13 02:19:40,2025-01-13 02:19:40,False,
441988449,2,2025-01-13 02:19:41,2025-01-13 02:19:41,2025-01-13 02:01:47,True,
211409627,1,2025-01-13 02:19:41,2025-01-13 02:19:41,2025-01-13 02:19:41,False,
429396669,1,2025-01-13 02:19:44,2025-01-13 02:19:44,2025-01-13 02:19:44,False,
21967480,1,2025-01-13 02:19:44,2025-01-13 02:19:44,2025-01-13 02:19:44,False,
214711059,1,2025-01-13 02:19:45,2025-01-13 02:19:45,2025-01-13 02:19:45,False,
245407115,1,2025-01-13 02:19:48,2025-01-13 02:19:48,2025-01-13 02:19:48,False,
313535137,1,2025-01-13 02:19:49,2025-01-13 02:19:49,2025-01-13 02:19:49,False,
325072160,1,2025-01-13 02:19:53,2025-01-13 02:19:53,2025-01-13 02:19:53,False,
285124301,1,2025-01-13 02:19:54,2025-01-13 02:19:54,2025-01-13 02:19:54,False,
535662094,1,2025-01-13 02:19:55,2025-01-13 02:19:55,2025-01-13 02:19:55,False,
58923973,1,2025-01-13 02:19:58,2025-01-13 02:19:58,2025-01-13 02:19:58,False,
427854454,2,2025-01-13 02:20:28,2025-01-13 02:20:28,2025-01-13 01:57:06,True,
162548461,1,2025-01-13 02:20:30,2025-01-13 02:20:30,2025-01-13 02:20:30,False,
20508734,1,2025-01-13 02:20:31,2025-01-13 02:20:31,2025-01-13 02:20:31,False,
273378013,1,2025-01-13 02:20:34,2025-01-13 02:20:34,2025-01-13 02:20:34,False,
220079797,1,2025-01-13 02:20:36,2025-01-13 02:20:36,2025-01-13 02:20:36,False,
123340570,2,2025-01-13 02:20:37,2025-01-13 02:20:37,2025-01-13 02:16:36,True,
4942353,1,2025-01-13 02:20:37,2025-01-13 02:20:37,2025-01-13 02:20:37,False,
482486219,1,2025-01-13 02:20:39,2025-01-13 02:20:39,2025-01-13 02:20:39,False,
46560089,1,2025-01-13 02:20:40,2025-01-13 02:20:40,2025-01-13 02:20:40,False,
85757961,1,2025-01-13 02:20:40,2025-01-13 02:20:40,2025-01-13 02:20:40,False,
243196670,1,2025-01-13 02:20:42,2025-01-13 02:20:42,2025-01-13 02:20:42,False,
516891604,1,2025-01-13 02:20:42,2025-01-13 02:20:42,2025-01-13 02:20:42,False,
139897629,2,2025-01-13 02:20:44,2025-01-13 02:20:44,2025-01-13 02:08:03,True,
104998943,1,2025-01-13 02:20:46,2025-01-13 02:20:46,2025-01-13 02:20:46,False,
548854887,1,2025-01-13 02:20:46,2025-01-13 02:20:46,2025-01-13 02:20:46,False,
106754227,1,2025-01-13 02:20:47,2025-01-13 02:20:47,2025-01-13 02:20:47,False,
162684865,1,2025-01-13 02:20:47,2025-01-13 02:20:47,2025-01-13 02:20:47,False,
207828972,1,2025-01-13 02:20:47,2025-01-13 02:20:47,2025-01-13 02:20:47,False,
545247232,1,2025-01-13 02:20:47,2025-01-13 02:20:47,2025-01-13 02:20:47,False,
84924129,2,2025-01-13 02:20:48,2025-01-13 02:20:48,2025-01-13 02:11:44,True,
441031449,1,2025-01-13 02:20:52,2025-01-13 02:20:52,2025-01-13 02:20:52,False,
229551078,1,2025-01-13 02:20:52,2025-01-13 02:20:52,2025-01-13 02:20:52,False,
517416800,2,2025-01-13 02:29:49,2025-01-13 02:29:49,2025-01-13 02:29:17,True,
329907586,1,2025-01-13 02:29:51,2025-01-13 02:29:51,2025-01-13 02:29:51,False,
596330885,1,2025-01-13 02:29:58,2025-01-13 02:29:58,2025-01-13 02:29:58,False,
493556271,1,2025-01-13 02:30:25,2025-01-13 02:30:25,2025-01-13 02:30:25,False,
107271093,1,2025-01-13 02:30:27,2025-01-13 02:30:27,2025-01-13 02:30:27,False,
193868620,1,2025-01-13 02:30:28,2025-01-13 02:30:28,2025-01-13 02:30:28,False,
10345238,1,2025-01-13 02:30:28,2025-01-13 02:30:28,2025-01-13 02:30:28,False,
140421589,1,2025-01-13 02:30:28,2025-01-13 02:30:28,2025-01-13 02:30:28,False,
81645144,1,2025-01-13 02:30:35,2025-01-13 02:30:35,2025-01-13 02:30:35,False,
443145137,1,2025-01-13 02:30:35,2025-01-13 02:30:35,2025-01-13 02:30:35,False,
232698226,1,2025-01-13 02:30:36,2025-01-13 02:30:36,2025-01-13 02:30:36,False,
374349951,3,2025-01-13 02:30:37,2025-01-13 02:30:37,2025-01-13 01:55:52,True,
426126179,2,2025-01-13 02:30:39,2025-01-13 02:30:39,2025-01-13 02:03:32,True,
513098913,1,2025-01-13 02:30:41,2025-01-13 02:30:41,2025-01-13 02:30:41,False,
552458835,1,2025-01-13 02:30:41,2025-01-13 02:30:41,2025-01-13 02:30:41,False,
596027465,1,2025-01-13 02:30:41,2025-01-13 02:30:41,2025-01-13 02:30:41,False,
270088654,1,2025-01-13 02:30:44,2025-01-13 02:30:44,2025-01-13 02:30:44,False,
103981192,1,2025-01-13 02:30:44,2025-01-13 02:30:44,2025-01-13 02:30:44,False,
593615527,1,2025-01-13 02:30:45,2025-01-13 02:30:45,2025-01-13 02:30:45,False,
336068611,1,2025-01-13 02:30:47,2025-01-13 02:30:47,2025-01-13 02:30:47,False,
179052784,1,2025-01-13 02:30:48,2025-01-13 02:30:48,2025-01-13 02:30:48,False,
296809674,1,2025-01-13 02:30:51,2025-01-13 02:30:51,2025-01-13 02:30:51,False,
273774996,1,2025-01-13 02:30:53,2025-01-13 02:30:53,2025-01-13 02:30:53,False,
145863045,1,2025-01-13 02:30:54,2025-01-13 02:30:54,2025-01-13 02:30:54,False,
369902333,1,2025-01-13 02:30:55,2025-01-13 02:30:55,2025-01-13 02:30:55,False,
127219435,1,2025-01-13 02:30:55,2025-01-13 02:30:55,2025-01-13 02:30:55,False,
562062085,1,2025-01-13 02:30:56,2025-01-13 02:30:56,2025-01-13 02:30:56,False,
428153687,1,2025-01-13 02:30:57,2025-01-13 02:30:57,2025-01-13 02:30:57,False,
226297333,1,2025-01-13 02:31:27,2025-01-13 02:31:27,2025-01-13 02:31:27,False,
291557375,1,2025-01-13 02:31:28,2025-01-13 02:31:28,2025-01-13 02:31:28,False,
375621325,1,2025-01-13 02:57:46,2025-01-13 02:57:46,2025-01-13 02:57:46,False,
507514681,1,2025-01-13 02:57:49,2025-01-13 02:57:49,2025-01-13 02:57:49,False,
306251639,2,2025-01-13 02:57:51,2025-01-13 02:57:51,2025-01-13 02:48:03,True,
116665407,8,2025-01-13 02:58:03,2025-01-13 02:58:03,2025-01-13 02:10:27,True,
445858382,2,2025-01-13 02:58:09,2025-01-13 02:58:09,2025-01-13 02:23:33,True,
590713819,1,2025-01-13 02:58:13,2025-01-13 02:58:13,2025-01-13 02:58:13,False,
494673379,4,2025-01-13 02:58:15,2025-01-13 02:58:15,2025-01-13 01:55:51,True,
318589301,1,2025-01-13 02:58:15,2025-01-13 02:58:15,2025-01-13 02:58:15,False,
227366158,2,2025-01-13 02:58:15,2025-01-13 02:58:15,2025-01-13 02:48:06,True,
103820177,1,2025-01-13 02:58:18,2025-01-13 02:58:18,2025-01-13 02:58:18,False,
593474672,20,2025-01-13 02:58:19,2025-01-13 02:58:19,2025-01-13 01:57:09,True,
466908044,5,2025-01-13 02:58:46,2025-01-13 02:58:46,2025-01-13 02:03:21,True,
378227749,4,2025-01-13 02:58:48,2025-01-13 02:58:48,2025-01-13 01:59:08,True,
665625031,1,2025-01-13 02:58:55,2025-01-13 02:58:55,2025-01-13 02:58:55,False,
180499490,1,2025-01-13 02:58:59,2025-01-13 02:58:59,2025-01-13 02:58:59,False,
443294267,1,2025-01-13 02:59:03,2025-01-13 02:59:03,2025-01-13 02:59:03,False,
24729125,3,2025-01-13 02:59:05,2025-01-13 02:59:05,2025-01-13 01:56:13,True,
550548134,1,2025-01-13 02:59:07,2025-01-13 02:59:07,2025-01-13 02:59:07,False,
461891399,2,2025-01-13 02:59:07,2025-01-13 02:59:07,2025-01-13 02:50:12,True,
169054020,1,2025-01-13 03:00:04,2025-01-13 03:00:04,2025-01-13 03:00:04,False,
201180165,1,2025-01-13 02:52:28,2025-01-13 02:52:28,2025-01-13 02:52:28,False,
316209609,1,2025-01-13 02:52:37,2025-01-13 02:52:37,2025-01-13 02:52:37,False,
237620710,11,2025-01-13 02:52:39,2025-01-13 02:52:39,2025-01-13 01:57:53,True,
20614599,24,2025-01-13 02:52:46,2025-01-13 02:52:46,2025-01-13 01:54:45,True,
312800700,2,2025-01-13 02:52:58,2025-01-13 02:52:58,2025-01-13 01:57:29,True,
383672699,1,2025-01-13 02:53:01,2025-01-13 02:53:01,2025-01-13 02:53:01,False,
550581661,1,2025-01-13 02:53:06,2025-01-13 02:53:06,2025-01-13 02:53:06,False,
107934333,1,2025-01-13 02:53:18,2025-01-13 02:53:18,2025-01-13 02:53:18,False,
91274926,1,2025-01-13 02:53:18,2025-01-13 02:53:18,2025-01-13 02:53:18,False,
147542704,1,2025-01-13 02:53:53,2025-01-13 02:53:53,2025-01-13 02:53:53,False,
218296138,1,2025-01-13 02:53:57,2025-01-13 02:53:57,2025-01-13 02:53:57,False,
170624369,3,2025-01-13 02:54:03,2025-01-13 02:54:03,2025-01-13 02:52:09,True,
141582310,1,2025-01-13 02:54:12,2025-01-13 02:54:12,2025-01-13 02:54:12,False,
205493661,1,2025-01-13 02:54:16,2025-01-13 02:54:16,2025-01-13 02:54:16,False,
167603448,1,2025-01-13 02:54:18,2025-01-13 02:54:18,2025-01-13 02:54:18,False,
133618567,1,2025-01-13 02:54:21,2025-01-13 02:54:21,2025-01-13 02:54:21,False,
215745467,1,2025-01-13 02:54:26,2025-01-13 02:54:26,2025-01-13 02:54:26,False,
485344872,5,2025-01-13 02:54:29,2025-01-13 02:54:29,2025-01-13 02:06:15,True,
170418069,1,2025-01-13 02:54:31,2025-01-13 02:54:31,2025-01-13 02:54:31,False,
70128625,1,2025-01-13 02:54:31,2025-01-13 02:54:31,2025-01-13 02:54:31,False,
223167651,1,2025-01-13 02:54:33,2025-01-13 02:54:33,2025-01-13 02:54:33,False,
448130590,1,2025-01-13 02:54:51,2025-01-13 02:54:51,2025-01-13 02:54:51,False,
326692828,1,2025-01-13 02:55:04,2025-01-13 02:55:04,2025-01-13 02:55:04,False,
100509117,1,2025-01-13 02:55:06,2025-01-13 02:55:06,2025-01-13 02:55:06,False,
236787628,1,2025-01-13 02:55:07,2025-01-13 02:55:07,2025-01-13 02:55:07,False,
28503369,1,2025-01-13 02:55:12,2025-01-13 02:55:12,2025-01-13 02:55:12,False,
122049190,1,2025-01-13 02:55:16,2025-01-13 02:55:16,2025-01-13 02:55:16,False,
323350849,1,2025-01-13 02:55:29,2025-01-13 02:55:29,2025-01-13 02:55:29,False,
548749167,1,2025-01-13 02:55:49,2025-01-13 02:55:49,2025-01-13 02:55:49,False,
665547200,3,2025-01-13 02:55:57,2025-01-13 02:55:57,2025-01-13 02:09:35,True,
370324654,1,2025-01-13 02:56:01,2025-01-13 02:56:01,2025-01-13 02:56:01,False,
268888681,1,2025-01-13 02:56:07,2025-01-13 02:56:07,2025-01-13 02:56:07,False,
285423629,1,2025-01-13 02:56:17,2025-01-13 02:56:17,2025-01-13 02:56:17,False,
370451668,1,2025-01-13 02:56:19,2025-01-13 02:56:19,2025-01-13 02:56:19,False,
149094930,1,2025-01-13 02:56:22,2025-01-13 02:56:22,2025-01-13 02:56:22,False,
544170159,1,2025-01-13 02:56:25,2025-01-13 02:56:25,2025-01-13 02:56:25,False,
79277557,1,2025-01-13 02:56:34,2025-01-13 02:56:34,2025-01-13 02:56:34,False,
123892374,1,2025-01-13 02:56:41,2025-01-13 02:56:41,2025-01-13 02:56:41,False,
376395680,1,2025-01-13 02:56:49,2025-01-13 02:56:49,2025-01-13 02:56:49,False,
1247067,1,2025-01-13 02:56:56,2025-01-13 02:56:56,2025-01-13 02:56:56,False,
304300967,1,2025-01-13 02:57:08,2025-01-13 02:57:08,2025-01-13 02:57:08,False,
146684625,2,2025-01-13 02:57:18,2025-01-13 02:57:18,2025-01-13 02:56:56,True,
49540120,1,2025-01-13 02:57:31,2025-01-13 02:57:31,2025-01-13 02:57:31,False,
331691478,4,2025-01-13 02:57:32,2025-01-13 02:57:32,2025-01-13 02:02:26,True,
175656422,1,2025-01-13 02:57:35,2025-01-13 02:57:35,2025-01-13 02:57:35,False,
312877252,1,2025-01-13 01:58:37,2025-01-13 01:58:37,2025-01-13 01:58:37,False,
652638407,1,2025-01-13 01:56:16,2025-01-13 01:56:16,2025-01-13 01:56:16,False,
332727679,1,2025-01-13 01:56:16,2025-01-13 01:56:16,2025-01-13 01:56:16,False,
537395460,1,2025-01-13 01:56:16,2025-01-13 01:56:16,2025-01-13 01:56:16,False,
491214594,1,2025-01-13 01:56:18,2025-01-13 01:56:18,2025-01-13 01:56:18,False,
308901004,1,2025-01-13 01:56:19,2025-01-13 01:56:19,2025-01-13 01:56:19,False,
54268554,1,2025-01-13 01:56:21,2025-01-13 01:56:21,2025-01-13 01:56:21,False,
487380123,1,2025-01-13 01:56:23,2025-01-13 01:56:23,2025-01-13 01:56:23,False,
172395511,1,2025-01-13 01:56:24,2025-01-13 01:56:24,2025-01-13 01:56:24,False,
334319002,1,2025-01-13 01:56:25,2025-01-13 01:56:25,2025-01-13 01:56:25,False,
177331456,1,2025-01-13 01:56:25,2025-01-13 01:56:25,2025-01-13 01:56:25,False,
100797063,1,2025-01-13 01:56:27,2025-01-13 01:56:27,2025-01-13 01:56:27,False,
478949948,1,2025-01-13 01:56:31,2025-01-13 01:56:31,2025-01-13 01:56:31,False,
460713031,1,2025-01-13 01:56:31,2025-01-13 01:56:31,2025-01-13 01:56:31,False,
370310179,1,2025-01-13 01:56:33,2025-01-13 01:56:33,2025-01-13 01:56:33,False,
556284396,1,2025-01-13 01:56:34,2025-01-13 01:56:34,2025-01-13 01:56:34,False,
100594958,1,2025-01-13 01:56:34,2025-01-13 01:56:34,2025-01-13 01:56:34,False,
464535142,1,2025-01-13 01:56:35,2025-01-13 01:56:35,2025-01-13 01:56:35,False,
599142177,1,2025-01-13 01:56:35,2025-01-13 01:56:35,2025-01-13 01:56:35,False,
49924388,1,2025-01-13 01:56:38,2025-01-13 01:56:38,2025-01-13 01:56:38,False,
128764932,1,2025-01-13 01:56:38,2025-01-13 01:56:38,2025-01-13 01:56:38,False,
257796278,1,2025-01-13 01:56:40,2025-01-13 01:56:40,2025-01-13 01:56:40,False,
88508226,1,2025-01-13 01:56:41,2025-01-13 01:56:41,2025-01-13 01:56:41,False,
271656809,1,2025-01-13 01:56:42,2025-01-13 01:56:42,2025-01-13 01:56:42,False,
71803476,1,2025-01-13 01:56:42,2025-01-13 01:56:42,2025-01-13 01:56:42,False,
312224536,1,2025-01-13 01:56:42,2025-01-13 01:56:42,2025-01-13 01:56:42,False,
504021760,1,2025-01-13 01:56:42,2025-01-13 01:56:42,2025-01-13 01:56:42,False,
487574267,1,2025-01-13 01:56:44,2025-01-13 01:56:44,2025-01-13 01:56:44,False,
536674716,1,2025-01-13 01:56:45,2025-01-13 01:56:45,2025-01-13 01:56:45,False,
401294782,1,2025-01-13 01:56:46,2025-01-13 01:56:46,2025-01-13 01:56:46,False,
117887571,1,2025-01-13 01:56:46,2025-01-13 01:56:46,2025-01-13 01:56:46,False,
408202248,1,2025-01-13 01:56:47,2025-01-13 01:56:47,2025-01-13 01:56:47,False,
168733553,1,2025-01-13 01:56:47,2025-01-13 01:56:47,2025-01-13 01:56:47,False,
376536266,1,2025-01-13 01:56:48,2025-01-13 01:56:48,2025-01-13 01:56:48,False,
461405891,1,2025-01-13 01:56:49,2025-01-13 01:56:49,2025-01-13 01:56:49,False,
99685826,1,2025-01-13 01:56:49,2025-01-13 01:56:49,2025-01-13 01:56:49,False,
567492349,1,2025-01-13 01:56:50,2025-01-13 01:56:50,2025-01-13 01:56:50,False,
522635516,1,2025-01-13 01:56:51,2025-01-13 01:56:51,2025-01-13 01:56:51,False,
212461808,1,2025-01-13 01:56:52,2025-01-13 01:56:52,2025-01-13 01:56:52,False,
425458749,1,2025-01-13 01:56:53,2025-01-13 01:56:53,2025-01-13 01:56:53,False,
448180798,1,2025-01-13 01:56:53,2025-01-13 01:56:53,2025-01-13 01:56:53,False,
218109022,1,2025-01-13 01:56:54,2025-01-13 01:56:54,2025-01-13 01:56:54,False,
593512123,1,2025-01-13 01:56:54,2025-01-13 01:56:54,2025-01-13 01:56:54,False,
11899954,1,2025-01-13 01:56:55,2025-01-13 01:56:55,2025-01-13 01:56:55,False,
315313940,1,2025-01-13 01:56:55,2025-01-13 01:56:55,2025-01-13 01:56:55,False,
234335200,1,2025-01-13 01:56:55,2025-01-13 01:56:55,2025-01-13 01:56:55,False,
202533076,1,2025-01-13 01:56:58,2025-01-13 01:56:58,2025-01-13 01:56:58,False,
308986574,1,2025-01-13 01:56:59,2025-01-13 01:56:59,2025-01-13 01:56:59,False,
79048120,1,2025-01-13 01:57:01,2025-01-13 01:57:01,2025-01-13 01:57:01,False,
311558107,1,2025-01-13 01:57:02,2025-01-13 01:57:02,2025-01-13 01:57:02,False,
162290634,1,2025-01-13 01:57:03,2025-01-13 01:57:03,2025-01-13 01:57:03,False,
211800302,1,2025-01-13 01:57:04,2025-01-13 01:57:04,2025-01-13 01:57:04,False,
657283229,1,2025-01-13 01:57:04,2025-01-13 01:57:04,2025-01-13 01:57:04,False,
109165105,1,2025-01-13 01:57:05,2025-01-13 01:57:05,2025-01-13 01:57:05,False,
252425745,1,2025-01-13 01:57:11,2025-01-13 01:57:11,2025-01-13 01:57:11,False,
419860156,1,2025-01-13 01:57:11,2025-01-13 01:57:11,2025-01-13 01:57:11,False,
377608843,1,2025-01-13 01:57:13,2025-01-13 01:57:13,2025-01-13 01:57:13,False,
416053142,1,2025-01-13 01:57:41,2025-01-13 01:57:41,2025-01-13 01:57:41,False,
94612437,1,2025-01-13 01:57:44,2025-01-13 01:57:44,2025-01-13 01:57:44,False,
333991592,1,2025-01-13 01:57:47,2025-01-13 01:57:47,2025-01-13 01:57:47,False,
22866354,1,2025-01-13 01:57:47,2025-01-13 01:57:47,2025-01-13 01:57:47,False,
105740437,1,2025-01-13 01:57:48,2025-01-13 01:57:48,2025-01-13 01:57:48,False,
505287830,1,2025-01-13 01:57:50,2025-01-13 01:57:50,2025-01-13 01:57:50,False,
498566318,1,2025-01-13 01:57:57,2025-01-13 01:57:57,2025-01-13 01:57:57,False,
488659125,1,2025-01-13 01:57:58,2025-01-13 01:57:58,2025-01-13 01:57:58,False,
533109382,1,2025-01-13 01:57:59,2025-01-13 01:57:59,2025-01-13 01:57:59,False,
344846604,1,2025-01-13 01:57:59,2025-01-13 01:57:59,2025-01-13 01:57:59,False,
487829416,1,2025-01-13 01:58:00,2025-01-13 01:58:00,2025-01-13 01:58:00,False,
580553967,1,2025-01-13 01:58:03,2025-01-13 01:58:03,2025-01-13 01:58:03,False,
22892501,1,2025-01-13 01:58:04,2025-01-13 01:58:04,2025-01-13 01:58:04,False,
309595586,1,2025-01-13 01:58:07,2025-01-13 01:58:07,2025-01-13 01:58:07,False,
91730241,1,2025-01-13 01:58:07,2025-01-13 01:58:07,2025-01-13 01:58:07,False,
292810996,1,2025-01-13 01:58:11,2025-01-13 01:58:11,2025-01-13 01:58:11,False,
454189646,1,2025-01-13 01:58:11,2025-01-13 01:58:11,2025-01-13 01:58:11,False,
174214314,1,2025-01-13 01:58:13,2025-01-13 01:58:13,2025-01-13 01:58:13,False,
511014698,1,2025-01-13 01:58:14,2025-01-13 01:58:14,2025-01-13 01:58:14,False,
187183025,1,2025-01-13 01:58:19,2025-01-13 01:58:19,2025-01-13 01:58:19,False,
168195965,1,2025-01-13 01:58:21,2025-01-13 01:58:21,2025-01-13 01:58:21,False,
238674947,1,2025-01-13 01:58:22,2025-01-13 01:58:22,2025-01-13 01:58:22,False,
512550832,1,2025-01-13 01:58:23,2025-01-13 01:58:23,2025-01-13 01:58:23,False,
18945210,1,2025-01-13 01:58:25,2025-01-13 01:58:25,2025-01-13 01:58:25,False,
382593935,1,2025-01-13 01:58:26,2025-01-13 01:58:26,2025-01-13 01:58:26,False,
663202433,1,2025-01-13 01:58:26,2025-01-13 01:58:26,2025-01-13 01:58:26,False,
111737756,1,2025-01-13 01:58:27,2025-01-13 01:58:27,2025-01-13 01:58:27,False,
42908726,1,2025-01-13 01:58:28,2025-01-13 01:58:28,2025-01-13 01:58:28,False,
145824321,1,2025-01-13 01:58:30,2025-01-13 01:58:30,2025-01-13 01:58:30,False,
549819315,1,2025-01-13 01:58:30,2025-01-13 01:58:30,2025-01-13 01:58:30,False,
23708576,1,2025-01-13 01:58:32,2025-01-13 01:58:32,2025-01-13 01:58:32,False,
228403370,2,2025-01-13 02:23:40,2025-01-13 02:23:40,2025-01-13 02:19:26,True,
108700429,1,2025-01-13 02:23:41,2025-01-13 02:23:41,2025-01-13 02:23:41,False,
502436119,1,2025-01-13 02:23:43,2025-01-13 02:23:43,2025-01-13 02:23:43,False,
586914991,1,2025-01-13 02:23:43,2025-01-13 02:23:43,2025-01-13 02:23:43,False,
53704251,1,2025-01-13 02:23:44,2025-01-13 02:23:44,2025-01-13 02:23:44,False,
179577819,1,2025-01-13 02:23:47,2025-01-13 02:23:47,2025-01-13 02:23:47,False,
543245988,1,2025-01-13 02:23:52,2025-01-13 02:23:52,2025-01-13 02:23:52,False,
492905243,2,2025-01-13 02:23:53,2025-01-13 02:23:53,2025-01-13 02:17:57,True,
592891905,1,2025-01-13 02:23:56,2025-01-13 02:23:56,2025-01-13 02:23:56,False,
485236907,1,2025-01-13 02:23:57,2025-01-13 02:23:57,2025-01-13 02:23:57,False,
104867797,1,2025-01-13 02:23:58,2025-01-13 02:23:58,2025-01-13 02:23:58,False,
332417693,1,2025-01-13 02:23:58,2025-01-13 02:23:58,2025-01-13 02:23:58,False,
383660491,1,2025-01-13 02:23:59,2025-01-13 02:23:59,2025-01-13 02:23:59,False,
57580549,3,2025-01-13 02:24:02,2025-01-13 02:24:02,2025-01-13 02:11:43,True,
106330361,1,2025-01-13 02:24:04,2025-01-13 02:24:04,2025-01-13 02:24:04,False,
549729407,1,2025-01-13 02:24:04,2025-01-13 02:24:04,2025-01-13 02:24:04,False,
248287053,1,2025-01-13 02:24:05,2025-01-13 02:24:05,2025-01-13 02:24:05,False,
299061122,1,2025-01-13 02:24:06,2025-01-13 02:24:06,2025-01-13 02:24:06,False,
665857927,1,2025-01-13 02:24:12,2025-01-13 02:24:12,2025-01-13 02:24:12,False,
44291174,1,2025-01-13 02:24:13,2025-01-13 02:24:13,2025-01-13 02:24:13,False,
17686783,1,2025-01-13 02:38:26,2025-01-13 02:38:26,2025-01-13 02:38:26,False,
417447381,4,2025-01-13 02:38:27,2025-01-13 02:38:27,2025-01-13 01:57:57,True,
429150561,1,2025-01-13 02:38:29,2025-01-13 02:38:29,2025-01-13 02:38:29,False,
175490464,1,2025-01-13 02:38:30,2025-01-13 02:38:30,2025-01-13 02:38:30,False,
423050816,1,2025-01-13 02:38:32,2025-01-13 02:38:32,2025-01-13 02:38:32,False,
229032494,1,2025-01-13 02:38:33,2025-01-13 02:38:33,2025-01-13 02:38:33,False,
343852764,1,2025-01-13 02:38:33,2025-01-13 02:38:33,2025-01-13 02:38:33,False,
19675791,1,2025-01-13 02:38:35,2025-01-13 02:38:35,2025-01-13 02:38:35,False,
107701306,1,2025-01-13 02:38:38,2025-01-13 02:38:38,2025-01-13 02:38:38,False,
227340794,2,2025-01-13 02:38:38,2025-01-13 02:38:38,2025-01-13 02:36:39,True,
154895292,1,2025-01-13 02:38:38,2025-01-13 02:38:38,2025-01-13 02:38:38,False,
49042224,1,2025-01-13 02:38:39,2025-01-13 02:38:39,2025-01-13 02:38:39,False,
207611093,1,2025-01-13 02:38:39,2025-01-13 02:38:39,2025-01-13 02:38:39,False,
253965768,1,2025-01-13 02:38:40,2025-01-13 02:38:40,2025-01-13 02:38:40,False,
100030125,1,2025-01-13 02:38:40,2025-01-13 02:38:40,2025-01-13 02:38:40,False,
225082922,1,2025-01-13 02:38:41,2025-01-13 02:38:41,2025-01-13 02:38:41,False,
171259138,1,2025-01-13 02:38:42,2025-01-13 02:38:42,2025-01-13 02:38:42,False,
99479169,3,2025-01-13 02:38:44,2025-01-13 02:38:44,2025-01-13 02:02:34,True,
340165323,2,2025-01-13 02:38:45,2025-01-13 02:38:45,2025-01-13 02:35:26,True,
45666257,1,2025-01-13 02:38:46,2025-01-13 02:38:46,2025-01-13 02:38:46,False,
498252978,1,2025-01-13 02:38:47,2025-01-13 02:38:47,2025-01-13 02:38:47,False,
326499349,1,2025-01-13 02:38:49,2025-01-13 02:38:49,2025-01-13 02:38:49,False,
267606175,12,2025-01-13 02:38:49,2025-01-13 02:38:49,2025-01-13 01:57:35,True,
143336765,3,2025-01-13 02:38:50,2025-01-13 02:38:50,2025-01-13 02:24:00,True,
440930162,1,2025-01-13 02:38:51,2025-01-13 02:38:51,2025-01-13 02:38:51,False,
235236091,1,2025-01-13 02:38:52,2025-01-13 02:38:52,2025-01-13 02:38:52,False,
141510759,1,2025-01-13 02:38:53,2025-01-13 02:38:53,2025-01-13 02:38:53,False,
372708313,1,2025-01-13 02:38:53,2025-01-13 02:38:53,2025-01-13 02:38:53,False,
269207574,1,2025-01-13 02:38:54,2025-01-13 02:38:54,2025-01-13 02:38:54,False,
597587200,1,2025-01-13 02:38:54,2025-01-13 02:38:54,2025-01-13 02:38:54,False,
484165208,1,2025-01-13 02:38:55,2025-01-13 02:38:55,2025-01-13 02:38:55,False,
256481618,1,2025-01-13 02:38:55,2025-01-13 02:38:55,2025-01-13 02:38:55,False,
165255751,2,2025-01-13 02:38:56,2025-01-13 02:38:56,2025-01-13 02:01:12,True,
498050823,2,2025-01-13 02:38:58,2025-01-13 02:38:58,2025-01-13 02:04:50,True,
533685568,2,2025-01-13 02:39:52,2025-01-13 02:39:52,2025-01-13 02:22:33,True,
188281524,1,2025-01-13 02:39:55,2025-01-13 02:39:55,2025-01-13 02:39:55,False,
276573022,1,2025-01-13 02:39:56,2025-01-13 02:39:56,2025-01-13 02:39:56,False,
229276388,2,2025-01-13 02:40:02,2025-01-13 02:40:02,2025-01-13 02:09:45,True,
291609302,3,2025-01-13 02:41:13,2025-01-13 02:41:13,2025-01-13 02:05:29,True,
300766564,1,2025-01-13 02:41:16,2025-01-13 02:41:16,2025-01-13 02:41:16,False,
469614097,1,2025-01-13 02:41:16,2025-01-13 02:41:16,2025-01-13 02:41:16,False,
424751659,2,2025-01-13 02:41:16,2025-01-13 02:41:16,2025-01-13 01:56:19,True,
110012306,8,2025-01-13 02:41:17,2025-01-13 02:41:17,2025-01-13 02:00:34,True,
253223204,1,2025-01-13 02:41:17,2025-01-13 02:41:17,2025-01-13 02:41:17,False,
227735361,3,2025-01-13 02:41:18,2025-01-13 02:41:18,2025-01-13 01:59:17,True,
421919557,1,2025-01-13 02:41:18,2025-01-13 02:41:18,2025-01-13 02:41:18,False,
243707200,1,2025-01-13 02:41:19,2025-01-13 02:41:19,2025-01-13 02:41:19,False,
143734218,1,2025-01-13 02:41:19,2025-01-13 02:41:19,2025-01-13 02:41:19,False,
158267412,1,2025-01-13 02:41:20,2025-01-13 02:41:20,2025-01-13 02:41:20,False,
544446064,1,2025-01-13 02:41:20,2025-01-13 02:41:20,2025-01-13 02:41:20,False,
168122034,4,2025-01-13 02:41:24,2025-01-13 02:41:24,2025-01-13 02:21:14,True,
478014584,1,2025-01-13 02:41:26,2025-01-13 02:41:26,2025-01-13 02:41:26,False,
173095913,6,2025-01-13 02:41:29,2025-01-13 02:41:29,2025-01-13 02:10:08,True,
545089561,1,2025-01-13 02:41:30,2025-01-13 02:41:30,2025-01-13 02:41:30,False,
304326244,1,2025-01-13 02:41:30,2025-01-13 02:41:30,2025-01-13 02:41:30,False,
489739884,1,2025-01-13 02:41:30,2025-01-13 02:41:30,2025-01-13 02:41:30,False,
329705343,1,2025-01-13 02:41:31,2025-01-13 02:41:31,2025-01-13 02:41:31,False,
229240543,1,2025-01-13 02:41:32,2025-01-13 02:41:32,2025-01-13 02:41:32,False,
296270545,1,2025-01-13 02:41:33,2025-01-13 02:41:33,2025-01-13 02:41:33,False,
348626533,1,2025-01-13 02:41:33,2025-01-13 02:41:33,2025-01-13 02:41:33,False,
397135878,2,2025-01-13 02:41:35,2025-01-13 02:41:35,2025-01-13 02:22:12,True,
378326074,6,2025-01-13 02:41:36,2025-01-13 02:41:36,2025-01-13 02:04:42,True,
263894682,1,2025-01-13 02:41:37,2025-01-13 02:41:37,2025-01-13 02:41:37,False,
314685367,1,2025-01-13 02:41:38,2025-01-13 02:41:38,2025-01-13 02:41:38,False,
537965072,2,2025-01-13 02:41:38,2025-01-13 02:41:38,2025-01-13 02:07:01,True,
434025161,1,2025-01-13 02:41:38,2025-01-13 02:41:38,2025-01-13 02:41:38,False,
326420934,1,2025-01-13 02:41:40,2025-01-13 02:41:40,2025-01-13 02:41:40,False,
657351611,4,2025-01-13 02:41:40,2025-01-13 02:41:40,2025-01-13 01:59:20,True,
209153958,1,2025-01-13 02:41:40,2025-01-13 02:41:40,2025-01-13 02:41:40,False,
535122527,1,2025-01-13 02:41:41,2025-01-13 02:41:41,2025-01-13 02:41:41,False,
203116788,1,2025-01-13 02:41:41,2025-01-13 02:41:41,2025-01-13 02:41:41,False,
227594061,3,2025-01-13 02:41:42,2025-01-13 02:41:42,2025-01-13 01:56:17,True,
60637188,1,2025-01-13 02:41:42,2025-01-13 02:41:42,2025-01-13 02:41:42,False,
24743808,2,2025-01-13 02:41:43,2025-01-13 02:41:43,2025-01-13 02:13:20,True,
209151883,1,2025-01-13 02:41:43,2025-01-13 02:41:43,2025-01-13 02:41:43,False,
554398057,1,2025-01-13 02:41:45,2025-01-13 02:41:45,2025-01-13 02:41:45,False,
231649747,2,2025-01-13 02:41:45,2025-01-13 02:41:45,2025-01-13 02:16:18,True,
397869265,3,2025-01-13 02:41:45,2025-01-13 02:41:45,2025-01-13 02:35:37,True,
264090279,1,2025-01-13 02:41:45,2025-01-13 02:41:45,2025-01-13 02:41:45,False,
332627905,1,2025-01-13 02:41:46,2025-01-13 02:41:46,2025-01-13 02:41:46,False,
15810104,1,2025-01-13 02:41:47,2025-01-13 02:41:47,2025-01-13 02:41:47,False,
385095021,1,2025-01-13 02:41:47,2025-01-13 02:41:47,2025-01-13 02:41:47,False,
261580249,1,2025-01-13 02:41:48,2025-01-13 02:41:48,2025-01-13 02:41:48,False,
227820025,1,2025-01-13 02:40:04,2025-01-13 02:40:04,2025-01-13 02:40:04,False,
235960821,1,2025-01-13 02:40:05,2025-01-13 02:40:05,2025-01-13 02:40:05,False,
652475730,1,2025-01-13 02:40:05,2025-01-13 02:40:05,2025-01-13 02:40:05,False,
165408593,1,2025-01-13 02:40:06,2025-01-13 02:40:06,2025-01-13 02:40:06,False,
666548894,1,2025-01-13 02:40:06,2025-01-13 02:40:06,2025-01-13 02:40:06,False,
355765406,1,2025-01-13 02:40:08,2025-01-13 02:40:08,2025-01-13 02:40:08,False,
308538169,1,2025-01-13 02:40:09,2025-01-13 02:40:09,2025-01-13 02:40:09,False,
152796126,1,2025-01-13 02:40:09,2025-01-13 02:40:09,2025-01-13 02:40:09,False,
218983650,2,2025-01-13 02:40:09,2025-01-13 02:40:09,2025-01-13 02:32:27,True,
164170709,1,2025-01-13 02:40:11,2025-01-13 02:40:11,2025-01-13 02:40:11,False,
533239688,1,2025-01-13 02:40:13,2025-01-13 02:40:13,2025-01-13 02:40:13,False,
415855541,1,2025-01-13 02:40:13,2025-01-13 02:40:13,2025-01-13 02:40:13,False,
335855171,1,2025-01-13 02:40:13,2025-01-13 02:40:13,2025-01-13 02:40:13,False,
558714655,2,2025-01-13 02:40:13,2025-01-13 02:40:13,2025-01-13 02:36:18,True,
231011747,1,2025-01-13 02:40:14,2025-01-13 02:40:14,2025-01-13 02:40:14,False,
145304250,1,2025-01-13 02:40:17,2025-01-13 02:40:17,2025-01-13 02:40:17,False,
552442742,1,2025-01-13 02:40:19,2025-01-13 02:40:19,2025-01-13 02:40:19,False,
554649176,2,2025-01-13 02:40:19,2025-01-13 02:40:19,2025-01-13 02:36:57,True,
419220820,1,2025-01-13 02:40:19,2025-01-13 02:40:19,2025-01-13 02:40:19,False,
158051176,2,2025-01-13 02:40:21,2025-01-13 02:40:21,2025-01-13 02:09:19,True,
180160342,1,2025-01-13 02:40:21,2025-01-13 02:40:21,2025-01-13 02:40:21,False,
168120538,2,2025-01-13 02:40:22,2025-01-13 02:40:22,2025-01-13 01:58:11,True,
572309409,1,2025-01-13 02:40:23,2025-01-13 02:40:23,2025-01-13 02:40:23,False,
375302534,1,2025-01-13 02:40:27,2025-01-13 02:40:27,2025-01-13 02:40:27,False,
478564918,1,2025-01-13 02:40:27,2025-01-13 02:40:27,2025-01-13 02:40:27,False,
529277524,1,2025-01-13 02:40:28,2025-01-13 02:40:28,2025-01-13 02:40:28,False,
29475010,1,2025-01-13 02:40:28,2025-01-13 02:40:28,2025-01-13 02:40:28,False,
323343981,1,2025-01-13 02:40:30,2025-01-13 02:40:30,2025-01-13 02:40:30,False,
566410696,2,2025-01-13 02:40:32,2025-01-13 02:40:32,2025-01-13 02:12:13,True,
218429540,1,2025-01-13 02:40:34,2025-01-13 02:40:34,2025-01-13 02:40:34,False,
30292433,1,2025-01-13 02:40:34,2025-01-13 02:40:34,2025-01-13 02:40:34,False,
231695615,1,2025-01-13 02:49:02,2025-01-13 02:49:02,2025-01-13 02:49:02,False,
221238810,1,2025-01-13 02:49:03,2025-01-13 02:49:03,2025-01-13 02:49:03,False,
109217314,1,2025-01-13 02:49:04,2025-01-13 02:49:04,2025-01-13 02:49:04,False,
236481234,1,2025-01-13 02:49:04,2025-01-13 02:49:04,2025-01-13 02:49:04,False,
176856095,13,2025-01-13 02:49:04,2025-01-13 02:49:04,2025-01-13 01:58:09,True,
114511450,2,2025-01-13 02:49:05,2025-01-13 02:49:05,2025-01-13 02:36:12,True,
374676897,1,2025-01-13 02:49:05,2025-01-13 02:49:05,2025-01-13 02:49:05,False,
174889749,2,2025-01-13 02:49:05,2025-01-13 02:49:05,2025-01-13 02:29:33,True,
363278732,1,2025-01-13 02:49:06,2025-01-13 02:49:06,2025-01-13 02:49:06,False,
104274630,1,2025-01-13 02:49:08,2025-01-13 02:49:08,2025-01-13 02:49:08,False,
559881238,1,2025-01-13 02:49:12,2025-01-13 02:49:12,2025-01-13 02:49:12,False,
420082385,1,2025-01-13 02:49:13,2025-01-13 02:49:13,2025-01-13 02:49:13,False,
660359513,1,2025-01-13 02:49:14,2025-01-13 02:49:14,2025-01-13 02:49:14,False,
21927304,1,2025-01-13 02:49:15,2025-01-13 02:49:15,2025-01-13 02:49:15,False,
144011166,1,2025-01-13 02:49:15,2025-01-13 02:49:15,2025-01-13 02:49:15,False,
497964232,1,2025-01-13 02:49:16,2025-01-13 02:49:16,2025-01-13 02:49:16,False,
161496256,2,2025-01-13 02:49:18,2025-01-13 02:49:18,2025-01-13 02:16:17,True,
594748975,1,2025-01-13 02:49:18,2025-01-13 02:49:18,2025-01-13 02:49:18,False,
50596828,1,2025-01-13 02:49:19,2025-01-13 02:49:19,2025-01-13 02:49:19,False,
498221257,1,2025-01-13 02:49:19,2025-01-13 02:49:19,2025-01-13 02:49:19,False,
363007942,1,2025-01-13 02:49:20,2025-01-13 02:49:20,2025-01-13 02:49:20,False,
662328564,1,2025-01-13 02:49:20,2025-01-13 02:49:20,2025-01-13 02:49:20,False,
366616428,1,2025-01-13 02:49:20,2025-01-13 02:49:20,2025-01-13 02:49:20,False,
243494106,5,2025-01-13 02:49:21,2025-01-13 02:49:21,2025-01-13 02:05:23,True,
481819885,5,2025-01-13 02:49:22,2025-01-13 02:49:22,2025-01-13 02:13:12,True,
369663582,1,2025-01-13 02:49:22,2025-01-13 02:49:22,2025-01-13 02:49:22,False,
225008032,2,2025-01-13 02:49:23,2025-01-13 02:49:23,2025-01-13 02:11:50,True,
11727789,1,2025-01-13 02:49:25,2025-01-13 02:49:25,2025-01-13 02:49:25,False,
257244034,1,2025-01-13 02:49:27,2025-01-13 02:49:27,2025-01-13 02:49:27,False,
28521333,1,2025-01-13 02:49:30,2025-01-13 02:49:30,2025-01-13 02:49:30,False,
454876442,1,2025-01-13 02:49:31,2025-01-13 02:49:31,2025-01-13 02:49:31,False,
430294957,3,2025-01-13 02:49:32,2025-01-13 02:49:32,2025-01-13 02:39:09,True,
420868066,1,2025-01-13 02:49:32,2025-01-13 02:49:32,2025-01-13 02:49:32,False,
553011833,1,2025-01-13 02:49:32,2025-01-13 02:49:32,2025-01-13 02:49:32,False,
88653610,11,2025-01-13 02:49:33,2025-01-13 02:49:33,2025-01-13 01:56:18,True,
147972265,1,2025-01-13 02:57:46,2025-01-13 02:57:46,2025-01-13 02:57:46,False,
173624355,1,2025-01-13 02:57:49,2025-01-13 02:57:49,2025-01-13 02:57:49,False,
122056455,2,2025-01-13 02:58:03,2025-01-13 02:58:03,2025-01-13 02:53:33,True,
208056138,1,2025-01-13 02:58:07,2025-01-13 02:58:07,2025-01-13 02:58:07,False,
373059383,1,2025-01-13 02:58:14,2025-01-13 02:58:14,2025-01-13 02:58:14,False,
328593513,1,2025-01-13 02:58:15,2025-01-13 02:58:15,2025-01-13 02:58:15,False,
439614208,2,2025-01-13 02:58:21,2025-01-13 02:58:21,2025-01-13 02:14:23,True,
272771814,22,2025-01-13 02:58:22,2025-01-13 02:58:22,2025-01-13 01:54:50,True,
491058195,2,2025-01-13 02:58:24,2025-01-13 02:58:24,2025-01-13 02:28:32,True,
236336116,3,2025-01-13 02:58:27,2025-01-13 02:58:27,2025-01-13 01:59:15,True,
520070413,1,2025-01-13 02:58:28,2025-01-13 02:58:28,2025-01-13 02:58:28,False,
456516350,2,2025-01-13 02:58:40,2025-01-13 02:58:40,2025-01-13 02:48:32,True,
46714863,5,2025-01-13 02:58:41,2025-01-13 02:58:41,2025-01-13 01:59:21,True,
99716513,1,2025-01-13 02:58:47,2025-01-13 02:58:47,2025-01-13 02:58:47,False,
487827246,1,2025-01-13 02:58:52,2025-01-13 02:58:52,2025-01-13 02:58:52,False,
491824858,2,2025-01-13 02:58:52,2025-01-13 02:58:52,2025-01-13 02:37:34,True,
552289167,7,2025-01-13 02:58:55,2025-01-13 02:58:55,2025-01-13 01:55:23,True,
450791086,1,2025-01-13 02:58:57,2025-01-13 02:58:57,2025-01-13 02:58:57,False,
192636688,2,2025-01-13 02:58:59,2025-01-13 02:58:59,2025-01-13 02:20:21,True,
657701336,6,2025-01-13 02:47:28,2025-01-13 02:47:28,2025-01-13 01:55:59,True,
319605783,1,2025-01-13 02:47:29,2025-01-13 02:47:29,2025-01-13 02:47:29,False,
80260531,1,2025-01-13 02:47:32,2025-01-13 02:47:32,2025-01-13 02:47:32,False,
594140999,1,2025-01-13 02:47:32,2025-01-13 02:47:32,2025-01-13 02:47:32,False,
33938471,1,2025-01-13 02:47:33,2025-01-13 02:47:33,2025-01-13 02:47:33,False,
276008409,2,2025-01-13 02:47:33,2025-01-13 02:47:33,2025-01-13 02:35:27,True,
115334486,3,2025-01-13 02:47:34,2025-01-13 02:47:34,2025-01-13 01:58:35,True,
311658930,1,2025-01-13 02:47:35,2025-01-13 02:47:35,2025-01-13 02:47:35,False,
554717777,2,2025-01-13 02:47:36,2025-01-13 02:47:36,2025-01-13 02:27:05,True,
443077455,3,2025-01-13 02:47:36,2025-01-13 02:47:36,2025-01-13 01:57:07,True,
150637261,4,2025-01-13 02:47:37,2025-01-13 02:47:37,2025-01-13 02:00:41,True,
163503547,1,2025-01-13 02:47:39,2025-01-13 02:47:39,2025-01-13 02:47:39,False,
62929389,1,2025-01-13 02:47:39,2025-01-13 02:47:39,2025-01-13 02:47:39,False,
111241128,2,2025-01-13 02:47:40,2025-01-13 02:47:40,2025-01-13 02:14:53,True,
319406007,1,2025-01-13 02:47:41,2025-01-13 02:47:41,2025-01-13 02:47:41,False,
247650256,1,2025-01-13 02:47:45,2025-01-13 02:47:45,2025-01-13 02:47:45,False,
67622278,1,2025-01-13 02:47:46,2025-01-13 02:47:46,2025-01-13 02:47:46,False,
8215414,1,2025-01-13 02:47:47,2025-01-13 02:47:47,2025-01-13 02:47:47,False,
594859963,1,2025-01-13 02:47:48,2025-01-13 02:47:48,2025-01-13 02:47:48,False,
441209799,3,2025-01-13 02:47:49,2025-01-13 02:47:49,2025-01-13 01:57:57,True,
481247844,1,2025-01-13 02:47:49,2025-01-13 02:47:49,2025-01-13 02:47:49,False,
547874421,1,2025-01-13 02:47:50,2025-01-13 02:47:50,2025-01-13 02:47:50,False,
157832796,7,2025-01-13 02:47:51,2025-01-13 02:47:51,2025-01-13 01:59:56,True,
194347953,2,2025-01-13 02:47:51,2025-01-13 02:47:51,2025-01-13 02:47:00,True,
399921056,1,2025-01-13 02:47:52,2025-01-13 02:47:52,2025-01-13 02:47:52,False,
551359662,1,2025-01-13 02:47:54,2025-01-13 02:47:54,2025-01-13 02:47:54,False,
231183355,1,2025-01-13 02:47:54,2025-01-13 02:47:54,2025-01-13 02:47:54,False,
107793279,1,2025-01-13 02:47:56,2025-01-13 02:47:56,2025-01-13 02:47:56,False,
356647485,1,2025-01-13 02:47:57,2025-01-13 02:47:57,2025-01-13 02:47:57,False,
341729619,1,2025-01-13 02:47:58,2025-01-13 02:47:58,2025-01-13 02:47:58,False,
118964009,1,2025-01-13 02:47:58,2025-01-13 02:47:58,2025-01-13 02:47:58,False,
228834571,1,2025-01-13 02:47:58,2025-01-13 02:47:58,2025-01-13 02:47:58,False,
217276208,1,2025-01-13 02:47:58,2025-01-13 02:47:58,2025-01-13 02:47:58,False,
445210833,1,2025-01-13 02:48:56,2025-01-13 02:48:56,2025-01-13 02:48:56,False,
667340741,1,2025-01-13 02:48:58,2025-01-13 02:48:58,2025-01-13 02:48:58,False,
658741691,2,2025-01-13 02:49:00,2025-01-13 02:49:00,2025-01-13 02:06:59,True,
311724035,1,2025-01-13 02:23:16,2025-01-13 02:23:16,2025-01-13 02:23:16,False,
76010800,1,2025-01-13 02:23:17,2025-01-13 02:23:17,2025-01-13 02:23:17,False,
515721824,1,2025-01-13 02:23:19,2025-01-13 02:23:19,2025-01-13 02:23:19,False,
323851619,1,2025-01-13 02:23:19,2025-01-13 02:23:19,2025-01-13 02:23:19,False,
525875366,1,2025-01-13 02:23:21,2025-01-13 02:23:21,2025-01-13 02:23:21,False,
663742929,1,2025-01-13 02:23:22,2025-01-13 02:23:22,2025-01-13 02:23:22,False,
269515817,1,2025-01-13 02:23:23,2025-01-13 02:23:23,2025-01-13 02:23:23,False,
106268855,1,2025-01-13 02:23:25,2025-01-13 02:23:25,2025-01-13 02:23:25,False,
249305002,1,2025-01-13 02:23:26,2025-01-13 02:23:26,2025-01-13 02:23:26,False,
332098557,1,2025-01-13 02:23:27,2025-01-13 02:23:27,2025-01-13 02:23:27,False,
494072726,1,2025-01-13 02:23:28,2025-01-13 02:23:28,2025-01-13 02:23:28,False,
663298353,1,2025-01-13 02:23:28,2025-01-13 02:23:28,2025-01-13 02:23:28,False,
244602273,1,2025-01-13 02:23:29,2025-01-13 02:23:29,2025-01-13 02:23:29,False,
131316335,1,2025-01-13 02:23:29,2025-01-13 02:23:29,2025-01-13 02:23:29,False,
585855067,2,2025-01-13 02:23:29,2025-01-13 02:23:29,2025-01-13 02:12:02,True,
225434762,1,2025-01-13 02:23:31,2025-01-13 02:23:31,2025-01-13 02:23:31,False,
548287147,1,2025-01-13 02:23:31,2025-01-13 02:23:31,2025-01-13 02:23:31,False,
362289299,1,2025-01-13 02:23:31,2025-01-13 02:23:31,2025-01-13 02:23:31,False,
165244282,1,2025-01-13 02:23:32,2025-01-13 02:23:32,2025-01-13 02:23:32,False,
67112643,1,2025-01-13 02:23:33,2025-01-13 02:23:33,2025-01-13 02:23:33,False,
553502936,2,2025-01-13 02:23:35,2025-01-13 02:23:35,2025-01-13 02:19:41,True,
131896610,1,2025-01-13 02:23:37,2025-01-13 02:23:37,2025-01-13 02:23:37,False,
546129988,1,2025-01-13 02:23:37,2025-01-13 02:23:37,2025-01-13 02:23:37,False,
552760198,1,2025-01-13 02:23:39,2025-01-13 02:23:39,2025-01-13 02:23:39,False,
576561935,1,2025-01-13 02:23:41,2025-01-13 02:23:41,2025-01-13 02:23:41,False,
498882584,1,2025-01-13 02:23:41,2025-01-13 02:23:41,2025-01-13 02:23:41,False,
162244623,1,2025-01-13 02:23:46,2025-01-13 02:23:46,2025-01-13 02:23:46,False,
407897673,1,2025-01-13 02:21:20,2025-01-13 02:21:20,2025-01-13 02:21:20,False,
535450839,1,2025-01-13 02:21:24,2025-01-13 02:21:24,2025-01-13 02:21:24,False,
55925003,1,2025-01-13 02:21:24,2025-01-13 02:21:24,2025-01-13 02:21:24,False,
660176941,1,2025-01-13 02:21:24,2025-01-13 02:21:24,2025-01-13 02:21:24,False,
217616073,1,2025-01-13 02:21:25,2025-01-13 02:21:25,2025-01-13 02:21:25,False,
6600028,1,2025-01-13 02:21:27,2025-01-13 02:21:27,2025-01-13 02:21:27,False,
660421225,1,2025-01-13 02:21:28,2025-01-13 02:21:28,2025-01-13 02:21:28,False,
309270973,1,2025-01-13 02:21:28,2025-01-13 02:21:28,2025-01-13 02:21:28,False,
540217131,2,2025-01-13 02:21:29,2025-01-13 02:21:29,2025-01-13 02:14:03,True,
532564773,1,2025-01-13 02:21:29,2025-01-13 02:21:29,2025-01-13 02:21:29,False,
327764459,1,2025-01-13 02:21:31,2025-01-13 02:21:31,2025-01-13 02:21:31,False,
5263146,1,2025-01-13 02:21:33,2025-01-13 02:21:33,2025-01-13 02:21:33,False,
377540034,1,2025-01-13 02:21:34,2025-01-13 02:21:34,2025-01-13 02:21:34,False,
664328008,2,2025-01-13 02:21:36,2025-01-13 02:21:36,2025-01-13 02:02:40,True,
423033523,1,2025-01-13 02:21:37,2025-01-13 02:21:37,2025-01-13 02:21:37,False,
296494797,1,2025-01-13 02:21:39,2025-01-13 02:21:39,2025-01-13 02:21:39,False,
119518729,2,2025-01-13 02:21:39,2025-01-13 02:21:39,2025-01-13 01:54:22,True,
160894245,2,2025-01-13 02:21:40,2025-01-13 02:21:40,2025-01-13 02:13:22,True,
661555098,1,2025-01-13 02:21:43,2025-01-13 02:21:43,2025-01-13 02:21:43,False,
181894134,1,2025-01-13 02:21:43,2025-01-13 02:21:43,2025-01-13 02:21:43,False,
120527456,1,2025-01-13 02:21:44,2025-01-13 02:21:44,2025-01-13 02:21:44,False,
7009603,1,2025-01-13 02:21:45,2025-01-13 02:21:45,2025-01-13 02:21:45,False,
667448699,1,2025-01-13 02:21:46,2025-01-13 02:21:46,2025-01-13 02:21:46,False,
225630171,1,2025-01-13 02:21:47,2025-01-13 02:21:47,2025-01-13 02:21:47,False,
491515921,1,2025-01-13 02:21:48,2025-01-13 02:21:48,2025-01-13 02:21:48,False,
503099931,1,2025-01-13 02:21:49,2025-01-13 02:21:49,2025-01-13 02:21:49,False,
321351102,1,2025-01-13 02:21:50,2025-01-13 02:21:50,2025-01-13 02:21:50,False,
294003146,1,2025-01-13 02:50:07,2025-01-13 02:50:07,2025-01-13 02:50:07,False,
176755776,1,2025-01-13 02:50:10,2025-01-13 02:50:10,2025-01-13 02:50:10,False,
212961822,2,2025-01-13 02:50:10,2025-01-13 02:50:10,2025-01-13 02:13:52,True,
137095078,7,2025-01-13 02:50:11,2025-01-13 02:50:11,2025-01-13 01:57:23,True,
428654029,1,2025-01-13 02:50:11,2025-01-13 02:50:11,2025-01-13 02:50:11,False,
150870032,1,2025-01-13 02:50:12,2025-01-13 02:50:12,2025-01-13 02:50:12,False,
169848306,14,2025-01-13 02:50:13,2025-01-13 02:50:13,2025-01-13 02:03:08,True,
293117368,1,2025-01-13 02:50:13,2025-01-13 02:50:13,2025-01-13 02:50:13,False,
548382436,1,2025-01-13 02:50:14,2025-01-13 02:50:14,2025-01-13 02:50:14,False,
337768918,1,2025-01-13 02:50:15,2025-01-13 02:50:15,2025-01-13 02:50:15,False,
63773778,5,2025-01-13 02:50:16,2025-01-13 02:50:16,2025-01-13 02:03:12,True,
8347337,3,2025-01-13 02:50:16,2025-01-13 02:50:16,2025-01-13 02:09:42,True,
84162292,3,2025-01-13 02:50:17,2025-01-13 02:50:17,2025-01-13 02:03:34,True,
419526733,2,2025-01-13 02:50:17,2025-01-13 02:50:17,2025-01-13 02:24:16,True,
163299010,1,2025-01-13 02:50:18,2025-01-13 02:50:18,2025-01-13 02:50:18,False,
102769914,2,2025-01-13 02:50:18,2025-01-13 02:50:18,2025-01-13 02:15:46,True,
16563569,1,2025-01-13 02:50:19,2025-01-13 02:50:19,2025-01-13 02:50:19,False,
464015594,1,2025-01-13 02:50:19,2025-01-13 02:50:19,2025-01-13 02:50:19,False,
9147556,1,2025-01-13 02:50:20,2025-01-13 02:50:20,2025-01-13 02:50:20,False,
471823687,1,2025-01-13 02:50:21,2025-01-13 02:50:21,2025-01-13 02:50:21,False,
654847591,1,2025-01-13 02:50:21,2025-01-13 02:50:21,2025-01-13 02:50:21,False,
337453477,2,2025-01-13 02:50:22,2025-01-13 02:50:22,2025-01-13 02:23:53,True,
261891527,1,2025-01-13 02:50:22,2025-01-13 02:50:22,2025-01-13 02:50:22,False,
399995881,2,2025-01-13 02:50:24,2025-01-13 02:50:24,2025-01-13 02:16:37,True,
230398122,2,2025-01-13 02:50:25,2025-01-13 02:50:25,2025-01-13 02:19:24,True,
37612950,2,2025-01-13 02:50:25,2025-01-13 02:50:25,2025-01-13 02:36:53,True,
1271087,3,2025-01-13 02:50:27,2025-01-13 02:50:27,2025-01-13 01:56:04,True,
547841177,5,2025-01-13 02:50:36,2025-01-13 02:50:36,2025-01-13 01:57:07,True,
594224321,2,2025-01-13 02:50:36,2025-01-13 02:50:36,2025-01-13 02:07:04,True,
274333034,1,2025-01-13 02:50:37,2025-01-13 02:50:37,2025-01-13 02:50:37,False,
110598127,1,2025-01-13 02:50:37,2025-01-13 02:50:37,2025-01-13 02:50:37,False,
73068144,10,2025-01-13 02:50:37,2025-01-13 02:50:37,2025-01-13 02:06:39,True,
234165177,5,2025-01-13 02:50:38,2025-01-13 02:50:38,2025-01-13 02:08:25,True,
327796301,3,2025-01-13 02:50:38,2025-01-13 02:50:38,2025-01-13 02:16:57,True,
432138676,1,2025-01-13 02:50:39,2025-01-13 02:50:39,2025-01-13 02:50:39,False,
323719770,1,2025-01-13 02:50:39,2025-01-13 02:50:39,2025-01-13 02:50:39,False,
262876896,1,2025-01-13 02:50:40,2025-01-13 02:50:40,2025-01-13 02:50:40,False,
126304434,4,2025-01-13 02:50:42,2025-01-13 02:50:42,2025-01-13 01:55:10,True,
558894521,14,2025-01-13 02:50:44,2025-01-13 02:50:44,2025-01-13 01:57:30,True,
329978155,1,2025-01-13 02:50:46,2025-01-13 02:50:46,2025-01-13 02:50:46,False,
301901319,1,2025-01-13 02:50:47,2025-01-13 02:50:47,2025-01-13 02:50:47,False,
435937608,2,2025-01-13 02:50:47,2025-01-13 02:50:47,2025-01-13 02:27:32,True,
31533493,1,2025-01-13 02:50:48,2025-01-13 02:50:48,2025-01-13 02:50:48,False,
9506232,2,2025-01-13 02:50:49,2025-01-13 02:50:49,2025-01-13 02:49:03,True,
487966867,1,2025-01-13 02:50:51,2025-01-13 02:50:51,2025-01-13 02:50:51,False,
96045548,6,2025-01-13 02:50:52,2025-01-13 02:50:52,2025-01-13 01:59:28,True,
497239104,3,2025-01-13 02:50:52,2025-01-13 02:50:52,2025-01-13 01:58:36,True,
247426018,1,2025-01-13 02:50:54,2025-01-13 02:50:54,2025-01-13 02:50:54,False,
40414669,1,2025-01-13 02:51:00,2025-01-13 02:51:00,2025-01-13 02:51:00,False,
156185272,1,2025-01-13 02:51:16,2025-01-13 02:51:16,2025-01-13 02:51:16,False,
68856770,1,2025-01-13 02:51:16,2025-01-13 02:51:16,2025-01-13 02:51:16,False,
63237197,1,2025-01-13 02:51:48,2025-01-13 02:51:48,2025-01-13 02:51:48,False,
169498977,1,2025-01-13 02:52:07,2025-01-13 02:52:07,2025-01-13 02:52:07,False,
441951263,1,2025-01-13 02:52:10,2025-01-13 02:52:10,2025-01-13 02:52:10,False,
106642020,1,2025-01-13 01:54:16,2025-01-13 01:54:16,2025-01-13 01:54:16,False,
86766717,1,2025-01-13 01:54:17,2025-01-13 01:54:17,2025-01-13 01:54:17,False,
498161383,1,2025-01-13 01:54:18,2025-01-13 01:54:18,2025-01-13 01:54:18,False,
106715459,1,2025-01-13 01:54:19,2025-01-13 01:54:19,2025-01-13 01:54:19,False,
156809164,1,2025-01-13 01:54:19,2025-01-13 01:54:19,2025-01-13 01:54:19,False,
117687109,1,2025-01-13 01:54:26,2025-01-13 01:54:26,2025-01-13 01:54:26,False,
258214366,1,2025-01-13 01:54:28,2025-01-13 01:54:28,2025-01-13 01:54:28,False,
563045946,1,2025-01-13 01:54:30,2025-01-13 01:54:30,2025-01-13 01:54:30,False,
542877562,1,2025-01-13 01:54:34,2025-01-13 01:54:34,2025-01-13 01:54:34,False,
116301774,1,2025-01-13 01:54:34,2025-01-13 01:54:34,2025-01-13 01:54:34,False,
377759233,1,2025-01-13 01:54:39,2025-01-13 01:54:39,2025-01-13 01:54:39,False,
204699730,1,2025-01-13 01:54:40,2025-01-13 01:54:40,2025-01-13 01:54:40,False,
548289493,1,2025-01-13 01:54:40,2025-01-13 01:54:40,2025-01-13 01:54:40,False,
652572711,1,2025-01-13 01:54:42,2025-01-13 01:54:42,2025-01-13 01:54:42,False,
652648522,1,2025-01-13 01:54:44,2025-01-13 01:54:44,2025-01-13 01:54:44,False,
483805483,1,2025-01-13 01:54:46,2025-01-13 01:54:46,2025-01-13 01:54:46,False,
284959411,1,2025-01-13 01:54:46,2025-01-13 01:54:46,2025-01-13 01:54:46,False,
494145270,1,2025-01-13 01:54:47,2025-01-13 01:54:47,2025-01-13 01:54:47,False,
65675548,1,2025-01-13 01:54:48,2025-01-13 01:54:48,2025-01-13 01:54:48,False,
538843653,1,2025-01-13 01:54:49,2025-01-13 01:54:49,2025-01-13 01:54:49,False,
103043977,1,2025-01-13 01:54:50,2025-01-13 01:54:50,2025-01-13 01:54:50,False,
662955321,1,2025-01-13 01:54:50,2025-01-13 01:54:50,2025-01-13 01:54:50,False,
423201941,1,2025-01-13 01:54:50,2025-01-13 01:54:50,2025-01-13 01:54:50,False,
102340166,1,2025-01-13 01:54:50,2025-01-13 01:54:50,2025-01-13 01:54:50,False,
146295936,1,2025-01-13 01:54:51,2025-01-13 01:54:51,2025-01-13 01:54:51,False,
485337224,1,2025-01-13 01:54:51,2025-01-13 01:54:51,2025-01-13 01:54:51,False,
653682234,1,2025-01-13 01:54:52,2025-01-13 01:54:52,2025-01-13 01:54:52,False,
299386331,1,2025-01-13 01:55:01,2025-01-13 01:55:01,2025-01-13 01:55:01,False,
488618560,1,2025-01-13 01:55:02,2025-01-13 01:55:02,2025-01-13 01:55:02,False,
226904475,1,2025-01-13 01:55:03,2025-01-13 01:55:03,2025-01-13 01:55:03,False,
434351129,1,2025-01-13 01:55:04,2025-01-13 01:55:04,2025-01-13 01:55:04,False,
661231960,1,2025-01-13 01:55:05,2025-01-13 01:55:05,2025-01-13 01:55:05,False,
374425488,1,2025-01-13 01:55:06,2025-01-13 01:55:06,2025-01-13 01:55:06,False,
221037215,1,2025-01-13 01:55:06,2025-01-13 01:55:06,2025-01-13 01:55:06,False,
30212746,1,2025-01-13 01:55:06,2025-01-13 01:55:06,2025-01-13 01:55:06,False,
85891880,1,2025-01-13 01:55:07,2025-01-13 01:55:07,2025-01-13 01:55:07,False,
36070472,1,2025-01-13 01:55:09,2025-01-13 01:55:09,2025-01-13 01:55:09,False,
572731210,1,2025-01-13 01:55:10,2025-01-13 01:55:10,2025-01-13 01:55:10,False,
429909078,1,2025-01-13 01:55:12,2025-01-13 01:55:12,2025-01-13 01:55:12,False,
330683989,5,2025-01-13 02:40:38,2025-01-13 02:40:38,2025-01-13 02:01:49,True,
545991719,1,2025-01-13 02:40:39,2025-01-13 02:40:39,2025-01-13 02:40:39,False,
550189679,1,2025-01-13 02:40:40,2025-01-13 02:40:40,2025-01-13 02:40:40,False,
420142305,2,2025-01-13 02:40:42,2025-01-13 02:40:42,2025-01-13 02:12:23,True,
163555140,5,2025-01-13 02:40:43,2025-01-13 02:40:43,2025-01-13 01:58:09,True,
582437326,1,2025-01-13 02:40:45,2025-01-13 02:40:45,2025-01-13 02:40:45,False,
192888631,1,2025-01-13 02:40:45,2025-01-13 02:40:45,2025-01-13 02:40:45,False,
662062026,1,2025-01-13 02:40:45,2025-01-13 02:40:45,2025-01-13 02:40:45,False,
546926457,1,2025-01-13 02:40:45,2025-01-13 02:40:45,2025-01-13 02:40:45,False,
493553283,1,2025-01-13 02:40:47,2025-01-13 02:40:47,2025-01-13 02:40:47,False,
549335134,3,2025-01-13 02:40:50,2025-01-13 02:40:50,2025-01-13 02:28:09,True,
232233138,2,2025-01-13 02:40:53,2025-01-13 02:40:53,2025-01-13 02:29:21,True,
225959170,1,2025-01-13 02:40:54,2025-01-13 02:40:54,2025-01-13 02:40:54,False,
488106109,2,2025-01-13 02:40:57,2025-01-13 02:40:57,2025-01-13 02:07:33,True,
398976001,1,2025-01-13 02:40:57,2025-01-13 02:40:57,2025-01-13 02:40:57,False,
455826755,1,2025-01-13 02:41:03,2025-01-13 02:41:03,2025-01-13 02:41:03,False,
160783538,1,2025-01-13 02:41:04,2025-01-13 02:41:04,2025-01-13 02:41:04,False,
110204537,1,2025-01-13 02:41:05,2025-01-13 02:41:05,2025-01-13 02:41:05,False,
308822794,1,2025-01-13 02:41:08,2025-01-13 02:41:08,2025-01-13 02:41:08,False,
436330621,1,2025-01-13 02:41:08,2025-01-13 02:41:08,2025-01-13 02:41:08,False,
324595100,4,2025-01-13 02:41:10,2025-01-13 02:41:10,2025-01-13 02:21:49,True,
559816575,2,2025-01-13 02:41:11,2025-01-13 02:41:11,2025-01-13 02:22:48,True,
32786701,1,2025-01-13 02:41:12,2025-01-13 02:41:12,2025-01-13 02:41:12,False,
502467313,1,2025-01-13 02:41:12,2025-01-13 02:41:12,2025-01-13 02:41:12,False,
317388385,1,2025-01-13 01:55:13,2025-01-13 01:55:13,2025-01-13 01:55:13,False,
395975580,1,2025-01-13 01:55:13,2025-01-13 01:55:13,2025-01-13 01:55:13,False,
438480526,1,2025-01-13 01:55:13,2025-01-13 01:55:13,2025-01-13 01:55:13,False,
498276026,1,2025-01-13 01:55:14,2025-01-13 01:55:14,2025-01-13 01:55:14,False,
155165410,1,2025-01-13 01:55:14,2025-01-13 01:55:14,2025-01-13 01:55:14,False,
158464110,1,2025-01-13 01:55:15,2025-01-13 01:55:15,2025-01-13 01:55:15,False,
228402630,1,2025-01-13 01:55:18,2025-01-13 01:55:18,2025-01-13 01:55:18,False,
227845949,1,2025-01-13 01:55:19,2025-01-13 01:55:19,2025-01-13 01:55:19,False,
313547090,1,2025-01-13 01:55:19,2025-01-13 01:55:19,2025-01-13 01:55:19,False,
490367543,1,2025-01-13 01:55:21,2025-01-13 01:55:21,2025-01-13 01:55:21,False,
319503302,1,2025-01-13 01:55:21,2025-01-13 01:55:21,2025-01-13 01:55:21,False,
548437041,1,2025-01-13 01:55:23,2025-01-13 01:55:23,2025-01-13 01:55:23,False,
478435329,1,2025-01-13 01:55:23,2025-01-13 01:55:23,2025-01-13 01:55:23,False,
493525990,1,2025-01-13 01:55:23,2025-01-13 01:55:23,2025-01-13 01:55:23,False,
167766185,1,2025-01-13 01:55:25,2025-01-13 01:55:25,2025-01-13 01:55:25,False,
230025902,1,2025-01-13 01:55:25,2025-01-13 01:55:25,2025-01-13 01:55:25,False,
385117347,1,2025-01-13 01:55:28,2025-01-13 01:55:28,2025-01-13 01:55:28,False,
340571146,1,2025-01-13 01:55:32,2025-01-13 01:55:32,2025-01-13 01:55:32,False,
307706004,1,2025-01-13 01:55:32,2025-01-13 01:55:32,2025-01-13 01:55:32,False,
551408958,1,2025-01-13 01:55:32,2025-01-13 01:55:32,2025-01-13 01:55:32,False,
36820494,1,2025-01-13 01:55:34,2025-01-13 01:55:34,2025-01-13 01:55:34,False,
319893173,1,2025-01-13 01:55:34,2025-01-13 01:55:34,2025-01-13 01:55:34,False,
221706412,1,2025-01-13 01:55:35,2025-01-13 01:55:35,2025-01-13 01:55:35,False,
64893490,1,2025-01-13 01:55:35,2025-01-13 01:55:35,2025-01-13 01:55:35,False,
590436495,1,2025-01-13 01:55:42,2025-01-13 01:55:42,2025-01-13 01:55:42,False,
232917938,1,2025-01-13 01:55:42,2025-01-13 01:55:42,2025-01-13 01:55:42,False,
307859306,1,2025-01-13 01:55:43,2025-01-13 01:55:43,2025-01-13 01:55:43,False,
391573461,1,2025-01-13 01:55:46,2025-01-13 01:55:46,2025-01-13 01:55:46,False,
157664879,1,2025-01-13 01:55:48,2025-01-13 01:55:48,2025-01-13 01:55:48,False,
372065748,1,2025-01-13 01:55:49,2025-01-13 01:55:49,2025-01-13 01:55:49,False,
63155078,1,2025-01-13 01:55:50,2025-01-13 01:55:50,2025-01-13 01:55:50,False,
482332424,1,2025-01-13 01:55:51,2025-01-13 01:55:51,2025-01-13 01:55:51,False,
157197559,1,2025-01-13 01:55:51,2025-01-13 01:55:51,2025-01-13 01:55:51,False,
113727835,1,2025-01-13 01:55:51,2025-01-13 01:55:51,2025-01-13 01:55:51,False,
153811598,1,2025-01-13 01:55:51,2025-01-13 01:55:51,2025-01-13 01:55:51,False,
242898450,1,2025-01-13 01:55:52,2025-01-13 01:55:52,2025-01-13 01:55:52,False,
475311372,1,2025-01-13 01:55:53,2025-01-13 01:55:53,2025-01-13 01:55:53,False,
338776641,1,2025-01-13 01:55:54,2025-01-13 01:55:54,2025-01-13 01:55:54,False,
222436787,1,2025-01-13 01:55:56,2025-01-13 01:55:56,2025-01-13 01:55:56,False,
595606037,1,2025-01-13 01:55:56,2025-01-13 01:55:56,2025-01-13 01:55:56,False,
247696441,1,2025-01-13 01:55:59,2025-01-13 01:55:59,2025-01-13 01:55:59,False,
240470371,1,2025-01-13 01:56:00,2025-01-13 01:56:00,2025-01-13 01:56:00,False,
286958538,1,2025-01-13 01:56:01,2025-01-13 01:56:01,2025-01-13 01:56:01,False,
193260069,1,2025-01-13 01:56:02,2025-01-13 01:56:02,2025-01-13 01:56:02,False,
558264960,1,2025-01-13 01:56:02,2025-01-13 01:56:02,2025-01-13 01:56:02,False,
66665025,1,2025-01-13 01:59:57,2025-01-13 01:59:57,2025-01-13 01:59:57,False,
271799023,2,2025-01-13 01:59:59,2025-01-13 01:59:59,2025-01-13 01:58:59,True,
150136635,1,2025-01-13 02:00:02,2025-01-13 02:00:02,2025-01-13 02:00:02,False,
80578530,1,2025-01-13 02:00:03,2025-01-13 02:00:03,2025-01-13 02:00:03,False,
510683745,1,2025-01-13 02:00:05,2025-01-13 02:00:05,2025-01-13 02:00:05,False,
435365117,1,2025-01-13 02:00:07,2025-01-13 02:00:07,2025-01-13 02:00:07,False,
304835914,1,2025-01-13 02:00:10,2025-01-13 02:00:10,2025-01-13 02:00:10,False,
307148021,1,2025-01-13 02:00:14,2025-01-13 02:00:14,2025-01-13 02:00:14,False,
173569929,1,2025-01-13 02:00:16,2025-01-13 02:00:16,2025-01-13 02:00:16,False,
553828902,1,2025-01-13 02:00:18,2025-01-13 02:00:18,2025-01-13 02:00:18,False,
231813214,1,2025-01-13 02:00:19,2025-01-13 02:00:19,2025-01-13 02:00:19,False,
309967691,1,2025-01-13 02:00:19,2025-01-13 02:00:19,2025-01-13 02:00:19,False,
240482946,1,2025-01-13 02:00:20,2025-01-13 02:00:20,2025-01-13 02:00:20,False,
120608403,1,2025-01-13 02:00:21,2025-01-13 02:00:21,2025-01-13 02:00:21,False,
180302094,1,2025-01-13 02:00:23,2025-01-13 02:00:23,2025-01-13 02:00:23,False,
547850934,1,2025-01-13 02:00:23,2025-01-13 02:00:23,2025-01-13 02:00:23,False,
473067500,1,2025-01-13 02:00:25,2025-01-13 02:00:25,2025-01-13 02:00:25,False,
386092077,1,2025-01-13 02:00:26,2025-01-13 02:00:26,2025-01-13 02:00:26,False,
332706861,1,2025-01-13 02:00:26,2025-01-13 02:00:26,2025-01-13 02:00:26,False,
531099573,1,2025-01-13 02:00:27,2025-01-13 02:00:27,2025-01-13 02:00:27,False,
112652747,1,2025-01-13 02:00:32,2025-01-13 02:00:32,2025-01-13 02:00:32,False,
160909294,1,2025-01-13 02:00:36,2025-01-13 02:00:36,2025-01-13 02:00:36,False,
553105537,1,2025-01-13 02:00:36,2025-01-13 02:00:36,2025-01-13 02:00:36,False,
118335243,1,2025-01-13 02:00:36,2025-01-13 02:00:36,2025-01-13 02:00:36,False,
296358509,1,2025-01-13 02:00:40,2025-01-13 02:00:40,2025-01-13 02:00:40,False,
654971828,1,2025-01-13 02:00:41,2025-01-13 02:00:41,2025-01-13 02:00:41,False,
3720208,1,2025-01-13 02:00:43,2025-01-13 02:00:43,2025-01-13 02:00:43,False,
162454953,1,2025-01-13 02:00:44,2025-01-13 02:00:44,2025-01-13 02:00:44,False,
318376849,1,2025-01-13 02:00:45,2025-01-13 02:00:45,2025-01-13 02:00:45,False,
486243603,1,2025-01-13 02:00:45,2025-01-13 02:00:45,2025-01-13 02:00:45,False,
536971367,1,2025-01-13 02:00:47,2025-01-13 02:00:47,2025-01-13 02:00:47,False,
509905508,1,2025-01-13 02:00:47,2025-01-13 02:00:47,2025-01-13 02:00:47,False,
537941346,1,2025-01-13 02:00:47,2025-01-13 02:00:47,2025-01-13 02:00:47,False,
384242018,1,2025-01-13 02:00:47,2025-01-13 02:00:47,2025-01-13 02:00:47,False,
412583841,1,2025-01-13 02:00:48,2025-01-13 02:00:48,2025-01-13 02:00:48,False,
399732548,1,2025-01-13 02:00:48,2025-01-13 02:00:48,2025-01-13 02:00:48,False,
387956330,1,2025-01-13 02:00:49,2025-01-13 02:00:49,2025-01-13 02:00:49,False,
653206400,1,2025-01-13 02:00:49,2025-01-13 02:00:49,2025-01-13 02:00:49,False,
327326786,1,2025-01-13 02:52:26,2025-01-13 02:52:26,2025-01-13 02:52:26,False,
302546155,1,2025-01-13 02:52:27,2025-01-13 02:52:27,2025-01-13 02:52:27,False,
456167521,2,2025-01-13 02:52:32,2025-01-13 02:52:32,2025-01-13 02:16:34,True,
284848826,1,2025-01-13 02:52:42,2025-01-13 02:52:42,2025-01-13 02:52:42,False,
550983942,1,2025-01-13 02:52:47,2025-01-13 02:52:47,2025-01-13 02:52:47,False,
128145790,1,2025-01-13 02:52:56,2025-01-13 02:52:56,2025-01-13 02:52:56,False,
226907691,1,2025-01-13 02:52:57,2025-01-13 02:52:57,2025-01-13 02:52:57,False,
371212109,1,2025-01-13 02:52:59,2025-01-13 02:52:59,2025-01-13 02:52:59,False,
218950415,1,2025-01-13 02:53:06,2025-01-13 02:53:06,2025-01-13 02:53:06,False,
200196762,1,2025-01-13 02:53:11,2025-01-13 02:53:11,2025-01-13 02:53:11,False,
658298171,1,2025-01-13 02:53:19,2025-01-13 02:53:19,2025-01-13 02:53:19,False,
496371477,1,2025-01-13 02:53:19,2025-01-13 02:53:19,2025-01-13 02:53:19,False,
478531409,1,2025-01-13 02:53:33,2025-01-13 02:53:33,2025-01-13 02:53:33,False,
29172230,1,2025-01-13 02:53:39,2025-01-13 02:53:39,2025-01-13 02:53:39,False,
430763915,1,2025-01-13 02:54:08,2025-01-13 02:54:08,2025-01-13 02:54:08,False,
666542806,1,2025-01-13 02:54:12,2025-01-13 02:54:12,2025-01-13 02:54:12,False,
526961371,1,2025-01-13 02:54:41,2025-01-13 02:54:41,2025-01-13 02:54:41,False,
438100056,1,2025-01-13 02:54:46,2025-01-13 02:54:46,2025-01-13 02:54:46,False,
7182017,1,2025-01-13 02:54:58,2025-01-13 02:54:58,2025-01-13 02:54:58,False,
236312282,3,2025-01-13 02:54:58,2025-01-13 02:54:58,2025-01-13 02:40:10,True,
438804537,1,2025-01-13 02:55:03,2025-01-13 02:55:03,2025-01-13 02:55:03,False,
110419832,8,2025-01-13 02:55:06,2025-01-13 02:55:06,2025-01-13 02:29:24,True,
508746887,1,2025-01-13 02:55:09,2025-01-13 02:55:09,2025-01-13 02:55:09,False,
314843421,1,2025-01-13 02:55:13,2025-01-13 02:55:13,2025-01-13 02:55:13,False,
219172555,2,2025-01-13 02:55:21,2025-01-13 02:55:21,2025-01-13 02:15:10,True,
103471234,2,2025-01-13 02:55:24,2025-01-13 02:55:24,2025-01-13 02:46:27,True,
492901416,1,2025-01-13 02:55:26,2025-01-13 02:55:26,2025-01-13 02:55:26,False,
424719219,2,2025-01-13 02:55:28,2025-01-13 02:55:28,2025-01-13 02:48:05,True,
502628372,1,2025-01-13 02:55:47,2025-01-13 02:55:47,2025-01-13 02:55:47,False,
6144177,1,2025-01-13 02:56:02,2025-01-13 02:56:02,2025-01-13 02:56:02,False,
155927177,1,2025-01-13 02:56:10,2025-01-13 02:56:10,2025-01-13 02:56:10,False,
230357643,1,2025-01-13 02:56:36,2025-01-13 02:56:36,2025-01-13 02:56:36,False,
133520764,4,2025-01-13 02:56:57,2025-01-13 02:56:57,2025-01-13 01:55:26,True,
588250573,4,2025-01-13 02:57:03,2025-01-13 02:57:03,2025-01-13 02:52:24,True,
550979697,1,2025-01-13 02:57:10,2025-01-13 02:57:10,2025-01-13 02:57:10,False,
666849674,1,2025-01-13 02:57:12,2025-01-13 02:57:12,2025-01-13 02:57:12,False,
111483581,1,2025-01-13 02:57:12,2025-01-13 02:57:12,2025-01-13 02:57:12,False,
27861348,1,2025-01-13 02:57:18,2025-01-13 02:57:18,2025-01-13 02:57:18,False,
117691672,2,2025-01-13 02:57:18,2025-01-13 02:57:18,2025-01-13 01:59:19,True,
438298228,1,2025-01-13 02:57:23,2025-01-13 02:57:23,2025-01-13 02:57:23,False,
324955349,1,2025-01-13 02:49:36,2025-01-13 02:49:36,2025-01-13 02:49:36,False,
126768209,1,2025-01-13 02:49:37,2025-01-13 02:49:37,2025-01-13 02:49:37,False,
385831829,9,2025-01-13 02:49:41,2025-01-13 02:49:41,2025-01-13 01:58:30,True,
103191161,1,2025-01-13 02:49:42,2025-01-13 02:49:42,2025-01-13 02:49:42,False,
378674365,1,2025-01-13 02:49:43,2025-01-13 02:49:43,2025-01-13 02:49:43,False,
414476763,1,2025-01-13 02:49:45,2025-01-13 02:49:45,2025-01-13 02:49:45,False,
593370025,1,2025-01-13 02:49:46,2025-01-13 02:49:46,2025-01-13 02:49:46,False,
245194685,2,2025-01-13 02:49:49,2025-01-13 02:49:49,2025-01-13 02:27:52,True,
93488552,1,2025-01-13 02:49:50,2025-01-13 02:49:50,2025-01-13 02:49:50,False,
310877946,1,2025-01-13 02:49:51,2025-01-13 02:49:51,2025-01-13 02:49:51,False,
201183053,3,2025-01-13 02:49:53,2025-01-13 02:49:53,2025-01-13 01:58:16,True,
169512508,9,2025-01-13 02:49:54,2025-01-13 02:49:54,2025-01-13 02:08:39,True,
497496739,1,2025-01-13 02:50:02,2025-01-13 02:50:02,2025-01-13 02:50:02,False,
117825422,1,2025-01-13 02:50:02,2025-01-13 02:50:02,2025-01-13 02:50:02,False,
537722359,1,2025-01-13 02:50:03,2025-01-13 02:50:03,2025-01-13 02:50:03,False,
323043033,4,2025-01-13 02:50:03,2025-01-13 02:50:03,2025-01-13 02:10:07,True,
133991722,2,2025-01-13 02:50:05,2025-01-13 02:50:05,2025-01-13 02:38:55,True,
489740039,1,2025-01-13 02:00:56,2025-01-13 02:00:56,2025-01-13 02:00:56,False,
475958056,1,2025-01-13 02:01:00,2025-01-13 02:01:00,2025-01-13 02:01:00,False,
179785485,1,2025-01-13 02:01:00,2025-01-13 02:01:00,2025-01-13 02:01:00,False,
365813520,1,2025-01-13 02:01:00,2025-01-13 02:01:00,2025-01-13 02:01:00,False,
552771051,1,2025-01-13 02:01:05,2025-01-13 02:01:05,2025-01-13 02:01:05,False,
121774009,1,2025-01-13 02:01:05,2025-01-13 02:01:05,2025-01-13 02:01:05,False,
464564964,1,2025-01-13 02:01:08,2025-01-13 02:01:08,2025-01-13 02:01:08,False,
438301067,1,2025-01-13 02:01:14,2025-01-13 02:01:14,2025-01-13 02:01:14,False,
20914817,1,2025-01-13 02:01:14,2025-01-13 02:01:14,2025-01-13 02:01:14,False,
533915003,1,2025-01-13 02:01:14,2025-01-13 02:01:14,2025-01-13 02:01:14,False,
381068128,1,2025-01-13 02:01:15,2025-01-13 02:01:15,2025-01-13 02:01:15,False,
306812945,1,2025-01-13 02:01:25,2025-01-13 02:01:25,2025-01-13 02:01:25,False,
114688727,1,2025-01-13 02:01:26,2025-01-13 02:01:26,2025-01-13 02:01:26,False,
13785746,1,2025-01-13 02:02:18,2025-01-13 02:02:18,2025-01-13 02:02:18,False,
551724691,1,2025-01-13 02:02:20,2025-01-13 02:02:20,2025-01-13 02:02:20,False,
356797101,1,2025-01-13 02:02:21,2025-01-13 02:02:21,2025-01-13 02:02:21,False,
375248486,1,2025-01-13 02:02:24,2025-01-13 02:02:24,2025-01-13 02:02:24,False,
105965686,1,2025-01-13 02:02:27,2025-01-13 02:02:27,2025-01-13 02:02:27,False,
162145287,1,2025-01-13 02:02:28,2025-01-13 02:02:28,2025-01-13 02:02:28,False,
166417497,1,2025-01-13 02:02:28,2025-01-13 02:02:28,2025-01-13 02:02:28,False,
530461020,1,2025-01-13 02:02:29,2025-01-13 02:02:29,2025-01-13 02:02:29,False,
168804260,1,2025-01-13 02:02:30,2025-01-13 02:02:30,2025-01-13 02:02:30,False,
147662807,1,2025-01-13 02:02:31,2025-01-13 02:02:31,2025-01-13 02:02:31,False,
103222174,1,2025-01-13 02:02:32,2025-01-13 02:02:32,2025-01-13 02:02:32,False,
219526601,1,2025-01-13 02:02:32,2025-01-13 02:02:32,2025-01-13 02:02:32,False,
580968175,1,2025-01-13 02:02:34,2025-01-13 02:02:34,2025-01-13 02:02:34,False,
551371832,1,2025-01-13 02:02:38,2025-01-13 02:02:38,2025-01-13 02:02:38,False,
383801975,1,2025-01-13 02:02:41,2025-01-13 02:02:41,2025-01-13 02:02:41,False,
142503046,1,2025-01-13 02:02:42,2025-01-13 02:02:42,2025-01-13 02:02:42,False,
556325245,1,2025-01-13 02:02:43,2025-01-13 02:02:43,2025-01-13 02:02:43,False,
659750357,1,2025-01-13 02:02:45,2025-01-13 02:02:45,2025-01-13 02:02:45,False,
411344539,1,2025-01-13 02:02:48,2025-01-13 02:02:48,2025-01-13 02:02:48,False,
108666100,1,2025-01-13 02:02:49,2025-01-13 02:02:49,2025-01-13 02:02:49,False,
549260873,1,2025-01-13 02:24:11,2025-01-13 02:24:11,2025-01-13 02:24:11,False,
429303042,1,2025-01-13 02:24:11,2025-01-13 02:24:11,2025-01-13 02:24:11,False,
456024308,1,2025-01-13 02:24:14,2025-01-13 02:24:14,2025-01-13 02:24:14,False,
483524395,1,2025-01-13 02:24:16,2025-01-13 02:24:16,2025-01-13 02:24:16,False,
398639276,1,2025-01-13 02:24:17,2025-01-13 02:24:17,2025-01-13 02:24:17,False,
508829317,1,2025-01-13 02:24:18,2025-01-13 02:24:18,2025-01-13 02:24:18,False,
482395736,2,2025-01-13 02:24:19,2025-01-13 02:24:19,2025-01-13 01:57:06,True,
212119218,1,2025-01-13 02:24:20,2025-01-13 02:24:20,2025-01-13 02:24:20,False,
462941209,1,2025-01-13 02:24:21,2025-01-13 02:24:21,2025-01-13 02:24:21,False,
377247370,1,2025-01-13 02:24:25,2025-01-13 02:24:25,2025-01-13 02:24:25,False,
407886456,1,2025-01-13 02:24:26,2025-01-13 02:24:26,2025-01-13 02:24:26,False,
265470211,1,2025-01-13 02:24:27,2025-01-13 02:24:27,2025-01-13 02:24:27,False,
242553173,2,2025-01-13 02:24:28,2025-01-13 02:24:28,2025-01-13 02:17:24,True,
539028126,1,2025-01-13 02:24:29,2025-01-13 02:24:29,2025-01-13 02:24:29,False,
232534010,1,2025-01-13 02:24:31,2025-01-13 02:24:31,2025-01-13 02:24:31,False,
659482338,1,2025-01-13 02:24:33,2025-01-13 02:24:33,2025-01-13 02:24:33,False,
77266046,1,2025-01-13 02:24:36,2025-01-13 02:24:36,2025-01-13 02:24:36,False,
659754862,1,2025-01-13 02:24:37,2025-01-13 02:24:37,2025-01-13 02:24:37,False,
220694322,1,2025-01-13 02:25:37,2025-01-13 02:25:37,2025-01-13 02:25:37,False,
55102257,2,2025-01-13 02:25:37,2025-01-13 02:25:37,2025-01-13 02:16:01,True,
532178967,3,2025-01-13 02:25:39,2025-01-13 02:25:39,2025-01-13 01:55:06,True,
419818403,1,2025-01-13 02:25:41,2025-01-13 02:25:41,2025-01-13 02:25:41,False,
49344444,2,2025-01-13 02:25:42,2025-01-13 02:25:42,2025-01-13 02:04:25,True,
420698857,1,2025-01-13 02:25:44,2025-01-13 02:25:44,2025-01-13 02:25:44,False,
668234945,1,2025-01-13 02:25:46,2025-01-13 02:25:46,2025-01-13 02:25:46,False,
166783222,1,2025-01-13 02:25:47,2025-01-13 02:25:47,2025-01-13 02:25:47,False,
171009827,1,2025-01-13 02:25:47,2025-01-13 02:25:47,2025-01-13 02:25:47,False,
663942337,1,2025-01-13 02:25:48,2025-01-13 02:25:48,2025-01-13 02:25:48,False,
662148418,1,2025-01-13 02:25:49,2025-01-13 02:25:49,2025-01-13 02:25:49,False,
534657144,1,2025-01-13 02:25:49,2025-01-13 02:25:49,2025-01-13 02:25:49,False,
329011622,1,2025-01-13 02:25:50,2025-01-13 02:25:50,2025-01-13 02:25:50,False,
485417531,1,2025-01-13 02:25:53,2025-01-13 02:25:53,2025-01-13 02:25:53,False,
156633396,1,2025-01-13 02:25:54,2025-01-13 02:25:54,2025-01-13 02:25:54,False,
541296980,1,2025-01-13 02:25:55,2025-01-13 02:25:55,2025-01-13 02:25:55,False,
529722001,2,2025-01-13 02:25:58,2025-01-13 02:25:58,2025-01-13 02:21:08,True,
138334153,1,2025-01-13 02:26:00,2025-01-13 02:26:00,2025-01-13 02:26:00,False,
249951767,1,2025-01-13 02:26:02,2025-01-13 02:26:02,2025-01-13 02:26:02,False,
425429201,1,2025-01-13 02:26:06,2025-01-13 02:26:06,2025-01-13 02:26:06,False,
663203205,1,2025-01-13 02:26:09,2025-01-13 02:26:09,2025-01-13 02:26:09,False,
206392989,1,2025-01-13 02:07:22,2025-01-13 02:07:22,2025-01-13 02:07:22,False,
432796459,1,2025-01-13 02:07:24,2025-01-13 02:07:24,2025-01-13 02:07:24,False,
484809100,1,2025-01-13 02:07:27,2025-01-13 02:07:27,2025-01-13 02:07:27,False,
663825538,1,2025-01-13 02:07:30,2025-01-13 02:07:30,2025-01-13 02:07:30,False,
217274366,1,2025-01-13 02:07:35,2025-01-13 02:07:35,2025-01-13 02:07:35,False,
281844017,1,2025-01-13 02:07:37,2025-01-13 02:07:37,2025-01-13 02:07:37,False,
155757223,1,2025-01-13 02:07:39,2025-01-13 02:07:39,2025-01-13 02:07:39,False,
404546367,1,2025-01-13 02:07:39,2025-01-13 02:07:39,2025-01-13 02:07:39,False,
106604152,1,2025-01-13 02:07:40,2025-01-13 02:07:40,2025-01-13 02:07:40,False,
28969520,1,2025-01-13 02:07:41,2025-01-13 02:07:41,2025-01-13 02:07:41,False,
483153249,2,2025-01-13 02:07:41,2025-01-13 02:07:41,2025-01-13 02:07:02,True,
562749895,1,2025-01-13 02:07:43,2025-01-13 02:07:43,2025-01-13 02:07:43,False,
582220982,1,2025-01-13 02:07:43,2025-01-13 02:07:43,2025-01-13 02:07:43,False,
465532494,2,2025-01-13 02:07:43,2025-01-13 02:07:43,2025-01-13 01:55:12,True,
346050275,1,2025-01-13 02:07:45,2025-01-13 02:07:45,2025-01-13 02:07:45,False,
586424696,1,2025-01-13 02:07:47,2025-01-13 02:07:47,2025-01-13 02:07:47,False,
251133622,1,2025-01-13 02:07:48,2025-01-13 02:07:48,2025-01-13 02:07:48,False,
94087822,1,2025-01-13 02:07:48,2025-01-13 02:07:48,2025-01-13 02:07:48,False,
305296132,1,2025-01-13 02:07:49,2025-01-13 02:07:49,2025-01-13 02:07:49,False,
154687772,1,2025-01-13 02:09:17,2025-01-13 02:09:17,2025-01-13 02:09:17,False,
245812049,1,2025-01-13 02:09:18,2025-01-13 02:09:18,2025-01-13 02:09:18,False,
161033971,2,2025-01-13 02:09:19,2025-01-13 02:09:19,2025-01-13 02:00:53,True,
544216800,1,2025-01-13 02:09:22,2025-01-13 02:09:22,2025-01-13 02:09:22,False,
125617972,1,2025-01-13 02:09:24,2025-01-13 02:09:24,2025-01-13 02:09:24,False,
51178857,1,2025-01-13 02:09:26,2025-01-13 02:09:26,2025-01-13 02:09:26,False,
12901059,1,2025-01-13 02:09:29,2025-01-13 02:09:29,2025-01-13 02:09:29,False,
114146376,1,2025-01-13 02:09:35,2025-01-13 02:09:35,2025-01-13 02:09:35,False,
202322940,1,2025-01-13 02:09:36,2025-01-13 02:09:36,2025-01-13 02:09:36,False,
549239720,1,2025-01-13 02:09:38,2025-01-13 02:09:38,2025-01-13 02:09:38,False,
580039978,1,2025-01-13 02:09:41,2025-01-13 02:09:41,2025-01-13 02:09:41,False,
449933936,1,2025-01-13 02:09:43,2025-01-13 02:09:43,2025-01-13 02:09:43,False,
316842971,1,2025-01-13 02:09:43,2025-01-13 02:09:43,2025-01-13 02:09:43,False,
592155592,1,2025-01-13 01:56:07,2025-01-13 01:56:07,2025-01-13 01:56:07,False,
541005658,1,2025-01-13 01:56:07,2025-01-13 01:56:07,2025-01-13 01:56:07,False,
567044473,1,2025-01-13 01:56:07,2025-01-13 01:56:07,2025-01-13 01:56:07,False,
532964471,1,2025-01-13 01:56:10,2025-01-13 01:56:10,2025-01-13 01:56:10,False,
660229145,1,2025-01-13 01:56:11,2025-01-13 01:56:11,2025-01-13 01:56:11,False,
108477136,1,2025-01-13 01:56:14,2025-01-13 01:56:14,2025-01-13 01:56:14,False,
202564441,1,2025-01-13 01:56:14,2025-01-13 01:56:14,2025-01-13 01:56:14,False,
213815652,1,2025-01-13 01:59:01,2025-01-13 01:59:01,2025-01-13 01:59:01,False,
379732980,1,2025-01-13 01:59:04,2025-01-13 01:59:04,2025-01-13 01:59:04,False,
652941482,1,2025-01-13 01:59:04,2025-01-13 01:59:04,2025-01-13 01:59:04,False,
557595031,1,2025-01-13 01:59:05,2025-01-13 01:59:05,2025-01-13 01:59:05,False,
348080892,1,2025-01-13 01:59:05,2025-01-13 01:59:05,2025-01-13 01:59:05,False,
154206531,1,2025-01-13 01:59:05,2025-01-13 01:59:05,2025-01-13 01:59:05,False,
132774899,1,2025-01-13 01:59:05,2025-01-13 01:59:05,2025-01-13 01:59:05,False,
550726498,1,2025-01-13 01:59:06,2025-01-13 01:59:06,2025-01-13 01:59:06,False,
666785689,1,2025-01-13 01:59:11,2025-01-13 01:59:11,2025-01-13 01:59:11,False,
665624582,1,2025-01-13 01:59:11,2025-01-13 01:59:11,2025-01-13 01:59:11,False,
663520940,1,2025-01-13 01:59:16,2025-01-13 01:59:16,2025-01-13 01:59:16,False,
334145183,1,2025-01-13 01:59:16,2025-01-13 01:59:16,2025-01-13 01:59:16,False,
190350501,1,2025-01-13 01:59:18,2025-01-13 01:59:18,2025-01-13 01:59:18,False,
430293932,1,2025-01-13 01:59:19,2025-01-13 01:59:19,2025-01-13 01:59:19,False,
93553587,1,2025-01-13 01:59:20,2025-01-13 01:59:20,2025-01-13 01:59:20,False,
592931521,1,2025-01-13 01:59:21,2025-01-13 01:59:21,2025-01-13 01:59:21,False,
69047277,1,2025-01-13 01:59:22,2025-01-13 01:59:22,2025-01-13 01:59:22,False,
149172647,1,2025-01-13 01:59:23,2025-01-13 01:59:23,2025-01-13 01:59:23,False,
587744895,1,2025-01-13 01:59:25,2025-01-13 01:59:25,2025-01-13 01:59:25,False,
665200396,1,2025-01-13 01:59:26,2025-01-13 01:59:26,2025-01-13 01:59:26,False,
663720083,1,2025-01-13 01:59:29,2025-01-13 01:59:29,2025-01-13 01:59:29,False,
120964560,2,2025-01-13 02:27:07,2025-01-13 02:27:07,2025-01-13 02:08:39,True,
3062823,1,2025-01-13 02:27:07,2025-01-13 02:27:07,2025-01-13 02:27:07,False,
376213103,1,2025-01-13 02:27:09,2025-01-13 02:27:09,2025-01-13 02:27:09,False,
439660269,2,2025-01-13 02:27:09,2025-01-13 02:27:09,2025-01-13 02:00:56,True,
146316500,1,2025-01-13 02:27:11,2025-01-13 02:27:11,2025-01-13 02:27:11,False,
209357340,1,2025-01-13 02:27:12,2025-01-13 02:27:12,2025-01-13 02:27:12,False,
228914327,1,2025-01-13 02:27:14,2025-01-13 02:27:14,2025-01-13 02:27:14,False,
662673899,1,2025-01-13 02:27:15,2025-01-13 02:27:15,2025-01-13 02:27:15,False,
435509246,1,2025-01-13 02:27:16,2025-01-13 02:27:16,2025-01-13 02:27:16,False,
404898794,1,2025-01-13 02:27:20,2025-01-13 02:27:20,2025-01-13 02:27:20,False,
40991416,1,2025-01-13 02:27:20,2025-01-13 02:27:20,2025-01-13 02:27:20,False,
480836598,1,2025-01-13 02:27:22,2025-01-13 02:27:22,2025-01-13 02:27:22,False,
655515728,1,2025-01-13 02:27:22,2025-01-13 02:27:22,2025-01-13 02:27:22,False,
366300202,1,2025-01-13 02:27:22,2025-01-13 02:27:22,2025-01-13 02:27:22,False,
561945089,1,2025-01-13 02:27:26,2025-01-13 02:27:26,2025-01-13 02:27:26,False,
37074549,1,2025-01-13 02:27:26,2025-01-13 02:27:26,2025-01-13 02:27:26,False,
499195919,1,2025-01-13 02:27:26,2025-01-13 02:27:26,2025-01-13 02:27:26,False,
667249617,1,2025-01-13 02:27:26,2025-01-13 02:27:26,2025-01-13 02:27:26,False,
174629659,1,2025-01-13 02:27:29,2025-01-13 02:27:29,2025-01-13 02:27:29,False,
557036025,1,2025-01-13 02:27:29,2025-01-13 02:27:29,2025-01-13 02:27:29,False,
280075695,2,2025-01-13 02:27:30,2025-01-13 02:27:30,2025-01-13 02:01:55,True,
280097990,4,2025-01-13 02:27:31,2025-01-13 02:27:31,2025-01-13 02:02:22,True,
285656313,1,2025-01-13 02:27:32,2025-01-13 02:27:32,2025-01-13 02:27:32,False,
163719561,2,2025-01-13 02:28:04,2025-01-13 02:28:04,2025-01-13 02:05:46,True,
238932071,1,2025-01-13 02:28:06,2025-01-13 02:28:06,2025-01-13 02:28:06,False,
546773227,1,2025-01-13 02:28:08,2025-01-13 02:28:08,2025-01-13 02:28:08,False,
244993579,1,2025-01-13 02:28:09,2025-01-13 02:28:09,2025-01-13 02:28:09,False,
305696307,1,2025-01-13 02:28:13,2025-01-13 02:28:13,2025-01-13 02:28:13,False,
435690796,1,2025-01-13 02:28:14,2025-01-13 02:28:14,2025-01-13 02:28:14,False,
219316956,1,2025-01-13 02:28:15,2025-01-13 02:28:15,2025-01-13 02:28:15,False,
495493144,1,2025-01-13 02:28:16,2025-01-13 02:28:16,2025-01-13 02:28:16,False,
483760167,1,2025-01-13 02:28:17,2025-01-13 02:28:17,2025-01-13 02:28:17,False,
553535120,1,2025-01-13 02:28:17,2025-01-13 02:28:17,2025-01-13 02:28:17,False,
236833168,1,2025-01-13 02:28:21,2025-01-13 02:28:21,2025-01-13 02:28:21,False,
182050913,1,2025-01-13 02:28:22,2025-01-13 02:28:22,2025-01-13 02:28:22,False,
371256840,1,2025-01-13 02:28:23,2025-01-13 02:28:23,2025-01-13 02:28:23,False,
305132451,1,2025-01-13 02:28:23,2025-01-13 02:28:23,2025-01-13 02:28:23,False,
658499208,1,2025-01-13 02:28:23,2025-01-13 02:28:23,2025-01-13 02:28:23,False,
92782985,1,2025-01-13 02:28:24,2025-01-13 02:28:24,2025-01-13 02:28:24,False,
442513612,1,2025-01-13 02:28:26,2025-01-13 02:28:26,2025-01-13 02:28:26,False,
323641346,1,2025-01-13 02:28:26,2025-01-13 02:28:26,2025-01-13 02:28:26,False,
526864320,1,2025-01-13 02:28:28,2025-01-13 02:28:28,2025-01-13 02:28:28,False,
389277279,1,2025-01-13 02:28:32,2025-01-13 02:28:32,2025-01-13 02:28:32,False,
349286873,1,2025-01-13 02:28:33,2025-01-13 02:28:33,2025-01-13 02:28:33,False,
53499566,1,2025-01-13 02:28:33,2025-01-13 02:28:33,2025-01-13 02:28:33,False,
429305362,2,2025-01-13 02:28:35,2025-01-13 02:28:35,2025-01-13 02:22:50,True,
412321792,2,2025-01-13 02:28:36,2025-01-13 02:28:36,2025-01-13 02:15:09,True,
329276848,1,2025-01-13 02:28:41,2025-01-13 02:28:41,2025-01-13 02:28:41,False,
291010584,1,2025-01-13 02:28:42,2025-01-13 02:28:42,2025-01-13 02:28:42,False,
115375904,2,2025-01-13 02:28:42,2025-01-13 02:28:42,2025-01-13 02:21:03,True,
50676918,4,2025-01-13 02:28:44,2025-01-13 02:28:44,2025-01-13 01:56:27,True,
31885329,1,2025-01-13 02:28:46,2025-01-13 02:28:46,2025-01-13 02:28:46,False,
266264213,1,2025-01-13 02:28:47,2025-01-13 02:28:47,2025-01-13 02:28:47,False,
84811719,1,2025-01-13 02:28:48,2025-01-13 02:28:48,2025-01-13 02:28:48,False,
663137426,1,2025-01-13 02:28:49,2025-01-13 02:28:49,2025-01-13 02:28:49,False,
253005568,1,2025-01-13 02:28:50,2025-01-13 02:28:50,2025-01-13 02:28:50,False,
239069600,2,2025-01-13 02:28:50,2025-01-13 02:28:50,2025-01-13 02:08:58,True,
503752106,1,2025-01-13 02:28:52,2025-01-13 02:28:52,2025-01-13 02:28:52,False,
294065583,1,2025-01-13 02:28:52,2025-01-13 02:28:52,2025-01-13 02:28:52,False,
173252898,1,2025-01-13 02:28:53,2025-01-13 02:28:53,2025-01-13 02:28:53,False,
148104047,1,2025-01-13 02:28:53,2025-01-13 02:28:53,2025-01-13 02:28:53,False,
298904635,1,2025-01-13 02:28:54,2025-01-13 02:28:54,2025-01-13 02:28:54,False,
428530480,1,2025-01-13 02:28:56,2025-01-13 02:28:56,2025-01-13 02:28:56,False,
10735772,1,2025-01-13 02:28:58,2025-01-13 02:28:58,2025-01-13 02:28:58,False,
203549288,2,2025-01-13 02:33:32,2025-01-13 02:33:32,2025-01-13 02:05:19,True,
343719644,1,2025-01-13 02:33:33,2025-01-13 02:33:33,2025-01-13 02:33:33,False,
668406052,1,2025-01-13 02:33:33,2025-01-13 02:33:33,2025-01-13 02:33:33,False,
165452233,1,2025-01-13 02:33:33,2025-01-13 02:33:33,2025-01-13 02:33:33,False,
926300,2,2025-01-13 02:33:35,2025-01-13 02:33:35,2025-01-13 02:10:07,True,
294098173,1,2025-01-13 02:33:36,2025-01-13 02:33:36,2025-01-13 02:33:36,False,
655187395,1,2025-01-13 02:33:40,2025-01-13 02:33:40,2025-01-13 02:33:40,False,
657692599,1,2025-01-13 02:33:42,2025-01-13 02:33:42,2025-01-13 02:33:42,False,
384880221,2,2025-01-13 02:33:42,2025-01-13 02:33:42,2025-01-13 02:21:00,True,
407285273,1,2025-01-13 02:33:44,2025-01-13 02:33:44,2025-01-13 02:33:44,False,
651518102,1,2025-01-13 02:33:44,2025-01-13 02:33:44,2025-01-13 02:33:44,False,
135376431,1,2025-01-13 02:33:44,2025-01-13 02:33:44,2025-01-13 02:33:44,False,
231172295,2,2025-01-13 02:33:46,2025-01-13 02:33:46,2025-01-13 02:05:23,True,
207639551,1,2025-01-13 02:35:09,2025-01-13 02:35:09,2025-01-13 02:35:09,False,
423171609,1,2025-01-13 02:35:11,2025-01-13 02:35:11,2025-01-13 02:35:11,False,
552000840,1,2025-01-13 02:35:12,2025-01-13 02:35:12,2025-01-13 02:35:12,False,
404070916,1,2025-01-13 02:35:13,2025-01-13 02:35:13,2025-01-13 02:35:13,False,
589164711,1,2025-01-13 02:35:14,2025-01-13 02:35:14,2025-01-13 02:35:14,False,
169531952,1,2025-01-13 02:35:14,2025-01-13 02:35:14,2025-01-13 02:35:14,False,
653760193,1,2025-01-13 02:35:18,2025-01-13 02:35:18,2025-01-13 02:35:18,False,
555044563,1,2025-01-13 02:35:23,2025-01-13 02:35:23,2025-01-13 02:35:23,False,
598825789,1,2025-01-13 02:35:23,2025-01-13 02:35:23,2025-01-13 02:35:23,False,
667653882,1,2025-01-13 02:35:24,2025-01-13 02:35:24,2025-01-13 02:35:24,False,
315036089,1,2025-01-13 02:35:26,2025-01-13 02:35:26,2025-01-13 02:35:26,False,
559088996,2,2025-01-13 02:35:26,2025-01-13 02:35:26,2025-01-13 02:14:48,True,
236385921,1,2025-01-13 02:35:27,2025-01-13 02:35:27,2025-01-13 02:35:27,False,
492062922,1,2025-01-13 02:35:28,2025-01-13 02:35:28,2025-01-13 02:35:28,False,
147436857,3,2025-01-13 02:35:29,2025-01-13 02:35:29,2025-01-13 01:57:15,True,
224990158,1,2025-01-13 02:35:29,2025-01-13 02:35:29,2025-01-13 02:35:29,False,
665034745,1,2025-01-13 02:35:30,2025-01-13 02:35:30,2025-01-13 02:35:30,False,
488110433,1,2025-01-13 02:35:34,2025-01-13 02:35:34,2025-01-13 02:35:34,False,
15890874,2,2025-01-13 02:35:34,2025-01-13 02:35:34,2025-01-13 01:56:04,True,
173859664,1,2025-01-13 02:35:36,2025-01-13 02:35:36,2025-01-13 02:35:36,False,
187547742,2,2025-01-13 02:35:38,2025-01-13 02:35:38,2025-01-13 02:08:21,True,
211908900,1,2025-01-13 02:35:38,2025-01-13 02:35:38,2025-01-13 02:35:38,False,
10550294,3,2025-01-13 02:35:39,2025-01-13 02:35:39,2025-01-13 01:55:40,True,
377474773,1,2025-01-13 02:46:04,2025-01-13 02:46:04,2025-01-13 02:46:04,False,
477129691,2,2025-01-13 02:46:06,2025-01-13 02:46:06,2025-01-13 02:29:16,True,
75776806,1,2025-01-13 02:46:06,2025-01-13 02:46:06,2025-01-13 02:46:06,False,
486812874,11,2025-01-13 02:46:08,2025-01-13 02:46:08,2025-01-13 01:56:41,True,
656267813,1,2025-01-13 02:46:10,2025-01-13 02:46:10,2025-01-13 02:46:10,False,
170359573,1,2025-01-13 02:46:11,2025-01-13 02:46:11,2025-01-13 02:46:11,False,
552322476,2,2025-01-13 02:46:11,2025-01-13 02:46:11,2025-01-13 01:58:41,True,
221280627,1,2025-01-13 02:46:11,2025-01-13 02:46:11,2025-01-13 02:46:11,False,
59078946,4,2025-01-13 02:46:14,2025-01-13 02:46:14,2025-01-13 02:02:58,True,
553527281,2,2025-01-13 02:46:15,2025-01-13 02:46:15,2025-01-13 02:21:51,True,
515907658,1,2025-01-13 02:46:16,2025-01-13 02:46:16,2025-01-13 02:46:16,False,
153822249,1,2025-01-13 02:46:17,2025-01-13 02:46:17,2025-01-13 02:46:17,False,
501842600,1,2025-01-13 02:46:21,2025-01-13 02:46:21,2025-01-13 02:46:21,False,
457352273,1,2025-01-13 02:46:21,2025-01-13 02:46:21,2025-01-13 02:46:21,False,
443659748,1,2025-01-13 02:46:21,2025-01-13 02:46:21,2025-01-13 02:46:21,False,
244081776,4,2025-01-13 02:46:22,2025-01-13 02:46:22,2025-01-13 02:07:47,True,
475370954,4,2025-01-13 02:46:22,2025-01-13 02:46:22,2025-01-13 01:55:33,True,
240247528,1,2025-01-13 02:46:22,2025-01-13 02:46:22,2025-01-13 02:46:22,False,
542484669,10,2025-01-13 02:46:24,2025-01-13 02:46:24,2025-01-13 01:56:49,True,
292647148,1,2025-01-13 02:46:28,2025-01-13 02:46:28,2025-01-13 02:46:28,False,
55767125,3,2025-01-13 02:46:28,2025-01-13 02:46:28,2025-01-13 02:08:42,True,
107450594,2,2025-01-13 02:46:28,2025-01-13 02:46:28,2025-01-13 01:55:33,True,
110451280,1,2025-01-13 02:46:29,2025-01-13 02:46:29,2025-01-13 02:46:29,False,
666668353,1,2025-01-13 02:46:32,2025-01-13 02:46:32,2025-01-13 02:46:32,False,
370796966,1,2025-01-13 02:46:36,2025-01-13 02:46:36,2025-01-13 02:46:36,False,
472787508,1,2025-01-13 02:46:36,2025-01-13 02:46:36,2025-01-13 02:46:36,False,
379350660,1,2025-01-13 02:46:36,2025-01-13 02:46:36,2025-01-13 02:46:36,False,
663283733,1,2025-01-13 02:46:37,2025-01-13 02:46:37,2025-01-13 02:46:37,False,
327662417,1,2025-01-13 02:46:38,2025-01-13 02:46:38,2025-01-13 02:46:38,False,
489087564,1,2025-01-13 02:46:38,2025-01-13 02:46:38,2025-01-13 02:46:38,False,
300639959,1,2025-01-13 02:46:40,2025-01-13 02:46:40,2025-01-13 02:46:40,False,
323002255,1,2025-01-13 02:46:43,2025-01-13 02:46:43,2025-01-13 02:46:43,False,
439226063,1,2025-01-13 02:46:43,2025-01-13 02:46:43,2025-01-13 02:46:43,False,
370216636,3,2025-01-13 02:46:43,2025-01-13 02:46:43,2025-01-13 02:03:04,True,
263431587,1,2025-01-13 02:46:45,2025-01-13 02:46:45,2025-01-13 02:46:45,False,
224061270,3,2025-01-13 02:46:46,2025-01-13 02:46:46,2025-01-13 01:56:10,True,
367268318,1,2025-01-13 02:46:47,2025-01-13 02:46:47,2025-01-13 02:46:47,False,
311775037,1,2025-01-13 02:46:49,2025-01-13 02:46:49,2025-01-13 02:46:49,False,
271832634,1,2025-01-13 02:46:50,2025-01-13 02:46:50,2025-01-13 02:46:50,False,
245049761,1,2025-01-13 02:46:51,2025-01-13 02:46:51,2025-01-13 02:46:51,False,
544932480,1,2025-01-13 02:46:52,2025-01-13 02:46:52,2025-01-13 02:46:52,False,
150811404,1,2025-01-13 02:46:54,2025-01-13 02:46:54,2025-01-13 02:46:54,False,
437151086,1,2025-01-13 02:46:57,2025-01-13 02:46:57,2025-01-13 02:46:57,False,
328958164,2,2025-01-13 02:47:01,2025-01-13 02:47:01,2025-01-13 02:24:55,True,
371809688,1,2025-01-13 02:47:02,2025-01-13 02:47:02,2025-01-13 02:47:02,False,
68384276,1,2025-01-13 02:47:03,2025-01-13 02:47:03,2025-01-13 02:47:03,False,
484011503,1,2025-01-13 02:47:03,2025-01-13 02:47:03,2025-01-13 02:47:03,False,
476290058,1,2025-01-13 02:47:05,2025-01-13 02:47:05,2025-01-13 02:47:05,False,
56982344,1,2025-01-13 02:47:07,2025-01-13 02:47:07,2025-01-13 02:47:07,False,
307620413,2,2025-01-13 02:37:03,2025-01-13 02:37:03,2025-01-13 02:04:43,True,
480072934,1,2025-01-13 02:37:05,2025-01-13 02:37:05,2025-01-13 02:37:05,False,
489848976,1,2025-01-13 02:37:07,2025-01-13 02:37:07,2025-01-13 02:37:07,False,
228740317,2,2025-01-13 02:37:07,2025-01-13 02:37:07,2025-01-13 02:20:07,True,
346468115,1,2025-01-13 02:37:09,2025-01-13 02:37:09,2025-01-13 02:37:09,False,
521236208,1,2025-01-13 02:37:10,2025-01-13 02:37:10,2025-01-13 02:37:10,False,
192187894,1,2025-01-13 02:37:13,2025-01-13 02:37:13,2025-01-13 02:37:13,False,
8792221,1,2025-01-13 02:37:15,2025-01-13 02:37:15,2025-01-13 02:37:15,False,
232011444,1,2025-01-13 02:37:17,2025-01-13 02:37:17,2025-01-13 02:37:17,False,
258729677,2,2025-01-13 02:37:22,2025-01-13 02:37:22,2025-01-13 02:20:42,True,
311989525,1,2025-01-13 02:37:23,2025-01-13 02:37:23,2025-01-13 02:37:23,False,
667688629,1,2025-01-13 02:37:24,2025-01-13 02:37:24,2025-01-13 02:37:24,False,
55677212,1,2025-01-13 02:37:30,2025-01-13 02:37:30,2025-01-13 02:37:30,False,
219453957,1,2025-01-13 02:38:00,2025-01-13 02:38:00,2025-01-13 02:38:00,False,
241217291,1,2025-01-13 02:38:01,2025-01-13 02:38:01,2025-01-13 02:38:01,False,
542591363,3,2025-01-13 02:38:05,2025-01-13 02:38:05,2025-01-13 01:55:00,True,
112557986,1,2025-01-13 02:38:06,2025-01-13 02:38:06,2025-01-13 02:38:06,False,
135642628,1,2025-01-13 02:38:06,2025-01-13 02:38:06,2025-01-13 02:38:06,False,
234329543,2,2025-01-13 02:38:07,2025-01-13 02:38:07,2025-01-13 02:15:19,True,
520572832,2,2025-01-13 02:38:07,2025-01-13 02:38:07,2025-01-13 02:03:29,True,
551274033,1,2025-01-13 02:38:07,2025-01-13 02:38:07,2025-01-13 02:38:07,False,
667062343,1,2025-01-13 02:38:09,2025-01-13 02:38:09,2025-01-13 02:38:09,False,
500237003,1,2025-01-13 02:38:09,2025-01-13 02:38:09,2025-01-13 02:38:09,False,
506593553,3,2025-01-13 02:38:09,2025-01-13 02:38:09,2025-01-13 02:25:18,True,
383585154,1,2025-01-13 02:38:09,2025-01-13 02:38:09,2025-01-13 02:38:09,False,
304826382,1,2025-01-13 02:38:09,2025-01-13 02:38:09,2025-01-13 02:38:09,False,
512244889,1,2025-01-13 02:38:10,2025-01-13 02:38:10,2025-01-13 02:38:10,False,
195223639,1,2025-01-13 02:38:11,2025-01-13 02:38:11,2025-01-13 02:38:11,False,
554451618,1,2025-01-13 02:38:11,2025-01-13 02:38:11,2025-01-13 02:38:11,False,
308500508,1,2025-01-13 02:38:12,2025-01-13 02:38:12,2025-01-13 02:38:12,False,
86908741,1,2025-01-13 02:38:12,2025-01-13 02:38:12,2025-01-13 02:38:12,False,
178581870,1,2025-01-13 02:38:12,2025-01-13 02:38:12,2025-01-13 02:38:12,False,
475340351,1,2025-01-13 02:38:12,2025-01-13 02:38:12,2025-01-13 02:38:12,False,
480134990,1,2025-01-13 02:38:12,2025-01-13 02:38:12,2025-01-13 02:38:12,False,
381365841,6,2025-01-13 02:38:13,2025-01-13 02:38:13,2025-01-13 02:04:28,True,
135567436,1,2025-01-13 02:38:14,2025-01-13 02:38:14,2025-01-13 02:38:14,False,
167635374,1,2025-01-13 02:38:14,2025-01-13 02:38:14,2025-01-13 02:38:14,False,
300449890,1,2025-01-13 02:38:15,2025-01-13 02:38:15,2025-01-13 02:38:15,False,
487162615,1,2025-01-13 02:50:50,2025-01-13 02:50:50,2025-01-13 02:50:50,False,
141577297,1,2025-01-13 02:50:52,2025-01-13 02:50:52,2025-01-13 02:50:52,False,
252615315,2,2025-01-13 02:51:24,2025-01-13 02:51:24,2025-01-13 02:03:29,True,
160740900,1,2025-01-13 02:51:27,2025-01-13 02:51:27,2025-01-13 02:51:27,False,
163295485,1,2025-01-13 02:51:28,2025-01-13 02:51:28,2025-01-13 02:51:28,False,
147971386,2,2025-01-13 02:51:32,2025-01-13 02:51:32,2025-01-13 02:11:15,True,
334600171,1,2025-01-13 02:51:33,2025-01-13 02:51:33,2025-01-13 02:51:33,False,
311796247,1,2025-01-13 02:51:33,2025-01-13 02:51:33,2025-01-13 02:51:33,False,
172649857,1,2025-01-13 02:51:53,2025-01-13 02:51:53,2025-01-13 02:51:53,False,
171165107,2,2025-01-13 02:52:05,2025-01-13 02:52:05,2025-01-13 02:18:22,True,
379944942,2,2025-01-13 02:52:05,2025-01-13 02:52:05,2025-01-13 01:55:36,True,
156626657,1,2025-01-13 02:52:09,2025-01-13 02:52:09,2025-01-13 02:52:09,False,
541793275,1,2025-01-13 02:52:21,2025-01-13 02:52:21,2025-01-13 02:52:21,False,
379669641,1,2025-01-13 02:31:52,2025-01-13 02:31:52,2025-01-13 02:31:52,False,
382426693,1,2025-01-13 02:31:55,2025-01-13 02:31:55,2025-01-13 02:31:55,False,
74027937,1,2025-01-13 02:31:57,2025-01-13 02:31:57,2025-01-13 02:31:57,False,
528087020,1,2025-01-13 02:31:57,2025-01-13 02:31:57,2025-01-13 02:31:57,False,
543436410,1,2025-01-13 02:31:59,2025-01-13 02:31:59,2025-01-13 02:31:59,False,
80485834,1,2025-01-13 02:32:00,2025-01-13 02:32:00,2025-01-13 02:32:00,False,
456021510,1,2025-01-13 02:32:02,2025-01-13 02:32:02,2025-01-13 02:32:02,False,
668264142,1,2025-01-13 02:32:02,2025-01-13 02:32:02,2025-01-13 02:32:02,False,
232597970,2,2025-01-13 02:32:03,2025-01-13 02:32:03,2025-01-13 02:31:40,True,
120072236,1,2025-01-13 02:32:04,2025-01-13 02:32:04,2025-01-13 02:32:04,False,
54348143,1,2025-01-13 02:32:06,2025-01-13 02:32:06,2025-01-13 02:32:06,False,
61282268,1,2025-01-13 02:32:08,2025-01-13 02:32:08,2025-01-13 02:32:08,False,
372334210,1,2025-01-13 02:32:09,2025-01-13 02:32:09,2025-01-13 02:32:09,False,
416640660,6,2025-01-13 02:32:09,2025-01-13 02:32:09,2025-01-13 02:07:27,True,
201531634,2,2025-01-13 02:32:11,2025-01-13 02:32:11,2025-01-13 02:00:56,True,
665055953,1,2025-01-13 02:32:12,2025-01-13 02:32:12,2025-01-13 02:32:12,False,
15497138,2,2025-01-13 02:32:13,2025-01-13 02:32:13,2025-01-13 01:59:43,True,
328037091,2,2025-01-13 02:32:14,2025-01-13 02:32:14,2025-01-13 01:57:39,True,
294386451,1,2025-01-13 02:32:14,2025-01-13 02:32:14,2025-01-13 02:32:14,False,
554250045,1,2025-01-13 02:32:14,2025-01-13 02:32:14,2025-01-13 02:32:14,False,
87293045,7,2025-01-13 02:32:15,2025-01-13 02:32:15,2025-01-13 01:59:44,True,
412321216,1,2025-01-13 02:32:16,2025-01-13 02:32:16,2025-01-13 02:32:16,False,
166769833,1,2025-01-13 02:32:26,2025-01-13 02:32:26,2025-01-13 02:32:26,False,
553813769,1,2025-01-13 02:33:17,2025-01-13 02:33:17,2025-01-13 02:33:17,False,
498584928,1,2025-01-13 02:33:18,2025-01-13 02:33:18,2025-01-13 02:33:18,False,
257934405,1,2025-01-13 02:33:19,2025-01-13 02:33:19,2025-01-13 02:33:19,False,
110135903,1,2025-01-13 02:33:23,2025-01-13 02:33:23,2025-01-13 02:33:23,False,
488514783,3,2025-01-13 02:33:25,2025-01-13 02:33:25,2025-01-13 02:14:36,True,
422988455,1,2025-01-13 02:33:28,2025-01-13 02:33:28,2025-01-13 02:33:28,False,
24314149,2,2025-01-13 02:33:28,2025-01-13 02:33:28,2025-01-13 02:03:12,True,
564369168,2,2025-01-13 02:33:30,2025-01-13 02:33:30,2025-01-13 01:57:45,True,
503682887,1,2025-01-13 02:38:16,2025-01-13 02:38:16,2025-01-13 02:38:16,False,
13091719,2,2025-01-13 02:38:19,2025-01-13 02:38:19,2025-01-13 02:17:42,True,
489316663,2,2025-01-13 02:38:23,2025-01-13 02:38:23,2025-01-13 02:02:42,True,
487151326,1,2025-01-13 02:38:24,2025-01-13 02:38:24,2025-01-13 02:38:24,False,
308769795,1,2025-01-13 02:38:26,2025-01-13 02:38:26,2025-01-13 02:38:26,False,
533844755,3,2025-01-13 02:38:29,2025-01-13 02:38:29,2025-01-13 01:57:34,True,
147932755,1,2025-01-13 02:38:29,2025-01-13 02:38:29,2025-01-13 02:38:29,False,
410449179,1,2025-01-13 02:38:31,2025-01-13 02:38:31,2025-01-13 02:38:31,False,
27896667,1,2025-01-13 02:38:58,2025-01-13 02:38:58,2025-01-13 02:38:58,False,
547975081,1,2025-01-13 02:38:59,2025-01-13 02:38:59,2025-01-13 02:38:59,False,
29487482,1,2025-01-13 02:39:00,2025-01-13 02:39:00,2025-01-13 02:39:00,False,
498045842,1,2025-01-13 02:39:00,2025-01-13 02:39:00,2025-01-13 02:39:00,False,
92121131,3,2025-01-13 02:39:01,2025-01-13 02:39:01,2025-01-13 02:13:54,True,
560902874,1,2025-01-13 02:39:01,2025-01-13 02:39:01,2025-01-13 02:39:01,False,
420212447,1,2025-01-13 02:39:02,2025-01-13 02:39:02,2025-01-13 02:39:02,False,
537607455,1,2025-01-13 02:39:05,2025-01-13 02:39:05,2025-01-13 02:39:05,False,
288338312,1,2025-01-13 02:39:05,2025-01-13 02:39:05,2025-01-13 02:39:05,False,
550380589,1,2025-01-13 02:39:11,2025-01-13 02:39:11,2025-01-13 02:39:11,False,
158685866,1,2025-01-13 02:39:14,2025-01-13 02:39:14,2025-01-13 02:39:14,False,
444160678,1,2025-01-13 02:39:14,2025-01-13 02:39:14,2025-01-13 02:39:14,False,
157039479,2,2025-01-13 02:39:18,2025-01-13 02:39:18,2025-01-13 02:37:55,True,
304194186,1,2025-01-13 02:39:19,2025-01-13 02:39:19,2025-01-13 02:39:19,False,
659783763,1,2025-01-13 02:39:22,2025-01-13 02:39:22,2025-01-13 02:39:22,False,
101640501,3,2025-01-13 02:39:23,2025-01-13 02:39:23,2025-01-13 02:21:23,True,
231350078,1,2025-01-13 02:39:23,2025-01-13 02:39:23,2025-01-13 02:39:23,False,
398741456,1,2025-01-13 02:11:07,2025-01-13 02:11:07,2025-01-13 02:11:07,False,
597509137,1,2025-01-13 02:11:09,2025-01-13 02:11:09,2025-01-13 02:11:09,False,
172273927,1,2025-01-13 02:11:09,2025-01-13 02:11:09,2025-01-13 02:11:09,False,
227770961,1,2025-01-13 02:11:11,2025-01-13 02:11:11,2025-01-13 02:11:11,False,
658625939,1,2025-01-13 02:11:12,2025-01-13 02:11:12,2025-01-13 02:11:12,False,
265440299,1,2025-01-13 02:11:12,2025-01-13 02:11:12,2025-01-13 02:11:12,False,
485768969,1,2025-01-13 02:11:13,2025-01-13 02:11:13,2025-01-13 02:11:13,False,
435364340,1,2025-01-13 02:11:13,2025-01-13 02:11:13,2025-01-13 02:11:13,False,
229274315,1,2025-01-13 02:11:15,2025-01-13 02:11:15,2025-01-13 02:11:15,False,
73082025,1,2025-01-13 02:11:16,2025-01-13 02:11:16,2025-01-13 02:11:16,False,
470059243,1,2025-01-13 02:11:17,2025-01-13 02:11:17,2025-01-13 02:11:17,False,
416325293,1,2025-01-13 02:11:20,2025-01-13 02:11:20,2025-01-13 02:11:20,False,
550110966,1,2025-01-13 02:11:24,2025-01-13 02:11:24,2025-01-13 02:11:24,False,
550687536,1,2025-01-13 02:11:26,2025-01-13 02:11:26,2025-01-13 02:11:26,False,
478019252,1,2025-01-13 02:11:28,2025-01-13 02:11:28,2025-01-13 02:11:28,False,
284333482,2,2025-01-13 02:11:28,2025-01-13 02:11:28,2025-01-13 02:07:47,True,
561420786,1,2025-01-13 02:11:29,2025-01-13 02:11:29,2025-01-13 02:11:29,False,
146026844,1,2025-01-13 02:11:29,2025-01-13 02:11:29,2025-01-13 02:11:29,False,
239800724,1,2025-01-13 02:11:30,2025-01-13 02:11:30,2025-01-13 02:11:30,False,
225564103,1,2025-01-13 02:12:01,2025-01-13 02:12:01,2025-01-13 02:12:01,False,
538373412,1,2025-01-13 02:12:06,2025-01-13 02:12:06,2025-01-13 02:12:06,False,
669723189,1,2025-01-13 02:12:10,2025-01-13 02:12:10,2025-01-13 02:12:10,False,
287605458,1,2025-01-13 02:12:11,2025-01-13 02:12:11,2025-01-13 02:12:11,False,
142692280,3,2025-01-13 02:12:11,2025-01-13 02:12:11,2025-01-13 02:07:21,True,
540153551,1,2025-01-13 02:12:12,2025-01-13 02:12:12,2025-01-13 02:12:12,False,
15484490,1,2025-01-13 02:12:14,2025-01-13 02:12:14,2025-01-13 02:12:14,False,
491528799,1,2025-01-13 02:12:14,2025-01-13 02:12:14,2025-01-13 02:12:14,False,
237271118,1,2025-01-13 02:12:15,2025-01-13 02:12:15,2025-01-13 02:12:15,False,
227352591,1,2025-01-13 02:12:15,2025-01-13 02:12:15,2025-01-13 02:12:15,False,
237646163,1,2025-01-13 02:12:17,2025-01-13 02:12:17,2025-01-13 02:12:17,False,
226494357,1,2025-01-13 02:12:17,2025-01-13 02:12:17,2025-01-13 02:12:17,False,
170710320,2,2025-01-13 02:12:18,2025-01-13 02:12:18,2025-01-13 02:04:43,True,
108539420,1,2025-01-13 02:12:19,2025-01-13 02:12:19,2025-01-13 02:12:19,False,
434495047,1,2025-01-13 02:12:22,2025-01-13 02:12:22,2025-01-13 02:12:22,False,
347018429,1,2025-01-13 02:12:23,2025-01-13 02:12:23,2025-01-13 02:12:23,False,
230810493,1,2025-01-13 02:12:24,2025-01-13 02:12:24,2025-01-13 02:12:24,False,
127253121,1,2025-01-13 02:12:25,2025-01-13 02:12:25,2025-01-13 02:12:25,False,
226233309,1,2025-01-13 02:12:25,2025-01-13 02:12:25,2025-01-13 02:12:25,False,
47786100,1,2025-01-13 02:01:22,2025-01-13 02:01:22,2025-01-13 02:01:22,False,
659760043,1,2025-01-13 02:01:23,2025-01-13 02:01:23,2025-01-13 02:01:23,False,
180734120,1,2025-01-13 02:01:26,2025-01-13 02:01:26,2025-01-13 02:01:26,False,
320881853,1,2025-01-13 02:01:27,2025-01-13 02:01:27,2025-01-13 02:01:27,False,
163733499,1,2025-01-13 02:01:27,2025-01-13 02:01:27,2025-01-13 02:01:27,False,
111997454,1,2025-01-13 02:01:27,2025-01-13 02:01:27,2025-01-13 02:01:27,False,
43837176,1,2025-01-13 02:01:29,2025-01-13 02:01:29,2025-01-13 02:01:29,False,
153857738,1,2025-01-13 02:01:30,2025-01-13 02:01:30,2025-01-13 02:01:30,False,
279727490,1,2025-01-13 02:01:31,2025-01-13 02:01:31,2025-01-13 02:01:31,False,
551435889,1,2025-01-13 02:01:32,2025-01-13 02:01:32,2025-01-13 02:01:32,False,
319660499,1,2025-01-13 02:01:33,2025-01-13 02:01:33,2025-01-13 02:01:33,False,
261385315,1,2025-01-13 02:01:34,2025-01-13 02:01:34,2025-01-13 02:01:34,False,
239512859,1,2025-01-13 02:01:35,2025-01-13 02:01:35,2025-01-13 02:01:35,False,
245557179,1,2025-01-13 02:01:37,2025-01-13 02:01:37,2025-01-13 02:01:37,False,
492054528,1,2025-01-13 02:01:37,2025-01-13 02:01:37,2025-01-13 02:01:37,False,
547814046,1,2025-01-13 02:01:38,2025-01-13 02:01:38,2025-01-13 02:01:38,False,
157538002,1,2025-01-13 02:01:41,2025-01-13 02:01:41,2025-01-13 02:01:41,False,
175048572,1,2025-01-13 02:01:42,2025-01-13 02:01:42,2025-01-13 02:01:42,False,
286746662,1,2025-01-13 02:01:42,2025-01-13 02:01:42,2025-01-13 02:01:42,False,
318082457,1,2025-01-13 02:01:42,2025-01-13 02:01:42,2025-01-13 02:01:42,False,
489642370,1,2025-01-13 02:01:42,2025-01-13 02:01:42,2025-01-13 02:01:42,False,
650166020,1,2025-01-13 02:01:48,2025-01-13 02:01:48,2025-01-13 02:01:48,False,
228920121,1,2025-01-13 02:13:27,2025-01-13 02:13:27,2025-01-13 02:13:27,False,
168212622,1,2025-01-13 02:13:27,2025-01-13 02:13:27,2025-01-13 02:13:27,False,
387057033,1,2025-01-13 02:13:28,2025-01-13 02:13:28,2025-01-13 02:13:28,False,
137866534,1,2025-01-13 02:13:28,2025-01-13 02:13:28,2025-01-13 02:13:28,False,
80987532,1,2025-01-13 02:13:29,2025-01-13 02:13:29,2025-01-13 02:13:29,False,
244410519,1,2025-01-13 02:13:33,2025-01-13 02:13:33,2025-01-13 02:13:33,False,
49798089,1,2025-01-13 02:13:35,2025-01-13 02:13:35,2025-01-13 02:13:35,False,
468028496,1,2025-01-13 02:13:37,2025-01-13 02:13:37,2025-01-13 02:13:37,False,
241491790,1,2025-01-13 02:13:38,2025-01-13 02:13:38,2025-01-13 02:13:38,False,
665889545,1,2025-01-13 02:13:39,2025-01-13 02:13:39,2025-01-13 02:13:39,False,
252284126,1,2025-01-13 02:13:39,2025-01-13 02:13:39,2025-01-13 02:13:39,False,
234319258,1,2025-01-13 02:13:41,2025-01-13 02:13:41,2025-01-13 02:13:41,False,
313823117,1,2025-01-13 02:13:42,2025-01-13 02:13:42,2025-01-13 02:13:42,False,
130826485,2,2025-01-13 02:13:42,2025-01-13 02:13:42,2025-01-13 02:03:38,True,
102161096,1,2025-01-13 02:13:43,2025-01-13 02:13:43,2025-01-13 02:13:43,False,
382599340,1,2025-01-13 02:13:45,2025-01-13 02:13:45,2025-01-13 02:13:45,False,
178094975,1,2025-01-13 02:13:48,2025-01-13 02:13:48,2025-01-13 02:13:48,False,
295153552,1,2025-01-13 02:13:48,2025-01-13 02:13:48,2025-01-13 02:13:48,False,
324911592,1,2025-01-13 02:13:48,2025-01-13 02:13:48,2025-01-13 02:13:48,False,
554066122,1,2025-01-13 02:13:50,2025-01-13 02:13:50,2025-01-13 02:13:50,False,
158295070,1,2025-01-13 02:13:50,2025-01-13 02:13:50,2025-01-13 02:13:50,False,
380331154,1,2025-01-13 02:13:50,2025-01-13 02:13:50,2025-01-13 02:13:50,False,
380788045,1,2025-01-13 02:13:50,2025-01-13 02:13:50,2025-01-13 02:13:50,False,
509004890,1,2025-01-13 02:13:52,2025-01-13 02:13:52,2025-01-13 02:13:52,False,
142120218,1,2025-01-13 02:13:52,2025-01-13 02:13:52,2025-01-13 02:13:52,False,
114065429,1,2025-01-13 02:13:52,2025-01-13 02:13:52,2025-01-13 02:13:52,False,
497486968,1,2025-01-13 02:13:53,2025-01-13 02:13:53,2025-01-13 02:13:53,False,
664055958,1,2025-01-13 02:13:53,2025-01-13 02:13:53,2025-01-13 02:13:53,False,
178817819,1,2025-01-13 02:13:53,2025-01-13 02:13:53,2025-01-13 02:13:53,False,
546202070,1,2025-01-13 02:13:55,2025-01-13 02:13:55,2025-01-13 02:13:55,False,
363090188,1,2025-01-13 02:13:55,2025-01-13 02:13:55,2025-01-13 02:13:55,False,
150591069,1,2025-01-13 02:13:55,2025-01-13 02:13:55,2025-01-13 02:13:55,False,
462391327,1,2025-01-13 02:13:56,2025-01-13 02:13:56,2025-01-13 02:13:56,False,
74885634,1,2025-01-13 02:13:57,2025-01-13 02:13:57,2025-01-13 02:13:57,False,
562642132,1,2025-01-13 02:13:58,2025-01-13 02:13:58,2025-01-13 02:13:58,False,
143362426,1,2025-01-13 02:13:59,2025-01-13 02:13:59,2025-01-13 02:13:59,False,
528643050,1,2025-01-13 02:13:59,2025-01-13 02:13:59,2025-01-13 02:13:59,False,
263412357,1,2025-01-13 02:13:59,2025-01-13 02:13:59,2025-01-13 02:13:59,False,
553087461,1,2025-01-13 02:13:59,2025-01-13 02:13:59,2025-01-13 02:13:59,False,
491083045,1,2025-01-13 02:14:00,2025-01-13 02:14:00,2025-01-13 02:14:00,False,
238065241,1,2025-01-13 02:14:02,2025-01-13 02:14:02,2025-01-13 02:14:02,False,
80563430,2,2025-01-13 02:14:04,2025-01-13 02:14:04,2025-01-13 02:13:24,True,
232345130,1,2025-01-13 02:14:05,2025-01-13 02:14:05,2025-01-13 02:14:05,False,
1388770,1,2025-01-13 02:14:06,2025-01-13 02:14:06,2025-01-13 02:14:06,False,
21106845,1,2025-01-13 02:14:07,2025-01-13 02:14:07,2025-01-13 02:14:07,False,
111082626,1,2025-01-13 02:14:07,2025-01-13 02:14:07,2025-01-13 02:14:07,False,
48661616,1,2025-01-13 02:14:09,2025-01-13 02:14:09,2025-01-13 02:14:09,False,
97303436,1,2025-01-13 02:14:10,2025-01-13 02:14:10,2025-01-13 02:14:10,False,
666779486,1,2025-01-13 02:14:11,2025-01-13 02:14:11,2025-01-13 02:14:11,False,
370609096,1,2025-01-13 02:14:11,2025-01-13 02:14:11,2025-01-13 02:14:11,False,
36333760,1,2025-01-13 02:14:12,2025-01-13 02:14:12,2025-01-13 02:14:12,False,
501418829,1,2025-01-13 02:14:12,2025-01-13 02:14:12,2025-01-13 02:14:12,False,
263532723,1,2025-01-13 02:14:12,2025-01-13 02:14:12,2025-01-13 02:14:12,False,
439901451,1,2025-01-13 02:14:14,2025-01-13 02:14:14,2025-01-13 02:14:14,False,
168019026,1,2025-01-13 02:14:16,2025-01-13 02:14:16,2025-01-13 02:14:16,False,
315273196,1,2025-01-13 02:14:17,2025-01-13 02:14:17,2025-01-13 02:14:17,False,
128771488,1,2025-01-13 02:14:17,2025-01-13 02:14:17,2025-01-13 02:14:17,False,
559123309,1,2025-01-13 02:29:57,2025-01-13 02:29:57,2025-01-13 02:29:57,False,
172995530,1,2025-01-13 02:29:59,2025-01-13 02:29:59,2025-01-13 02:29:59,False,
249492694,1,2025-01-13 02:30:00,2025-01-13 02:30:00,2025-01-13 02:30:00,False,
543187577,1,2025-01-13 02:30:04,2025-01-13 02:30:04,2025-01-13 02:30:04,False,
153773579,1,2025-01-13 02:30:04,2025-01-13 02:30:04,2025-01-13 02:30:04,False,
659602228,1,2025-01-13 02:30:04,2025-01-13 02:30:04,2025-01-13 02:30:04,False,
346582211,3,2025-01-13 02:30:05,2025-01-13 02:30:05,2025-01-13 02:02:12,True,
230686227,1,2025-01-13 02:30:06,2025-01-13 02:30:06,2025-01-13 02:30:06,False,
433162432,4,2025-01-13 02:30:07,2025-01-13 02:30:07,2025-01-13 01:56:44,True,
23425701,2,2025-01-13 02:30:10,2025-01-13 02:30:10,2025-01-13 02:05:46,True,
328765192,1,2025-01-13 02:30:11,2025-01-13 02:30:11,2025-01-13 02:30:11,False,
217024658,1,2025-01-13 02:30:14,2025-01-13 02:30:14,2025-01-13 02:30:14,False,
442491043,2,2025-01-13 02:30:16,2025-01-13 02:30:16,2025-01-13 02:02:04,True,
533159371,1,2025-01-13 02:30:17,2025-01-13 02:30:17,2025-01-13 02:30:17,False,
117542880,1,2025-01-13 02:30:18,2025-01-13 02:30:18,2025-01-13 02:30:18,False,
147723620,1,2025-01-13 02:30:19,2025-01-13 02:30:19,2025-01-13 02:30:19,False,
424702301,1,2025-01-13 02:30:20,2025-01-13 02:30:20,2025-01-13 02:30:20,False,
169160527,1,2025-01-13 02:30:20,2025-01-13 02:30:20,2025-01-13 02:30:20,False,
447273123,1,2025-01-13 02:30:20,2025-01-13 02:30:20,2025-01-13 02:30:20,False,
432757385,1,2025-01-13 02:30:22,2025-01-13 02:30:22,2025-01-13 02:30:22,False,
480354853,1,2025-01-13 02:30:24,2025-01-13 02:30:24,2025-01-13 02:30:24,False,
545104809,1,2025-01-13 02:30:54,2025-01-13 02:30:54,2025-01-13 02:30:54,False,
123884090,2,2025-01-13 02:30:55,2025-01-13 02:30:55,2025-01-13 02:14:30,True,
154304140,1,2025-01-13 02:30:56,2025-01-13 02:30:56,2025-01-13 02:30:56,False,
399381518,1,2025-01-13 02:30:58,2025-01-13 02:30:58,2025-01-13 02:30:58,False,
545793013,1,2025-01-13 02:30:59,2025-01-13 02:30:59,2025-01-13 02:30:59,False,
233485538,2,2025-01-13 02:31:00,2025-01-13 02:31:00,2025-01-13 02:15:53,True,
158408860,1,2025-01-13 02:31:00,2025-01-13 02:31:00,2025-01-13 02:31:00,False,
412552037,1,2025-01-13 02:31:02,2025-01-13 02:31:02,2025-01-13 02:31:02,False,
282602332,1,2025-01-13 02:31:04,2025-01-13 02:31:04,2025-01-13 02:31:04,False,
371131601,2,2025-01-13 02:31:04,2025-01-13 02:31:04,2025-01-13 02:07:22,True,
371957461,3,2025-01-13 02:31:05,2025-01-13 02:31:05,2025-01-13 02:06:15,True,
171684111,1,2025-01-13 02:31:05,2025-01-13 02:31:05,2025-01-13 02:31:05,False,
401930390,1,2025-01-13 02:31:06,2025-01-13 02:31:06,2025-01-13 02:31:06,False,
426677805,1,2025-01-13 02:31:08,2025-01-13 02:31:08,2025-01-13 02:31:08,False,
89024461,1,2025-01-13 02:31:11,2025-01-13 02:31:11,2025-01-13 02:31:11,False,
156871714,2,2025-01-13 02:31:12,2025-01-13 02:31:12,2025-01-13 02:15:54,True,
556894631,1,2025-01-13 02:31:12,2025-01-13 02:31:12,2025-01-13 02:31:12,False,
654793174,1,2025-01-13 02:31:15,2025-01-13 02:31:15,2025-01-13 02:31:15,False,
335354388,1,2025-01-13 02:31:17,2025-01-13 02:31:17,2025-01-13 02:31:17,False,
318699493,1,2025-01-13 02:31:20,2025-01-13 02:31:20,2025-01-13 02:31:20,False,
490118704,1,2025-01-13 02:31:21,2025-01-13 02:31:21,2025-01-13 02:31:21,False,
515987068,1,2025-01-13 02:31:23,2025-01-13 02:31:23,2025-01-13 02:31:23,False,
446108750,1,2025-01-13 02:31:25,2025-01-13 02:31:25,2025-01-13 02:31:25,False,
496620678,1,2025-01-13 02:57:59,2025-01-13 02:57:59,2025-01-13 02:57:59,False,
27255641,1,2025-01-13 02:58:00,2025-01-13 02:58:00,2025-01-13 02:58:00,False,
552886795,2,2025-01-13 02:58:11,2025-01-13 02:58:11,2025-01-13 02:39:55,True,
664931086,1,2025-01-13 02:58:15,2025-01-13 02:58:15,2025-01-13 02:58:15,False,
156159180,5,2025-01-13 02:58:17,2025-01-13 02:58:17,2025-01-13 02:09:34,True,
237073185,1,2025-01-13 02:58:35,2025-01-13 02:58:35,2025-01-13 02:58:35,False,
545641830,1,2025-01-13 02:58:42,2025-01-13 02:58:42,2025-01-13 02:58:42,False,
130014999,10,2025-01-13 02:58:48,2025-01-13 02:58:48,2025-01-13 01:56:47,True,
500157182,1,2025-01-13 02:58:50,2025-01-13 02:58:50,2025-01-13 02:58:50,False,
366457353,1,2025-01-13 02:58:52,2025-01-13 02:58:52,2025-01-13 02:58:52,False,
104163128,11,2025-01-13 03:01:31,2025-01-13 03:01:31,2025-01-13 01:55:44,True,
173888569,1,2025-01-13 02:22:47,2025-01-13 02:22:47,2025-01-13 02:22:47,False,
118497497,1,2025-01-13 02:22:48,2025-01-13 02:22:48,2025-01-13 02:22:48,False,
357806736,3,2025-01-13 02:22:48,2025-01-13 02:22:48,2025-01-13 02:06:26,True,
497357882,2,2025-01-13 02:22:49,2025-01-13 02:22:49,2025-01-13 02:05:36,True,
375894315,1,2025-01-13 02:22:50,2025-01-13 02:22:50,2025-01-13 02:22:50,False,
253223494,1,2025-01-13 02:22:51,2025-01-13 02:22:51,2025-01-13 02:22:51,False,
373800187,1,2025-01-13 02:22:52,2025-01-13 02:22:52,2025-01-13 02:22:52,False,
553225393,1,2025-01-13 02:22:54,2025-01-13 02:22:54,2025-01-13 02:22:54,False,
384933477,1,2025-01-13 02:22:54,2025-01-13 02:22:54,2025-01-13 02:22:54,False,
215028507,1,2025-01-13 02:22:55,2025-01-13 02:22:55,2025-01-13 02:22:55,False,
579053443,2,2025-01-13 02:22:55,2025-01-13 02:22:55,2025-01-13 01:57:47,True,
319227148,2,2025-01-13 02:22:56,2025-01-13 02:22:56,2025-01-13 02:09:18,True,
153783398,1,2025-01-13 02:22:56,2025-01-13 02:22:56,2025-01-13 02:22:56,False,
226613785,1,2025-01-13 02:22:57,2025-01-13 02:22:57,2025-01-13 02:22:57,False,
28990103,1,2025-01-13 02:22:58,2025-01-13 02:22:58,2025-01-13 02:22:58,False,
300576771,2,2025-01-13 02:22:59,2025-01-13 02:22:59,2025-01-13 02:00:00,True,
34364655,1,2025-01-13 02:23:00,2025-01-13 02:23:00,2025-01-13 02:23:00,False,
156213686,1,2025-01-13 02:23:01,2025-01-13 02:23:01,2025-01-13 02:23:01,False,
488084223,1,2025-01-13 02:23:02,2025-01-13 02:23:02,2025-01-13 02:23:02,False,
65249425,1,2025-01-13 02:23:03,2025-01-13 02:23:03,2025-01-13 02:23:03,False,
121541734,1,2025-01-13 02:23:04,2025-01-13 02:23:04,2025-01-13 02:23:04,False,
665018357,1,2025-01-13 02:23:04,2025-01-13 02:23:04,2025-01-13 02:23:04,False,
297853996,1,2025-01-13 02:23:05,2025-01-13 02:23:05,2025-01-13 02:23:05,False,
596612326,1,2025-01-13 02:23:06,2025-01-13 02:23:06,2025-01-13 02:23:06,False,
86117524,1,2025-01-13 02:23:08,2025-01-13 02:23:08,2025-01-13 02:23:08,False,
24551949,1,2025-01-13 02:23:08,2025-01-13 02:23:08,2025-01-13 02:23:08,False,
310285601,1,2025-01-13 02:23:08,2025-01-13 02:23:08,2025-01-13 02:23:08,False,
286900037,2,2025-01-13 02:23:08,2025-01-13 02:23:08,2025-01-13 01:59:13,True,
160830266,3,2025-01-13 02:23:09,2025-01-13 02:23:09,2025-01-13 02:08:52,True,
431147135,1,2025-01-13 02:23:11,2025-01-13 02:23:11,2025-01-13 02:23:11,False,
666208805,1,2025-01-13 02:23:11,2025-01-13 02:23:11,2025-01-13 02:23:11,False,
78247164,2,2025-01-13 02:23:11,2025-01-13 02:23:11,2025-01-13 01:56:02,True,
190257351,1,2025-01-13 02:23:11,2025-01-13 02:23:11,2025-01-13 02:23:11,False,
27187428,1,2025-01-13 02:23:12,2025-01-13 02:23:12,2025-01-13 02:23:12,False,
369701425,1,2025-01-13 02:23:13,2025-01-13 02:23:13,2025-01-13 02:23:13,False,
33151163,1,2025-01-13 02:23:13,2025-01-13 02:23:13,2025-01-13 02:23:13,False,
102285747,1,2025-01-13 02:23:16,2025-01-13 02:23:16,2025-01-13 02:23:16,False,
437298914,2,2025-01-13 02:24:39,2025-01-13 02:24:39,2025-01-13 02:11:57,True,
431907730,1,2025-01-13 02:24:40,2025-01-13 02:24:40,2025-01-13 02:24:40,False,
543686342,1,2025-01-13 02:24:41,2025-01-13 02:24:41,2025-01-13 02:24:41,False,
231172215,1,2025-01-13 02:24:42,2025-01-13 02:24:42,2025-01-13 02:24:42,False,
334916935,1,2025-01-13 02:24:44,2025-01-13 02:24:44,2025-01-13 02:24:44,False,
28705962,1,2025-01-13 02:24:45,2025-01-13 02:24:45,2025-01-13 02:24:45,False,
498703342,2,2025-01-13 02:24:46,2025-01-13 02:24:46,2025-01-13 01:55:24,True,
668293903,1,2025-01-13 02:24:47,2025-01-13 02:24:47,2025-01-13 02:24:47,False,
404336799,1,2025-01-13 02:06:07,2025-01-13 02:06:07,2025-01-13 02:06:07,False,
492426050,2,2025-01-13 02:06:08,2025-01-13 02:06:08,2025-01-13 02:00:42,True,
668367866,1,2025-01-13 02:06:08,2025-01-13 02:06:08,2025-01-13 02:06:08,False,
87134338,1,2025-01-13 02:06:08,2025-01-13 02:06:08,2025-01-13 02:06:08,False,
322761422,1,2025-01-13 02:06:08,2025-01-13 02:06:08,2025-01-13 02:06:08,False,
377357657,1,2025-01-13 02:06:08,2025-01-13 02:06:08,2025-01-13 02:06:08,False,
550539090,1,2025-01-13 02:06:10,2025-01-13 02:06:10,2025-01-13 02:06:10,False,
163073391,1,2025-01-13 02:06:11,2025-01-13 02:06:11,2025-01-13 02:06:11,False,
662040454,1,2025-01-13 02:06:17,2025-01-13 02:06:17,2025-01-13 02:06:17,False,
663968918,1,2025-01-13 02:06:21,2025-01-13 02:06:21,2025-01-13 02:06:21,False,
495390580,1,2025-01-13 02:06:25,2025-01-13 02:06:25,2025-01-13 02:06:25,False,
474947439,1,2025-01-13 02:06:26,2025-01-13 02:06:26,2025-01-13 02:06:26,False,
407380231,1,2025-01-13 02:06:26,2025-01-13 02:06:26,2025-01-13 02:06:26,False,
411112011,1,2025-01-13 02:06:28,2025-01-13 02:06:28,2025-01-13 02:06:28,False,
457315062,1,2025-01-13 02:06:28,2025-01-13 02:06:28,2025-01-13 02:06:28,False,
550208648,1,2025-01-13 02:06:29,2025-01-13 02:06:29,2025-01-13 02:06:29,False,
183994411,1,2025-01-13 02:06:29,2025-01-13 02:06:29,2025-01-13 02:06:29,False,
661639118,1,2025-01-13 02:06:35,2025-01-13 02:06:35,2025-01-13 02:06:35,False,
393604457,1,2025-01-13 02:06:36,2025-01-13 02:06:36,2025-01-13 02:06:36,False,
494667426,1,2025-01-13 02:06:37,2025-01-13 02:06:37,2025-01-13 02:06:37,False,
390572811,1,2025-01-13 02:06:37,2025-01-13 02:06:37,2025-01-13 02:06:37,False,
421880935,1,2025-01-13 02:06:38,2025-01-13 02:06:38,2025-01-13 02:06:38,False,
400961407,1,2025-01-13 02:06:40,2025-01-13 02:06:40,2025-01-13 02:06:40,False,
174545391,1,2025-01-13 02:06:41,2025-01-13 02:06:41,2025-01-13 02:06:41,False,
455100919,1,2025-01-13 02:06:43,2025-01-13 02:06:43,2025-01-13 02:06:43,False,
104998472,1,2025-01-13 02:06:43,2025-01-13 02:06:43,2025-01-13 02:06:43,False,
142863352,1,2025-01-13 02:06:48,2025-01-13 02:06:48,2025-01-13 02:06:48,False,
119361929,1,2025-01-13 02:06:48,2025-01-13 02:06:48,2025-01-13 02:06:48,False,
159132424,1,2025-01-13 02:24:51,2025-01-13 02:24:51,2025-01-13 02:24:51,False,
257657377,1,2025-01-13 02:24:51,2025-01-13 02:24:51,2025-01-13 02:24:51,False,
31226565,1,2025-01-13 02:24:53,2025-01-13 02:24:53,2025-01-13 02:24:53,False,
237876168,1,2025-01-13 02:24:59,2025-01-13 02:24:59,2025-01-13 02:24:59,False,
73707795,4,2025-01-13 02:25:01,2025-01-13 02:25:01,2025-01-13 01:55:22,True,
530739855,1,2025-01-13 02:25:06,2025-01-13 02:25:06,2025-01-13 02:25:06,False,
364996446,1,2025-01-13 02:25:09,2025-01-13 02:25:09,2025-01-13 02:25:09,False,
161742491,1,2025-01-13 02:26:05,2025-01-13 02:26:05,2025-01-13 02:26:05,False,
489908528,1,2025-01-13 02:26:07,2025-01-13 02:26:07,2025-01-13 02:26:07,False,
109364961,3,2025-01-13 02:26:09,2025-01-13 02:26:09,2025-01-13 01:59:47,True,
389604695,1,2025-01-13 02:26:10,2025-01-13 02:26:10,2025-01-13 02:26:10,False,
429795319,1,2025-01-13 02:26:11,2025-01-13 02:26:11,2025-01-13 02:26:11,False,
148105677,1,2025-01-13 02:26:11,2025-01-13 02:26:11,2025-01-13 02:26:11,False,
220626807,1,2025-01-13 02:26:13,2025-01-13 02:26:13,2025-01-13 02:26:13,False,
653857333,1,2025-01-13 02:26:16,2025-01-13 02:26:16,2025-01-13 02:26:16,False,
650602517,2,2025-01-13 02:26:20,2025-01-13 02:26:20,2025-01-13 01:54:42,True,
655505735,1,2025-01-13 02:26:23,2025-01-13 02:26:23,2025-01-13 02:26:23,False,
166345971,1,2025-01-13 02:26:24,2025-01-13 02:26:24,2025-01-13 02:26:24,False,
263220192,1,2025-01-13 02:05:14,2025-01-13 02:05:14,2025-01-13 02:05:14,False,
482790791,1,2025-01-13 02:05:15,2025-01-13 02:05:15,2025-01-13 02:05:15,False,
51307548,1,2025-01-13 02:05:21,2025-01-13 02:05:21,2025-01-13 02:05:21,False,
407965480,1,2025-01-13 02:05:22,2025-01-13 02:05:22,2025-01-13 02:05:22,False,
217313948,1,2025-01-13 02:05:23,2025-01-13 02:05:23,2025-01-13 02:05:23,False,
230244281,1,2025-01-13 02:05:25,2025-01-13 02:05:25,2025-01-13 02:05:25,False,
325721445,1,2025-01-13 02:05:27,2025-01-13 02:05:27,2025-01-13 02:05:27,False,
290753707,1,2025-01-13 02:05:27,2025-01-13 02:05:27,2025-01-13 02:05:27,False,
8370514,1,2025-01-13 02:05:28,2025-01-13 02:05:28,2025-01-13 02:05:28,False,
46288679,1,2025-01-13 02:05:32,2025-01-13 02:05:32,2025-01-13 02:05:32,False,
667299468,1,2025-01-13 02:05:34,2025-01-13 02:05:34,2025-01-13 02:05:34,False,
532489847,2,2025-01-13 02:05:35,2025-01-13 02:05:35,2025-01-13 01:59:22,True,
244579673,1,2025-01-13 02:05:36,2025-01-13 02:05:36,2025-01-13 02:05:36,False,
286190226,1,2025-01-13 02:05:36,2025-01-13 02:05:36,2025-01-13 02:05:36,False,
168778857,1,2025-01-13 02:05:36,2025-01-13 02:05:36,2025-01-13 02:05:36,False,
140798572,1,2025-01-13 02:05:37,2025-01-13 02:05:37,2025-01-13 02:05:37,False,
505113543,2,2025-01-13 02:05:37,2025-01-13 02:05:37,2025-01-13 01:58:25,True,
240148657,1,2025-01-13 02:05:40,2025-01-13 02:05:40,2025-01-13 02:05:40,False,
245349959,1,2025-01-13 02:05:40,2025-01-13 02:05:40,2025-01-13 02:05:40,False,
335850167,1,2025-01-13 02:05:40,2025-01-13 02:05:40,2025-01-13 02:05:40,False,
167998453,1,2025-01-13 02:05:41,2025-01-13 02:05:41,2025-01-13 02:05:41,False,
480647689,1,2025-01-13 02:05:46,2025-01-13 02:05:46,2025-01-13 02:05:46,False,
244969913,1,2025-01-13 02:05:46,2025-01-13 02:05:46,2025-01-13 02:05:46,False,
666191810,1,2025-01-13 02:05:47,2025-01-13 02:05:47,2025-01-13 02:05:47,False,
538235382,1,2025-01-13 02:05:48,2025-01-13 02:05:48,2025-01-13 02:05:48,False,
171599356,1,2025-01-13 02:05:48,2025-01-13 02:05:48,2025-01-13 02:05:48,False,
386044528,1,2025-01-13 02:05:49,2025-01-13 02:05:49,2025-01-13 02:05:49,False,
10949434,1,2025-01-13 02:05:50,2025-01-13 02:05:50,2025-01-13 02:05:50,False,
597092373,1,2025-01-13 02:05:52,2025-01-13 02:05:52,2025-01-13 02:05:52,False,
364889245,1,2025-01-13 02:05:54,2025-01-13 02:05:54,2025-01-13 02:05:54,False,
14523291,1,2025-01-13 02:05:55,2025-01-13 02:05:55,2025-01-13 02:05:55,False,
218489901,1,2025-01-13 02:05:55,2025-01-13 02:05:55,2025-01-13 02:05:55,False,
372517934,1,2025-01-13 02:05:56,2025-01-13 02:05:56,2025-01-13 02:05:56,False,
551035447,1,2025-01-13 02:05:58,2025-01-13 02:05:58,2025-01-13 02:05:58,False,
656338631,1,2025-01-13 02:05:59,2025-01-13 02:05:59,2025-01-13 02:05:59,False,
548226371,2,2025-01-13 02:06:01,2025-01-13 02:06:01,2025-01-13 02:02:59,True,
149410057,1,2025-01-13 02:06:02,2025-01-13 02:06:02,2025-01-13 02:06:02,False,
164643591,1,2025-01-13 02:06:03,2025-01-13 02:06:03,2025-01-13 02:06:03,False,
652806624,2,2025-01-13 02:06:55,2025-01-13 02:06:55,2025-01-13 02:04:58,True,
445375490,1,2025-01-13 02:06:57,2025-01-13 02:06:57,2025-01-13 02:06:57,False,
379956579,1,2025-01-13 02:06:58,2025-01-13 02:06:58,2025-01-13 02:06:58,False,
432392779,1,2025-01-13 02:06:58,2025-01-13 02:06:58,2025-01-13 02:06:58,False,
151579579,1,2025-01-13 02:06:58,2025-01-13 02:06:58,2025-01-13 02:06:58,False,
574109024,1,2025-01-13 02:08:21,2025-01-13 02:08:21,2025-01-13 02:08:21,False,
161956442,2,2025-01-13 02:08:23,2025-01-13 02:08:23,2025-01-13 02:01:20,True,
412574345,1,2025-01-13 02:08:25,2025-01-13 02:08:25,2025-01-13 02:08:25,False,
240079780,1,2025-01-13 02:08:25,2025-01-13 02:08:25,2025-01-13 02:08:25,False,
479769003,1,2025-01-13 02:08:26,2025-01-13 02:08:26,2025-01-13 02:08:26,False,
158524919,1,2025-01-13 02:08:26,2025-01-13 02:08:26,2025-01-13 02:08:26,False,
66858411,1,2025-01-13 02:08:27,2025-01-13 02:08:27,2025-01-13 02:08:27,False,
239268146,1,2025-01-13 02:08:28,2025-01-13 02:08:28,2025-01-13 02:08:28,False,
230026059,1,2025-01-13 02:08:28,2025-01-13 02:08:28,2025-01-13 02:08:28,False,
539554242,1,2025-01-13 02:08:29,2025-01-13 02:08:29,2025-01-13 02:08:29,False,
271139340,1,2025-01-13 02:08:29,2025-01-13 02:08:29,2025-01-13 02:08:29,False,
153666636,1,2025-01-13 02:08:31,2025-01-13 02:08:31,2025-01-13 02:08:31,False,
472903083,1,2025-01-13 02:08:31,2025-01-13 02:08:31,2025-01-13 02:08:31,False,
133449117,2,2025-01-13 02:08:33,2025-01-13 02:08:33,2025-01-13 01:56:30,True,
58608265,1,2025-01-13 02:08:35,2025-01-13 02:08:35,2025-01-13 02:08:35,False,
263491134,1,2025-01-13 02:08:37,2025-01-13 02:08:37,2025-01-13 02:08:37,False,
552906194,1,2025-01-13 02:08:38,2025-01-13 02:08:38,2025-01-13 02:08:38,False,
236629473,1,2025-01-13 02:08:40,2025-01-13 02:08:40,2025-01-13 02:08:40,False,
437574735,1,2025-01-13 02:08:41,2025-01-13 02:08:41,2025-01-13 02:08:41,False,
368792502,1,2025-01-13 02:08:41,2025-01-13 02:08:41,2025-01-13 02:08:41,False,
236114644,1,2025-01-13 02:08:43,2025-01-13 02:08:43,2025-01-13 02:08:43,False,
553615061,1,2025-01-13 02:08:45,2025-01-13 02:08:45,2025-01-13 02:08:45,False,
446240584,1,2025-01-13 02:08:46,2025-01-13 02:08:46,2025-01-13 02:08:46,False,
487852718,1,2025-01-13 02:08:50,2025-01-13 02:08:50,2025-01-13 02:08:50,False,
157555666,1,2025-01-13 01:58:44,2025-01-13 01:58:44,2025-01-13 01:58:44,False,
109164509,1,2025-01-13 01:58:44,2025-01-13 01:58:44,2025-01-13 01:58:44,False,
155422184,1,2025-01-13 01:58:45,2025-01-13 01:58:45,2025-01-13 01:58:45,False,
498051781,1,2025-01-13 01:58:47,2025-01-13 01:58:47,2025-01-13 01:58:47,False,
101559197,1,2025-01-13 01:58:49,2025-01-13 01:58:49,2025-01-13 01:58:49,False,
230786695,2,2025-01-13 01:58:50,2025-01-13 01:58:50,2025-01-13 01:54:33,True,
486590519,1,2025-01-13 01:58:51,2025-01-13 01:58:51,2025-01-13 01:58:51,False,
99937934,1,2025-01-13 01:58:52,2025-01-13 01:58:52,2025-01-13 01:58:52,False,
437084713,1,2025-01-13 01:58:54,2025-01-13 01:58:54,2025-01-13 01:58:54,False,
35641044,1,2025-01-13 01:58:56,2025-01-13 01:58:56,2025-01-13 01:58:56,False,
61417713,1,2025-01-13 01:58:59,2025-01-13 01:58:59,2025-01-13 01:58:59,False,
307340152,1,2025-01-13 01:59:00,2025-01-13 01:59:00,2025-01-13 01:59:00,False,
145230656,1,2025-01-13 01:59:00,2025-01-13 01:59:00,2025-01-13 01:59:00,False,
416312700,1,2025-01-13 01:59:30,2025-01-13 01:59:30,2025-01-13 01:59:30,False,
164366607,1,2025-01-13 01:59:35,2025-01-13 01:59:35,2025-01-13 01:59:35,False,
229805594,1,2025-01-13 01:59:36,2025-01-13 01:59:36,2025-01-13 01:59:36,False,
430585151,1,2025-01-13 01:59:36,2025-01-13 01:59:36,2025-01-13 01:59:36,False,
370754002,1,2025-01-13 01:59:40,2025-01-13 01:59:40,2025-01-13 01:59:40,False,
347330547,1,2025-01-13 01:59:41,2025-01-13 01:59:41,2025-01-13 01:59:41,False,
327101480,1,2025-01-13 01:59:41,2025-01-13 01:59:41,2025-01-13 01:59:41,False,
84934849,1,2025-01-13 01:59:41,2025-01-13 01:59:41,2025-01-13 01:59:41,False,
109848803,2,2025-01-13 01:59:42,2025-01-13 01:59:42,2025-01-13 01:54:29,True,
195698497,1,2025-01-13 01:59:42,2025-01-13 01:59:42,2025-01-13 01:59:42,False,
324937058,1,2025-01-13 01:59:44,2025-01-13 01:59:44,2025-01-13 01:59:44,False,
315968304,2,2025-01-13 01:59:44,2025-01-13 01:59:44,2025-01-13 01:54:35,True,
373533581,1,2025-01-13 01:59:46,2025-01-13 01:59:46,2025-01-13 01:59:46,False,
388282482,1,2025-01-13 01:57:09,2025-01-13 01:57:09,2025-01-13 01:57:09,False,
668747166,1,2025-01-13 01:57:13,2025-01-13 01:57:13,2025-01-13 01:57:13,False,
548228073,1,2025-01-13 01:57:14,2025-01-13 01:57:14,2025-01-13 01:57:14,False,
160207695,1,2025-01-13 01:57:16,2025-01-13 01:57:16,2025-01-13 01:57:16,False,
417473895,1,2025-01-13 01:57:16,2025-01-13 01:57:16,2025-01-13 01:57:16,False,
69191845,1,2025-01-13 01:57:17,2025-01-13 01:57:17,2025-01-13 01:57:17,False,
666482761,1,2025-01-13 01:57:18,2025-01-13 01:57:18,2025-01-13 01:57:18,False,
657763903,1,2025-01-13 01:57:19,2025-01-13 01:57:19,2025-01-13 01:57:19,False,
219606283,1,2025-01-13 01:57:21,2025-01-13 01:57:21,2025-01-13 01:57:21,False,
333431124,1,2025-01-13 01:57:21,2025-01-13 01:57:21,2025-01-13 01:57:21,False,
122699535,1,2025-01-13 01:57:22,2025-01-13 01:57:22,2025-01-13 01:57:22,False,
103841036,1,2025-01-13 01:57:24,2025-01-13 01:57:24,2025-01-13 01:57:24,False,
433491007,1,2025-01-13 01:57:25,2025-01-13 01:57:25,2025-01-13 01:57:25,False,
652811419,1,2025-01-13 01:57:26,2025-01-13 01:57:26,2025-01-13 01:57:26,False,
377630426,1,2025-01-13 01:57:26,2025-01-13 01:57:26,2025-01-13 01:57:26,False,
480585598,1,2025-01-13 01:57:27,2025-01-13 01:57:27,2025-01-13 01:57:27,False,
272961395,1,2025-01-13 01:57:28,2025-01-13 01:57:28,2025-01-13 01:57:28,False,
130899725,1,2025-01-13 01:57:30,2025-01-13 01:57:30,2025-01-13 01:57:30,False,
653350981,1,2025-01-13 01:57:30,2025-01-13 01:57:30,2025-01-13 01:57:30,False,
170042193,1,2025-01-13 01:57:32,2025-01-13 01:57:32,2025-01-13 01:57:32,False,
491887423,1,2025-01-13 01:57:33,2025-01-13 01:57:33,2025-01-13 01:57:33,False,
426641992,1,2025-01-13 01:58:34,2025-01-13 01:58:34,2025-01-13 01:58:34,False,
667273939,1,2025-01-13 01:58:36,2025-01-13 01:58:36,2025-01-13 01:58:36,False,
274985150,1,2025-01-13 01:58:37,2025-01-13 01:58:37,2025-01-13 01:58:37,False,
655094890,2,2025-01-13 01:58:38,2025-01-13 01:58:38,2025-01-13 01:55:08,True,
117321897,1,2025-01-13 01:58:39,2025-01-13 01:58:39,2025-01-13 01:58:39,False,
434062035,1,2025-01-13 01:58:42,2025-01-13 01:58:42,2025-01-13 01:58:42,False,
335554570,1,2025-01-13 02:52:38,2025-01-13 02:52:38,2025-01-13 02:52:38,False,
31548062,1,2025-01-13 02:52:53,2025-01-13 02:52:53,2025-01-13 02:52:53,False,
234767530,2,2025-01-13 02:53:17,2025-01-13 02:53:17,2025-01-13 02:20:05,True,
378513320,7,2025-01-13 02:53:18,2025-01-13 02:53:18,2025-01-13 02:07:09,True,
331093674,1,2025-01-13 02:53:23,2025-01-13 02:53:23,2025-01-13 02:53:23,False,
548247228,2,2025-01-13 02:53:26,2025-01-13 02:53:26,2025-01-13 02:04:28,True,
25409104,1,2025-01-13 02:53:30,2025-01-13 02:53:30,2025-01-13 02:53:30,False,
307308667,2,2025-01-13 02:53:38,2025-01-13 02:53:38,2025-01-13 01:58:55,True,
376277975,1,2025-01-13 02:54:14,2025-01-13 02:54:14,2025-01-13 02:54:14,False,
188954989,1,2025-01-13 02:54:16,2025-01-13 02:54:16,2025-01-13 02:54:16,False,
200911738,1,2025-01-13 02:54:23,2025-01-13 02:54:23,2025-01-13 02:54:23,False,
30659225,1,2025-01-13 02:54:27,2025-01-13 02:54:27,2025-01-13 02:54:27,False,
316228523,1,2025-01-13 02:54:29,2025-01-13 02:54:29,2025-01-13 02:54:29,False,
31687536,1,2025-01-13 02:54:30,2025-01-13 02:54:30,2025-01-13 02:54:30,False,
162121775,3,2025-01-13 02:54:48,2025-01-13 02:54:48,2025-01-13 02:13:13,True,
436309266,1,2025-01-13 02:54:49,2025-01-13 02:54:49,2025-01-13 02:54:49,False,
49471580,1,2025-01-13 02:55:10,2025-01-13 02:55:10,2025-01-13 02:55:10,False,
65400201,2,2025-01-13 02:55:15,2025-01-13 02:55:15,2025-01-13 02:53:47,True,
200548183,1,2025-01-13 02:55:16,2025-01-13 02:55:16,2025-01-13 02:55:16,False,
483558435,1,2025-01-13 02:55:19,2025-01-13 02:55:19,2025-01-13 02:55:19,False,
534536593,4,2025-01-13 02:55:28,2025-01-13 02:55:28,2025-01-13 01:55:02,True,
9008841,1,2025-01-13 02:55:41,2025-01-13 02:55:41,2025-01-13 02:55:41,False,
25984866,25,2025-01-13 02:55:45,2025-01-13 02:55:45,2025-01-13 01:55:40,True,
2143734,3,2025-01-13 02:55:48,2025-01-13 02:55:48,2025-01-13 02:31:22,True,
545209001,1,2025-01-13 02:55:54,2025-01-13 02:55:54,2025-01-13 02:55:54,False,
318023861,4,2025-01-13 02:56:12,2025-01-13 02:56:12,2025-01-13 02:52:56,True,
540250503,1,2025-01-13 02:56:54,2025-01-13 02:56:54,2025-01-13 02:56:54,False,
339252141,1,2025-01-13 02:57:05,2025-01-13 02:57:05,2025-01-13 02:57:05,False,
652001400,1,2025-01-13 02:57:11,2025-01-13 02:57:11,2025-01-13 02:57:11,False,
497354810,1,2025-01-13 02:57:17,2025-01-13 02:57:17,2025-01-13 02:57:17,False,
479218368,1,2025-01-13 02:57:32,2025-01-13 02:57:32,2025-01-13 02:57:32,False,
158715358,4,2025-01-13 02:57:35,2025-01-13 02:57:35,2025-01-13 01:57:36,True,
559617985,1,2025-01-13 02:57:37,2025-01-13 02:57:37,2025-01-13 02:57:37,False,
108336055,4,2025-01-13 02:57:41,2025-01-13 02:57:41,2025-01-13 02:52:37,True,
161022840,1,2025-01-13 02:32:55,2025-01-13 02:32:55,2025-01-13 02:32:55,False,
159847012,1,2025-01-13 02:32:55,2025-01-13 02:32:55,2025-01-13 02:32:55,False,
555712388,1,2025-01-13 02:32:55,2025-01-13 02:32:55,2025-01-13 02:32:55,False,
162686113,2,2025-01-13 02:32:55,2025-01-13 02:32:55,2025-01-13 02:23:08,True,
421309038,1,2025-01-13 02:32:56,2025-01-13 02:32:56,2025-01-13 02:32:56,False,
274096729,1,2025-01-13 02:32:56,2025-01-13 02:32:56,2025-01-13 02:32:56,False,
244632804,1,2025-01-13 02:32:57,2025-01-13 02:32:57,2025-01-13 02:32:57,False,
380442574,1,2025-01-13 02:32:57,2025-01-13 02:32:57,2025-01-13 02:32:57,False,
325083115,1,2025-01-13 02:33:01,2025-01-13 02:33:01,2025-01-13 02:33:01,False,
591203629,1,2025-01-13 02:33:02,2025-01-13 02:33:02,2025-01-13 02:33:02,False,
542689515,1,2025-01-13 02:33:03,2025-01-13 02:33:03,2025-01-13 02:33:03,False,
498410904,2,2025-01-13 02:33:03,2025-01-13 02:33:03,2025-01-13 01:55:38,True,
106005867,2,2025-01-13 02:33:05,2025-01-13 02:33:05,2025-01-13 02:18:03,True,
342997828,1,2025-01-13 02:33:05,2025-01-13 02:33:05,2025-01-13 02:33:05,False,
309821176,3,2025-01-13 02:33:05,2025-01-13 02:33:05,2025-01-13 02:10:32,True,
479783411,1,2025-01-13 02:33:08,2025-01-13 02:33:08,2025-01-13 02:33:08,False,
174064388,1,2025-01-13 02:33:09,2025-01-13 02:33:09,2025-01-13 02:33:09,False,
171335633,1,2025-01-13 02:33:10,2025-01-13 02:33:10,2025-01-13 02:33:10,False,
586338752,1,2025-01-13 02:33:13,2025-01-13 02:33:13,2025-01-13 02:33:13,False,
405655878,1,2025-01-13 02:33:16,2025-01-13 02:33:16,2025-01-13 02:33:16,False,
434570639,2,2025-01-13 02:34:13,2025-01-13 02:34:13,2025-01-13 01:59:32,True,
482541826,1,2025-01-13 02:34:13,2025-01-13 02:34:13,2025-01-13 02:34:13,False,
143699250,2,2025-01-13 02:34:14,2025-01-13 02:34:14,2025-01-13 02:00:43,True,
239715232,3,2025-01-13 02:34:14,2025-01-13 02:34:14,2025-01-13 01:54:53,True,
544233823,1,2025-01-13 02:34:15,2025-01-13 02:34:15,2025-01-13 02:34:15,False,
432871398,1,2025-01-13 02:34:16,2025-01-13 02:34:16,2025-01-13 02:34:16,False,
232585108,3,2025-01-13 02:34:17,2025-01-13 02:34:17,2025-01-13 02:25:30,True,
190067109,1,2025-01-13 02:34:18,2025-01-13 02:34:18,2025-01-13 02:34:18,False,
475121056,4,2025-01-13 02:34:18,2025-01-13 02:34:18,2025-01-13 01:59:15,True,
425473274,1,2025-01-13 02:34:19,2025-01-13 02:34:19,2025-01-13 02:34:19,False,
235552021,1,2025-01-13 02:34:19,2025-01-13 02:34:19,2025-01-13 02:34:19,False,
311476223,2,2025-01-13 02:34:20,2025-01-13 02:34:20,2025-01-13 01:56:43,True,
191574816,1,2025-01-13 02:34:21,2025-01-13 02:34:21,2025-01-13 02:34:21,False,
218078770,1,2025-01-13 02:34:22,2025-01-13 02:34:22,2025-01-13 02:34:22,False,
666830412,1,2025-01-13 02:34:22,2025-01-13 02:34:22,2025-01-13 02:34:22,False,
316565571,1,2025-01-13 02:34:24,2025-01-13 02:34:24,2025-01-13 02:34:24,False,
452666358,1,2025-01-13 02:34:25,2025-01-13 02:34:25,2025-01-13 02:34:25,False,
367557872,1,2025-01-13 02:34:26,2025-01-13 02:34:26,2025-01-13 02:34:26,False,
188535925,1,2025-01-13 02:34:26,2025-01-13 02:34:26,2025-01-13 02:34:26,False,
577872479,1,2025-01-13 02:34:27,2025-01-13 02:34:27,2025-01-13 02:34:27,False,
236053936,1,2025-01-13 02:34:27,2025-01-13 02:34:27,2025-01-13 02:34:27,False,
162389169,2,2025-01-13 02:34:29,2025-01-13 02:34:29,2025-01-13 02:06:32,True,
30226390,1,2025-01-13 02:34:31,2025-01-13 02:34:31,2025-01-13 02:34:31,False,
42526517,1,2025-01-13 02:34:31,2025-01-13 02:34:31,2025-01-13 02:34:31,False,
595198454,1,2025-01-13 02:34:36,2025-01-13 02:34:36,2025-01-13 02:34:36,False,
547717764,2,2025-01-13 02:34:37,2025-01-13 02:34:37,2025-01-13 02:19:42,True,
162574240,2,2025-01-13 02:34:40,2025-01-13 02:34:40,2025-01-13 02:27:25,True,
165401176,1,2025-01-13 02:34:44,2025-01-13 02:34:44,2025-01-13 02:34:44,False,
278487875,1,2025-01-13 02:34:45,2025-01-13 02:34:45,2025-01-13 02:34:45,False,
310408468,1,2025-01-13 02:51:02,2025-01-13 02:51:02,2025-01-13 02:51:02,False,
302692995,2,2025-01-13 02:51:15,2025-01-13 02:51:15,2025-01-13 02:12:25,True,
126340158,1,2025-01-13 02:51:17,2025-01-13 02:51:17,2025-01-13 02:51:17,False,
279110147,1,2025-01-13 02:51:44,2025-01-13 02:51:44,2025-01-13 02:51:44,False,
269073821,1,2025-01-13 02:51:52,2025-01-13 02:51:52,2025-01-13 02:51:52,False,
476847056,2,2025-01-13 02:51:56,2025-01-13 02:51:56,2025-01-13 02:23:19,True,
159296280,1,2025-01-13 02:52:00,2025-01-13 02:52:00,2025-01-13 02:52:00,False,
238439929,1,2025-01-13 02:52:04,2025-01-13 02:52:04,2025-01-13 02:52:04,False,
5351312,3,2025-01-13 02:52:07,2025-01-13 02:52:07,2025-01-13 02:05:13,True,
70155917,1,2025-01-13 02:52:08,2025-01-13 02:52:08,2025-01-13 02:52:08,False,
157171553,1,2025-01-13 01:59:48,2025-01-13 01:59:48,2025-01-13 01:59:48,False,
549302516,1,2025-01-13 01:59:49,2025-01-13 01:59:49,2025-01-13 01:59:49,False,
666698987,1,2025-01-13 01:59:50,2025-01-13 01:59:50,2025-01-13 01:59:50,False,
551124128,1,2025-01-13 01:59:53,2025-01-13 01:59:53,2025-01-13 01:59:53,False,
590013837,1,2025-01-13 01:59:53,2025-01-13 01:59:53,2025-01-13 01:59:53,False,
263686250,1,2025-01-13 01:59:55,2025-01-13 01:59:55,2025-01-13 01:59:55,False,
404559763,1,2025-01-13 02:02:46,2025-01-13 02:02:46,2025-01-13 02:02:46,False,
508176407,1,2025-01-13 02:02:49,2025-01-13 02:02:49,2025-01-13 02:02:49,False,
569258588,1,2025-01-13 02:02:49,2025-01-13 02:02:49,2025-01-13 02:02:49,False,
571412603,1,2025-01-13 02:02:52,2025-01-13 02:02:52,2025-01-13 02:02:52,False,
660485142,1,2025-01-13 02:02:52,2025-01-13 02:02:52,2025-01-13 02:02:52,False,
14025459,1,2025-01-13 02:02:54,2025-01-13 02:02:54,2025-01-13 02:02:54,False,
445181393,1,2025-01-13 02:02:55,2025-01-13 02:02:55,2025-01-13 02:02:55,False,
666093496,1,2025-01-13 02:02:56,2025-01-13 02:02:56,2025-01-13 02:02:56,False,
553007507,1,2025-01-13 02:02:57,2025-01-13 02:02:57,2025-01-13 02:02:57,False,
237768745,1,2025-01-13 02:02:57,2025-01-13 02:02:57,2025-01-13 02:02:57,False,
486620817,1,2025-01-13 02:02:58,2025-01-13 02:02:58,2025-01-13 02:02:58,False,
156927702,1,2025-01-13 02:03:01,2025-01-13 02:03:01,2025-01-13 02:03:01,False,
614119,1,2025-01-13 02:03:01,2025-01-13 02:03:01,2025-01-13 02:03:01,False,
548807498,1,2025-01-13 02:03:03,2025-01-13 02:03:03,2025-01-13 02:03:03,False,
148099479,1,2025-01-13 02:03:06,2025-01-13 02:03:06,2025-01-13 02:03:06,False,
534415083,1,2025-01-13 02:03:07,2025-01-13 02:03:07,2025-01-13 02:03:07,False,
651131484,1,2025-01-13 02:03:07,2025-01-13 02:03:07,2025-01-13 02:03:07,False,
212032884,1,2025-01-13 02:03:08,2025-01-13 02:03:08,2025-01-13 02:03:08,False,
374795641,1,2025-01-13 02:03:09,2025-01-13 02:03:09,2025-01-13 02:03:09,False,
488998008,1,2025-01-13 02:03:11,2025-01-13 02:03:11,2025-01-13 02:03:11,False,
435098022,1,2025-01-13 02:03:14,2025-01-13 02:03:14,2025-01-13 02:03:14,False,
296333236,1,2025-01-13 02:03:14,2025-01-13 02:03:14,2025-01-13 02:03:14,False,
337399262,1,2025-01-13 02:03:16,2025-01-13 02:03:16,2025-01-13 02:03:16,False,
20489673,1,2025-01-13 02:03:17,2025-01-13 02:03:17,2025-01-13 02:03:17,False,
259274560,1,2025-01-13 02:03:17,2025-01-13 02:03:17,2025-01-13 02:03:17,False,
14958831,2,2025-01-13 02:03:18,2025-01-13 02:03:18,2025-01-13 01:56:33,True,
214665567,1,2025-01-13 02:03:19,2025-01-13 02:03:19,2025-01-13 02:03:19,False,
166209485,1,2025-01-13 02:03:20,2025-01-13 02:03:20,2025-01-13 02:03:20,False,
428246324,1,2025-01-13 02:03:21,2025-01-13 02:03:21,2025-01-13 02:03:21,False,
372520768,1,2025-01-13 02:03:25,2025-01-13 02:03:25,2025-01-13 02:03:25,False,
68068987,1,2025-01-13 02:03:25,2025-01-13 02:03:25,2025-01-13 02:03:25,False,
436662368,1,2025-01-13 02:03:26,2025-01-13 02:03:26,2025-01-13 02:03:26,False,
98143435,1,2025-01-13 02:03:26,2025-01-13 02:03:26,2025-01-13 02:03:26,False,
489522906,1,2025-01-13 02:03:27,2025-01-13 02:03:27,2025-01-13 02:03:27,False,
158825923,1,2025-01-13 02:03:27,2025-01-13 02:03:27,2025-01-13 02:03:27,False,
440326851,1,2025-01-13 02:03:27,2025-01-13 02:03:27,2025-01-13 02:03:27,False,
667140646,1,2025-01-13 02:03:28,2025-01-13 02:03:28,2025-01-13 02:03:28,False,
380356667,1,2025-01-13 02:03:30,2025-01-13 02:03:30,2025-01-13 02:03:30,False,
62008227,1,2025-01-13 02:03:31,2025-01-13 02:03:31,2025-01-13 02:03:31,False,
100266230,1,2025-01-13 02:03:31,2025-01-13 02:03:31,2025-01-13 02:03:31,False,
420307559,1,2025-01-13 02:03:31,2025-01-13 02:03:31,2025-01-13 02:03:31,False,
331956182,1,2025-01-13 02:03:32,2025-01-13 02:03:32,2025-01-13 02:03:32,False,
474210964,1,2025-01-13 02:03:32,2025-01-13 02:03:32,2025-01-13 02:03:32,False,
666943245,1,2025-01-13 02:03:33,2025-01-13 02:03:33,2025-01-13 02:03:33,False,
107462496,1,2025-01-13 02:03:36,2025-01-13 02:03:36,2025-01-13 02:03:36,False,
95888620,1,2025-01-13 02:03:36,2025-01-13 02:03:36,2025-01-13 02:03:36,False,
548206394,1,2025-01-13 02:03:37,2025-01-13 02:03:37,2025-01-13 02:03:37,False,
309704680,1,2025-01-13 02:03:39,2025-01-13 02:03:39,2025-01-13 02:03:39,False,
227518993,1,2025-01-13 02:03:40,2025-01-13 02:03:40,2025-01-13 02:03:40,False,
223430707,1,2025-01-13 02:35:38,2025-01-13 02:35:38,2025-01-13 02:35:38,False,
511873383,1,2025-01-13 02:35:38,2025-01-13 02:35:38,2025-01-13 02:35:38,False,
77577553,1,2025-01-13 02:35:44,2025-01-13 02:35:44,2025-01-13 02:35:44,False,
102411265,2,2025-01-13 02:35:45,2025-01-13 02:35:45,2025-01-13 02:21:56,True,
146796136,1,2025-01-13 02:35:45,2025-01-13 02:35:45,2025-01-13 02:35:45,False,
290515686,1,2025-01-13 02:35:45,2025-01-13 02:35:45,2025-01-13 02:35:45,False,
558184639,1,2025-01-13 02:35:46,2025-01-13 02:35:46,2025-01-13 02:35:46,False,
33233945,1,2025-01-13 02:35:46,2025-01-13 02:35:46,2025-01-13 02:35:46,False,
306026832,2,2025-01-13 02:35:50,2025-01-13 02:35:50,2025-01-13 02:31:36,True,
583707592,1,2025-01-13 02:35:50,2025-01-13 02:35:50,2025-01-13 02:35:50,False,
299041806,1,2025-01-13 02:35:52,2025-01-13 02:35:52,2025-01-13 02:35:52,False,
231349656,1,2025-01-13 02:35:53,2025-01-13 02:35:53,2025-01-13 02:35:53,False,
321958177,1,2025-01-13 02:35:54,2025-01-13 02:35:54,2025-01-13 02:35:54,False,
4678179,1,2025-01-13 02:35:54,2025-01-13 02:35:54,2025-01-13 02:35:54,False,
502728316,2,2025-01-13 02:35:54,2025-01-13 02:35:54,2025-01-13 01:58:38,True,
316540946,3,2025-01-13 02:35:55,2025-01-13 02:35:55,2025-01-13 01:56:42,True,
442511487,2,2025-01-13 02:35:57,2025-01-13 02:35:57,2025-01-13 02:22:57,True,
160724693,1,2025-01-13 02:35:57,2025-01-13 02:35:57,2025-01-13 02:35:57,False,
474851318,1,2025-01-13 02:35:58,2025-01-13 02:35:58,2025-01-13 02:35:58,False,
91999091,2,2025-01-13 02:35:59,2025-01-13 02:35:59,2025-01-13 01:55:32,True,
44507062,1,2025-01-13 02:35:59,2025-01-13 02:35:59,2025-01-13 02:35:59,False,
656267968,1,2025-01-13 02:35:59,2025-01-13 02:35:59,2025-01-13 02:35:59,False,
43117008,1,2025-01-13 02:36:02,2025-01-13 02:36:02,2025-01-13 02:36:02,False,
370021283,1,2025-01-13 02:36:04,2025-01-13 02:36:04,2025-01-13 02:36:04,False,
482274506,1,2025-01-13 02:36:05,2025-01-13 02:36:05,2025-01-13 02:36:05,False,
546199104,1,2025-01-13 02:36:06,2025-01-13 02:36:06,2025-01-13 02:36:06,False,
201616042,4,2025-01-13 02:36:06,2025-01-13 02:36:06,2025-01-13 02:11:37,True,
543175517,6,2025-01-13 02:36:10,2025-01-13 02:36:10,2025-01-13 01:54:29,True,
665573189,2,2025-01-13 02:36:11,2025-01-13 02:36:11,2025-01-13 02:11:40,True,
549766988,3,2025-01-13 02:36:11,2025-01-13 02:36:11,2025-01-13 02:24:39,True,
364423090,1,2025-01-13 02:36:11,2025-01-13 02:36:11,2025-01-13 02:36:11,False,
50656328,2,2025-01-13 02:36:11,2025-01-13 02:36:11,2025-01-13 02:35:28,True,
374285557,1,2025-01-13 02:36:12,2025-01-13 02:36:12,2025-01-13 02:36:12,False,
378773794,1,2025-01-13 02:36:13,2025-01-13 02:36:13,2025-01-13 02:36:13,False,
448386175,1,2025-01-13 02:36:13,2025-01-13 02:36:13,2025-01-13 02:36:13,False,
537252538,1,2025-01-13 02:36:14,2025-01-13 02:36:14,2025-01-13 02:36:14,False,
558703188,1,2025-01-13 02:36:16,2025-01-13 02:36:16,2025-01-13 02:36:16,False,
117019974,1,2025-01-13 02:36:20,2025-01-13 02:36:20,2025-01-13 02:36:20,False,
237648912,1,2025-01-13 02:36:21,2025-01-13 02:36:21,2025-01-13 02:36:21,False,
277188310,1,2025-01-13 02:36:22,2025-01-13 02:36:22,2025-01-13 02:36:22,False,
162434797,1,2025-01-13 02:36:24,2025-01-13 02:36:24,2025-01-13 02:36:24,False,
199730961,1,2025-01-13 02:36:26,2025-01-13 02:36:26,2025-01-13 02:36:26,False,
5726206,1,2025-01-13 02:36:28,2025-01-13 02:36:28,2025-01-13 02:36:28,False,
457964666,1,2025-01-13 02:36:29,2025-01-13 02:36:29,2025-01-13 02:36:29,False,
224034525,1,2025-01-13 02:36:30,2025-01-13 02:36:30,2025-01-13 02:36:30,False,
240428142,2,2025-01-13 02:36:35,2025-01-13 02:36:35,2025-01-13 02:09:16,True,
178688636,1,2025-01-13 02:36:38,2025-01-13 02:36:38,2025-01-13 02:36:38,False,
305471791,1,2025-01-13 02:36:39,2025-01-13 02:36:39,2025-01-13 02:36:39,False,
192654861,1,2025-01-13 02:37:30,2025-01-13 02:37:30,2025-01-13 02:37:30,False,
584687328,1,2025-01-13 02:37:30,2025-01-13 02:37:30,2025-01-13 02:37:30,False,
110658212,1,2025-01-13 02:37:32,2025-01-13 02:37:32,2025-01-13 02:37:32,False,
249711518,1,2025-01-13 02:37:35,2025-01-13 02:37:35,2025-01-13 02:37:35,False,
66944699,1,2025-01-13 02:37:35,2025-01-13 02:37:35,2025-01-13 02:37:35,False,
396482969,1,2025-01-13 02:37:37,2025-01-13 02:37:37,2025-01-13 02:37:37,False,
170835881,2,2025-01-13 02:37:38,2025-01-13 02:37:38,2025-01-13 01:59:10,True,
663370500,1,2025-01-13 02:37:38,2025-01-13 02:37:38,2025-01-13 02:37:38,False,
414374814,1,2025-01-13 02:37:41,2025-01-13 02:37:41,2025-01-13 02:37:41,False,
66106937,2,2025-01-13 02:37:42,2025-01-13 02:37:42,2025-01-13 02:23:10,True,
258784985,1,2025-01-13 02:37:45,2025-01-13 02:37:45,2025-01-13 02:37:45,False,
85390248,1,2025-01-13 02:37:47,2025-01-13 02:37:47,2025-01-13 02:37:47,False,
442563020,1,2025-01-13 02:37:48,2025-01-13 02:37:48,2025-01-13 02:37:48,False,
363548107,7,2025-01-13 02:37:48,2025-01-13 02:37:48,2025-01-13 01:55:50,True,
490112565,2,2025-01-13 02:37:49,2025-01-13 02:37:49,2025-01-13 02:15:14,True,
250182151,3,2025-01-13 02:37:49,2025-01-13 02:37:49,2025-01-13 02:25:00,True,
550211326,1,2025-01-13 02:37:51,2025-01-13 02:37:51,2025-01-13 02:37:51,False,
99729320,1,2025-01-13 02:37:53,2025-01-13 02:37:53,2025-01-13 02:37:53,False,
156654379,2,2025-01-13 02:37:53,2025-01-13 02:37:53,2025-01-13 02:01:42,True,
486881093,1,2025-01-13 02:37:56,2025-01-13 02:37:56,2025-01-13 02:37:56,False,
2677455,3,2025-01-13 02:37:57,2025-01-13 02:37:57,2025-01-13 02:17:16,True,
536628505,1,2025-01-13 02:37:58,2025-01-13 02:37:58,2025-01-13 02:37:58,False,
149083334,1,2025-01-13 02:37:59,2025-01-13 02:37:59,2025-01-13 02:37:59,False,
326128329,1,2025-01-13 02:38:00,2025-01-13 02:38:00,2025-01-13 02:38:00,False,
298807706,1,2025-01-13 02:38:01,2025-01-13 02:38:01,2025-01-13 02:38:01,False,
203400373,2,2025-01-13 02:38:01,2025-01-13 02:38:01,2025-01-13 02:26:57,True,
398749167,1,2025-01-13 02:39:27,2025-01-13 02:39:27,2025-01-13 02:39:27,False,
290793972,1,2025-01-13 02:39:28,2025-01-13 02:39:28,2025-01-13 02:39:28,False,
260065519,1,2025-01-13 02:39:29,2025-01-13 02:39:29,2025-01-13 02:39:29,False,
56028705,1,2025-01-13 02:39:29,2025-01-13 02:39:29,2025-01-13 02:39:29,False,
51648546,1,2025-01-13 02:39:29,2025-01-13 02:39:29,2025-01-13 02:39:29,False,
663683163,1,2025-01-13 02:39:29,2025-01-13 02:39:29,2025-01-13 02:39:29,False,
157968114,1,2025-01-13 02:39:31,2025-01-13 02:39:31,2025-01-13 02:39:31,False,
101949914,1,2025-01-13 02:39:32,2025-01-13 02:39:32,2025-01-13 02:39:32,False,
428028736,1,2025-01-13 02:39:33,2025-01-13 02:39:33,2025-01-13 02:39:33,False,
439409703,1,2025-01-13 02:39:34,2025-01-13 02:39:34,2025-01-13 02:39:34,False,
225090146,1,2025-01-13 02:39:34,2025-01-13 02:39:34,2025-01-13 02:39:34,False,
491315588,1,2025-01-13 02:39:35,2025-01-13 02:39:35,2025-01-13 02:39:35,False,
661460684,1,2025-01-13 02:39:36,2025-01-13 02:39:36,2025-01-13 02:39:36,False,
229022288,1,2025-01-13 02:39:37,2025-01-13 02:39:37,2025-01-13 02:39:37,False,
284732986,2,2025-01-13 02:39:38,2025-01-13 02:39:38,2025-01-13 02:05:44,True,
178410302,3,2025-01-13 02:39:39,2025-01-13 02:39:39,2025-01-13 02:19:17,True,
120391588,1,2025-01-13 02:39:43,2025-01-13 02:39:43,2025-01-13 02:39:43,False,
231644904,2,2025-01-13 02:39:43,2025-01-13 02:39:43,2025-01-13 02:26:48,True,
316784417,2,2025-01-13 02:39:44,2025-01-13 02:39:44,2025-01-13 02:21:06,True,
426472149,2,2025-01-13 02:39:47,2025-01-13 02:39:47,2025-01-13 02:00:21,True,
369655406,1,2025-01-13 02:39:47,2025-01-13 02:39:47,2025-01-13 02:39:47,False,
239641571,1,2025-01-13 02:39:48,2025-01-13 02:39:48,2025-01-13 02:39:48,False,
99057990,1,2025-01-13 02:39:49,2025-01-13 02:39:49,2025-01-13 02:39:49,False,
660315241,1,2025-01-13 02:39:51,2025-01-13 02:39:51,2025-01-13 02:39:51,False,
190164451,1,2025-01-13 02:39:53,2025-01-13 02:39:53,2025-01-13 02:39:53,False,
231952365,4,2025-01-13 02:39:55,2025-01-13 02:39:55,2025-01-13 02:07:09,True,
316072037,1,2025-01-13 02:04:12,2025-01-13 02:04:12,2025-01-13 02:04:12,False,
223637551,1,2025-01-13 02:04:13,2025-01-13 02:04:13,2025-01-13 02:04:13,False,
314466565,1,2025-01-13 02:04:16,2025-01-13 02:04:16,2025-01-13 02:04:16,False,
344672250,1,2025-01-13 02:04:17,2025-01-13 02:04:17,2025-01-13 02:04:17,False,
560217184,1,2025-01-13 02:04:17,2025-01-13 02:04:17,2025-01-13 02:04:17,False,
652794364,1,2025-01-13 02:04:19,2025-01-13 02:04:19,2025-01-13 02:04:19,False,
320812173,1,2025-01-13 02:04:22,2025-01-13 02:04:22,2025-01-13 02:04:22,False,
370637617,1,2025-01-13 02:04:22,2025-01-13 02:04:22,2025-01-13 02:04:22,False,
164192627,1,2025-01-13 02:04:23,2025-01-13 02:04:23,2025-01-13 02:04:23,False,
152459943,1,2025-01-13 02:04:24,2025-01-13 02:04:24,2025-01-13 02:04:24,False,
217210284,1,2025-01-13 02:04:25,2025-01-13 02:04:25,2025-01-13 02:04:25,False,
244098004,1,2025-01-13 02:04:32,2025-01-13 02:04:32,2025-01-13 02:04:32,False,
47311819,2,2025-01-13 02:04:32,2025-01-13 02:04:32,2025-01-13 02:01:37,True,
297670834,1,2025-01-13 02:04:33,2025-01-13 02:04:33,2025-01-13 02:04:33,False,
162540682,1,2025-01-13 02:04:35,2025-01-13 02:04:35,2025-01-13 02:04:35,False,
389522401,1,2025-01-13 02:04:36,2025-01-13 02:04:36,2025-01-13 02:04:36,False,
7194052,1,2025-01-13 02:04:36,2025-01-13 02:04:36,2025-01-13 02:04:36,False,
530968801,1,2025-01-13 02:04:36,2025-01-13 02:04:36,2025-01-13 02:04:36,False,
191224958,1,2025-01-13 02:04:36,2025-01-13 02:04:36,2025-01-13 02:04:36,False,
557976707,1,2025-01-13 02:04:37,2025-01-13 02:04:37,2025-01-13 02:04:37,False,
372160183,1,2025-01-13 02:04:41,2025-01-13 02:04:41,2025-01-13 02:04:41,False,
35566716,1,2025-01-13 02:26:27,2025-01-13 02:26:27,2025-01-13 02:26:27,False,
216958144,1,2025-01-13 02:26:28,2025-01-13 02:26:28,2025-01-13 02:26:28,False,
154077834,5,2025-01-13 02:26:28,2025-01-13 02:26:28,2025-01-13 01:56:33,True,
528200178,2,2025-01-13 02:26:29,2025-01-13 02:26:29,2025-01-13 02:04:19,True,
213219877,1,2025-01-13 02:26:29,2025-01-13 02:26:29,2025-01-13 02:26:29,False,
111187545,1,2025-01-13 02:26:29,2025-01-13 02:26:29,2025-01-13 02:26:29,False,
156106311,1,2025-01-13 02:26:31,2025-01-13 02:26:31,2025-01-13 02:26:31,False,
510357759,4,2025-01-13 02:26:34,2025-01-13 02:26:34,2025-01-13 02:02:05,True,
308168835,1,2025-01-13 02:26:34,2025-01-13 02:26:34,2025-01-13 02:26:34,False,
429416702,1,2025-01-13 02:26:36,2025-01-13 02:26:36,2025-01-13 02:26:36,False,
169900731,1,2025-01-13 02:26:36,2025-01-13 02:26:36,2025-01-13 02:26:36,False,
426361261,1,2025-01-13 02:26:38,2025-01-13 02:26:38,2025-01-13 02:26:38,False,
227013163,1,2025-01-13 02:26:38,2025-01-13 02:26:38,2025-01-13 02:26:38,False,
41700892,1,2025-01-13 02:26:40,2025-01-13 02:26:40,2025-01-13 02:26:40,False,
271072651,1,2025-01-13 02:26:42,2025-01-13 02:26:42,2025-01-13 02:26:42,False,
437134351,1,2025-01-13 02:26:43,2025-01-13 02:26:43,2025-01-13 02:26:43,False,
666136733,1,2025-01-13 02:26:44,2025-01-13 02:26:44,2025-01-13 02:26:44,False,
145439182,1,2025-01-13 02:26:44,2025-01-13 02:26:44,2025-01-13 02:26:44,False,
596915180,1,2025-01-13 02:26:44,2025-01-13 02:26:44,2025-01-13 02:26:44,False,
391416979,1,2025-01-13 02:26:45,2025-01-13 02:26:45,2025-01-13 02:26:45,False,
487523223,1,2025-01-13 02:26:47,2025-01-13 02:26:47,2025-01-13 02:26:47,False,
491936568,1,2025-01-13 02:26:47,2025-01-13 02:26:47,2025-01-13 02:26:47,False,
404481234,1,2025-01-13 02:26:48,2025-01-13 02:26:48,2025-01-13 02:26:48,False,
667775411,2,2025-01-13 02:26:49,2025-01-13 02:26:49,2025-01-13 02:21:55,True,
178028206,1,2025-01-13 02:26:50,2025-01-13 02:26:50,2025-01-13 02:26:50,False,
258679257,1,2025-01-13 02:26:52,2025-01-13 02:26:52,2025-01-13 02:26:52,False,
200426049,1,2025-01-13 02:26:53,2025-01-13 02:26:53,2025-01-13 02:26:53,False,
150183826,1,2025-01-13 02:26:54,2025-01-13 02:26:54,2025-01-13 02:26:54,False,
259280631,2,2025-01-13 02:26:56,2025-01-13 02:26:56,2025-01-13 01:56:50,True,
462772427,1,2025-01-13 02:26:57,2025-01-13 02:26:57,2025-01-13 02:26:57,False,
39474900,1,2025-01-13 02:04:42,2025-01-13 02:04:42,2025-01-13 02:04:42,False,
384367499,1,2025-01-13 02:04:43,2025-01-13 02:04:43,2025-01-13 02:04:43,False,
657239754,1,2025-01-13 02:04:45,2025-01-13 02:04:45,2025-01-13 02:04:45,False,
53765443,1,2025-01-13 02:04:46,2025-01-13 02:04:46,2025-01-13 02:04:46,False,
62013342,1,2025-01-13 02:04:48,2025-01-13 02:04:48,2025-01-13 02:04:48,False,
4727992,1,2025-01-13 02:04:49,2025-01-13 02:04:49,2025-01-13 02:04:49,False,
171113814,1,2025-01-13 02:04:50,2025-01-13 02:04:50,2025-01-13 02:04:50,False,
511948051,1,2025-01-13 02:04:55,2025-01-13 02:04:55,2025-01-13 02:04:55,False,
195840129,1,2025-01-13 02:04:57,2025-01-13 02:04:57,2025-01-13 02:04:57,False,
423800068,1,2025-01-13 02:04:57,2025-01-13 02:04:57,2025-01-13 02:04:57,False,
227791529,1,2025-01-13 02:04:58,2025-01-13 02:04:58,2025-01-13 02:04:58,False,
224629639,1,2025-01-13 02:04:59,2025-01-13 02:04:59,2025-01-13 02:04:59,False,
444979542,1,2025-01-13 02:05:01,2025-01-13 02:05:01,2025-01-13 02:05:01,False,
121025006,1,2025-01-13 02:05:03,2025-01-13 02:05:03,2025-01-13 02:05:03,False,
483902967,1,2025-01-13 02:05:04,2025-01-13 02:05:04,2025-01-13 02:05:04,False,
125331845,1,2025-01-13 02:05:04,2025-01-13 02:05:04,2025-01-13 02:05:04,False,
370183570,1,2025-01-13 02:05:05,2025-01-13 02:05:05,2025-01-13 02:05:05,False,
431638463,1,2025-01-13 02:05:06,2025-01-13 02:05:06,2025-01-13 02:05:06,False,
154505641,1,2025-01-13 02:05:07,2025-01-13 02:05:07,2025-01-13 02:05:07,False,
560211906,1,2025-01-13 02:05:07,2025-01-13 02:05:07,2025-01-13 02:05:07,False,
377206981,1,2025-01-13 02:05:07,2025-01-13 02:05:07,2025-01-13 02:05:07,False,
110461611,1,2025-01-13 02:05:08,2025-01-13 02:05:08,2025-01-13 02:05:08,False,
300611987,1,2025-01-13 02:05:10,2025-01-13 02:05:10,2025-01-13 02:05:10,False,
94398353,1,2025-01-13 02:20:00,2025-01-13 02:20:00,2025-01-13 02:20:00,False,
13707751,2,2025-01-13 02:20:01,2025-01-13 02:20:01,2025-01-13 02:16:51,True,
433363775,1,2025-01-13 02:20:02,2025-01-13 02:20:02,2025-01-13 02:20:02,False,
544993958,1,2025-01-13 02:20:05,2025-01-13 02:20:05,2025-01-13 02:20:05,False,
480949131,1,2025-01-13 02:20:05,2025-01-13 02:20:05,2025-01-13 02:20:05,False,
538705262,1,2025-01-13 02:20:07,2025-01-13 02:20:07,2025-01-13 02:20:07,False,
501123541,1,2025-01-13 02:20:08,2025-01-13 02:20:08,2025-01-13 02:20:08,False,
104839406,1,2025-01-13 02:20:10,2025-01-13 02:20:10,2025-01-13 02:20:10,False,
668078261,1,2025-01-13 02:20:11,2025-01-13 02:20:11,2025-01-13 02:20:11,False,
495332996,1,2025-01-13 02:20:12,2025-01-13 02:20:12,2025-01-13 02:20:12,False,
597186148,1,2025-01-13 02:20:13,2025-01-13 02:20:13,2025-01-13 02:20:13,False,
488113762,3,2025-01-13 02:20:14,2025-01-13 02:20:14,2025-01-13 01:56:24,True,
657345734,1,2025-01-13 02:20:15,2025-01-13 02:20:15,2025-01-13 02:20:15,False,
427554362,1,2025-01-13 02:20:18,2025-01-13 02:20:18,2025-01-13 02:20:18,False,
574944097,1,2025-01-13 02:20:20,2025-01-13 02:20:20,2025-01-13 02:20:20,False,
225453695,1,2025-01-13 02:20:22,2025-01-13 02:20:22,2025-01-13 02:20:22,False,
237442674,1,2025-01-13 02:20:23,2025-01-13 02:20:23,2025-01-13 02:20:23,False,
221238016,1,2025-01-13 02:20:24,2025-01-13 02:20:24,2025-01-13 02:20:24,False,
103440878,1,2025-01-13 02:27:01,2025-01-13 02:27:01,2025-01-13 02:27:01,False,
274607875,1,2025-01-13 02:27:02,2025-01-13 02:27:02,2025-01-13 02:27:02,False,
9053350,1,2025-01-13 02:27:02,2025-01-13 02:27:02,2025-01-13 02:27:02,False,
667956158,1,2025-01-13 02:27:05,2025-01-13 02:27:05,2025-01-13 02:27:05,False,
589186275,1,2025-01-13 02:27:06,2025-01-13 02:27:06,2025-01-13 02:27:06,False,
193852558,1,2025-01-13 02:27:06,2025-01-13 02:27:06,2025-01-13 02:27:06,False,
485942934,1,2025-01-13 02:27:07,2025-01-13 02:27:07,2025-01-13 02:27:07,False,
488571961,1,2025-01-13 02:27:35,2025-01-13 02:27:35,2025-01-13 02:27:35,False,
129653205,1,2025-01-13 02:27:35,2025-01-13 02:27:35,2025-01-13 02:27:35,False,
485047305,1,2025-01-13 02:27:43,2025-01-13 02:27:43,2025-01-13 02:27:43,False,
93463825,1,2025-01-13 02:27:46,2025-01-13 02:27:46,2025-01-13 02:27:46,False,
554278783,1,2025-01-13 02:27:50,2025-01-13 02:27:50,2025-01-13 02:27:50,False,
491078440,1,2025-01-13 02:27:51,2025-01-13 02:27:51,2025-01-13 02:27:51,False,
52982144,1,2025-01-13 02:27:51,2025-01-13 02:27:51,2025-01-13 02:27:51,False,
287171574,1,2025-01-13 02:27:52,2025-01-13 02:27:52,2025-01-13 02:27:52,False,
529268905,2,2025-01-13 02:27:54,2025-01-13 02:27:54,2025-01-13 01:59:15,True,
113630743,1,2025-01-13 02:27:57,2025-01-13 02:27:57,2025-01-13 02:27:57,False,
430043694,1,2025-01-13 02:27:57,2025-01-13 02:27:57,2025-01-13 02:27:57,False,
371795715,1,2025-01-13 02:27:59,2025-01-13 02:27:59,2025-01-13 02:27:59,False,
171984936,1,2025-01-13 02:28:03,2025-01-13 02:28:03,2025-01-13 02:28:03,False,
226638643,1,2025-01-13 02:28:03,2025-01-13 02:28:03,2025-01-13 02:28:03,False,
493033982,1,2025-01-13 02:28:03,2025-01-13 02:28:03,2025-01-13 02:28:03,False,
155369575,1,2025-01-13 02:28:04,2025-01-13 02:28:04,2025-01-13 02:28:04,False,
