airbnb_listing_id,diaria_ajustada,n_datas,coverage,n_meses,suburb_label,profile,owner_id,has_reviews,amenity_count,star_effective
1018938592594574382,,0.0,0.0,,centro,1. apartamento compacto (0-1q),545255849,False,18,5.0
991407580891691701,662.1104105571848,67.0,0.638095238095238,4.0,meia praia,3. apartamento (3q+),227777128,True,31,4.550000190734863
41074064,,0.0,0.0,,varzea,4. casa,321172190,True,17,5.0
54177663,,0.0,0.0,,meia praia,3. apartamento (3q+),389650375,False,42,5.0
51975323,,0.0,0.0,,meia praia,3. apartamento (3q+),298545921,True,12,4.5
1036307719150120163,,0.0,0.0,,meia praia,5. hotel/outros,40876651,True,12,5.0
41193865,420.5315298925213,74.0,0.7047619047619048,4.0,meia praia,3. apartamento (3q+),311642729,True,38,4.71999979019165
1225665671183261027,,0.0,0.0,,meia praia,3. apartamento (3q+),534678827,False,6,5.0
45894423,,0.0,0.0,,centro,3. apartamento (3q+),82821456,True,11,5.0
21633529,,0.0,0.0,,canto da praia,4. casa,156933100,False,11,5.0
1048799886066100123,,0.0,0.0,,tabuleiro dos oliveiras,4. casa,175320187,True,61,5.0
760325801206777466,,0.0,0.0,,meia praia,3. apartamento (3q+),108479878,False,9,5.0
1034199140186021598,,0.0,0.0,,sertaozinho,4. casa,300996669,True,6,4.400000095367432
20564012,,0.0,0.0,,centro,1. apartamento compacto (0-1q),110419832,True,24,5.0
564507628435735448,,0.0,0.0,,meia praia,2. apartamento (2q),13202409,True,11,4.329999923706055
20329580,,0.0,0.0,,meia praia,2. apartamento (2q),144986192,True,27,4.670000076293945
680483739240925875,,0.0,0.0,,meia praia,3. apartamento (3q+),204983908,False,13,5.0
31897704,,0.0,0.0,,meia praia,2. apartamento (2q),239106991,True,11,4.800000190734863
1298043421274344956,,0.0,0.0,,meia praia,3. apartamento (3q+),115900186,False,14,5.0
981207078966019606,,0.0,0.0,,meia praia,3. apartamento (3q+),489737906,False,9,5.0
822704,,0.0,0.0,,centro,3. apartamento (3q+),4320103,True,21,4.0
45973790,633.2522545402178,101.0,0.9619047619047619,4.0,meia praia,2. apartamento (2q),145049953,True,18,4.829999923706055
803572440296677315,,0.0,0.0,,centro,4. casa,256515113,False,10,5.0
46725966,,0.0,0.0,,meia praia,3. apartamento (3q+),53067088,True,44,4.199999809265137
22337474,,0.0,0.0,,centro,1. apartamento compacto (0-1q),110419832,True,12,4.329999923706055
54228706,,0.0,0.0,,meia praia,2. apartamento (2q),436782052,True,42,4.0
39200531,,0.0,0.0,,meia praia,2. apartamento (2q),122056455,True,17,5.0
46559971,,0.0,0.0,,meia praia,3. apartamento (3q+),157312550,True,18,4.5
22495339,,0.0,0.0,,meia praia,3. apartamento (3q+),114054193,False,24,5.0
53997426,,0.0,0.0,,meia praia,2. apartamento (2q),296517732,True,7,4.800000190734863
41315084,,0.0,0.0,,meia praia,3. apartamento (3q+),65400201,False,13,5.0
549043584001550140,,0.0,0.0,,morretes,3. apartamento (3q+),161562406,True,33,5.0
1285464464711559089,,0.0,0.0,,meia praia,3. apartamento (3q+),115900186,False,15,5.0
1137721159040537759,,0.0,0.0,,meia praia,2. apartamento (2q),466908044,False,20,5.0
761755938032745270,,0.0,0.0,,alto sao bento,2. apartamento (2q),378227749,True,43,5.0
1312562292467201207,,0.0,0.0,,meia praia,5. hotel/outros,665625031,True,19,5.0
1303827409239579310,,0.0,0.0,,meia praia,2. apartamento (2q),180499490,True,10,5.0
1312455974923738904,,0.0,0.0,,meia praia,3. apartamento (3q+),590713819,False,32,5.0
1287791569613797023,,0.0,0.0,,centro,2. apartamento (2q),494673379,False,11,5.0
40899047,,37.0,0.3523809523809524,3.0,meia praia,2. apartamento (2q),318589301,True,18,4.960000038146973
1318858709362899560,,0.0,0.0,,centro,1. apartamento compacto (0-1q),227366158,True,48,5.0
15980108,,39.0,0.37142857142857144,3.0,meia praia,3. apartamento (3q+),103820177,True,25,4.849999904632568
1218884949697936191,,0.0,0.0,,meia praia,3. apartamento (3q+),593474672,False,13,5.0
52416938,,0.0,0.0,,meia praia,3. apartamento (3q+),375621325,True,11,5.0
857361220927905784,,0.0,0.0,,meia praia,3. apartamento (3q+),507514681,True,7,5.0
1006638831023535047,,0.0,0.0,,meia praia,3. apartamento (3q+),306251639,True,30,4.599999904632568
870095737549163049,,0.0,0.0,,meia praia,3. apartamento (3q+),116665407,True,8,5.0
46811251,,0.0,0.0,,meia praia,3. apartamento (3q+),378227749,True,32,4.599999904632568
1047224175824987718,,0.0,0.0,,morretes,4. casa,445858382,True,5,5.0
1044298410289154930,,0.0,0.0,,meia praia,3. apartamento (3q+),550548134,False,4,5.0
1290544635478660353,,0.0,0.0,,meia praia,3. apartamento (3q+),461891399,False,7,5.0
22861662,,0.0,0.0,,centro,4. casa,169054020,False,11,5.0
45749084,,0.0,0.0,,morretes,4. casa,20614599,True,23,5.0
40486178,,0.0,0.0,,alto sao bento,4. casa,312800700,True,17,4.570000171661377
1064782738514497988,,0.0,0.0,,meia praia,2. apartamento (2q),383672699,False,24,5.0
1219627949874086286,,0.0,0.0,,meia praia,3. apartamento (3q+),588250573,False,8,5.0
750120088858561250,,0.0,0.0,,meia praia,4. casa,201180165,True,10,5.0
40759616,,0.0,0.0,,meia praia,5. hotel/outros,316209609,False,12,5.0
1046625655653490260,,0.0,0.0,,meia praia,2. apartamento (2q),237620710,True,7,5.0
801396664037385433,,0.0,0.0,,morretes,2. apartamento (2q),443294267,True,24,5.0
828140424202045550,,0.0,0.0,,meia praia,5. hotel/outros,24729125,True,28,5.0
1044445280351458950,,0.0,0.0,,meia praia,3. apartamento (3q+),550581661,False,12,5.0
16454119,,0.0,0.0,,meia praia,2. apartamento (2q),107934333,False,7,5.0
29891621,,0.0,0.0,,meia praia,3. apartamento (3q+),91274926,True,13,5.0
604252467686730216,,0.0,0.0,,meia praia,3. apartamento (3q+),454119180,True,20,4.820000171661377
1026884253092849014,,0.0,0.0,,centro,3. apartamento (3q+),460016257,False,14,5.0
1002366973577941952,,0.0,0.0,,morretes,2. apartamento (2q),369838265,True,54,4.5
39104516,,0.0,0.0,,meia praia,3. apartamento (3q+),172890178,True,22,4.139999866485596
39548776,,0.0,0.0,,meia praia,3. apartamento (3q+),205493661,True,13,4.0
41396290,,0.0,0.0,,meia praia,2. apartamento (2q),167603448,True,25,5.0
47904218,,0.0,0.0,,morretes,2. apartamento (2q),133618567,True,32,4.820000171661377
29078899,,0.0,0.0,,meia praia,2. apartamento (2q),215745467,True,23,4.0
747114691595591344,,0.0,0.0,,morretes,3. apartamento (3q+),485344872,False,16,5.0
22983456,,0.0,0.0,,morretes,4. casa,170418069,False,10,5.0
21273318,,0.0,0.0,,meia praia,2. apartamento (2q),70128625,True,22,5.0
29649494,,0.0,0.0,,centro,3. apartamento (3q+),223167651,True,11,5.0
28656277,,0.0,0.0,,meia praia,3. apartamento (3q+),170624369,True,10,5.0
1195820394794383581,,0.0,0.0,,tabuleiro dos oliveiras,2. apartamento (2q),358054692,True,38,5.0
47866298,,0.0,0.0,,meia praia,2. apartamento (2q),221339864,False,8,5.0
1308804641940706812,,0.0,0.0,,morretes,4. casa,665407493,False,4,5.0
31740181,,0.0,0.0,,meia praia,2. apartamento (2q),147542704,True,10,5.0
28960945,,0.0,0.0,,meia praia,3. apartamento (3q+),218296138,False,15,5.0
28771132,,0.0,0.0,,meia praia,3. apartamento (3q+),170624369,True,10,5.0
1303122595112715726,,0.0,0.0,,meia praia,3. apartamento (3q+),25984866,False,12,5.0
1165429298213741062,,0.0,0.0,,meia praia,2. apartamento (2q),141582310,True,24,5.0
751396284745576875,,0.0,0.0,,varzea,4. casa,448130590,True,11,5.0
42807186,,0.0,0.0,,meia praia,4. casa,326692828,True,42,4.920000076293945
15596961,,0.0,0.0,,meia praia,3. apartamento (3q+),100509117,True,16,5.0
892939412471094403,,0.0,0.0,,morretes,3. apartamento (3q+),236787628,True,32,5.0
11293115,,0.0,0.0,,meia praia,3. apartamento (3q+),28503369,True,24,5.0
20255211,,0.0,0.0,,meia praia,3. apartamento (3q+),122049190,True,20,5.0
1265179422155119704,,0.0,0.0,,meia praia,3. apartamento (3q+),588250573,False,6,5.0
39610907,,0.0,0.0,,varzea,4. casa,302814591,False,17,5.0
732485216021311985,,0.0,0.0,,meia praia,5. hotel/outros,52640946,False,9,5.0
1039687876304007269,,0.0,0.0,,meia praia,2. apartamento (2q),473676692,False,52,5.0
1321391695290036955,,0.0,0.0,,tabuleiro dos oliveiras,5. hotel/outros,439614208,True,1,5.0
1023885231203292759,510.80321979593265,80.0,0.7619047619047619,4.0,meia praia,1. apartamento compacto (0-1q),272771814,True,10,5.0
790641967285368720,,0.0,0.0,,meia praia,2. apartamento (2q),491058195,False,9,5.0
1257341245626158111,,0.0,0.0,,meia praia,3. apartamento (3q+),236336116,False,8,5.0
1057531933814586873,,0.0,0.0,,centro,3. apartamento (3q+),520070413,False,27,5.0
46407747,,0.0,0.0,,meia praia,3. apartamento (3q+),373059383,False,39,5.0
46415530,,0.0,0.0,,tabuleiro dos oliveiras,5. hotel/outros,328593513,False,49,5.0
20740151,,0.0,0.0,,meia praia,3. apartamento (3q+),147972265,True,12,4.75
828082707814771775,,0.0,0.0,,meia praia,3. apartamento (3q+),173624355,False,10,5.0
39197229,,0.0,0.0,,meia praia,3. apartamento (3q+),122056455,False,7,5.0
38060727,,0.0,0.0,,meia praia,3. apartamento (3q+),208056138,True,38,4.949999809265137
41551599,,0.0,0.0,,morretes,2. apartamento (2q),327326786,False,9,5.0
39387989,,0.0,0.0,,meia praia,1. apartamento compacto (0-1q),302546155,False,6,5.0
785469895044199706,,0.0,0.0,,meia praia,4. casa,456167521,False,49,5.0
37687728,,0.0,0.0,,meia praia,3. apartamento (3q+),284848826,False,10,5.0
699403988780642696,,0.0,0.0,,meia praia,3. apartamento (3q+),456516350,True,15,4.429999828338623
8936081,,27.0,0.2571428571428571,3.0,meia praia,2. apartamento (2q),46714863,True,29,4.889999866485596
31465816,,0.0,0.0,,meia praia,2. apartamento (2q),99716513,True,8,4.0
29055134,,0.0,0.0,,meia praia,3. apartamento (3q+),218950415,False,11,5.0
1050048929165275755,,0.0,0.0,,meia praia,2. apartamento (2q),200196762,True,6,5.0
1305851005909610330,,0.0,0.0,,meia praia,4. casa,658298171,False,6,5.0
805679801256003794,,0.0,0.0,,centro,4. casa,496371477,False,49,5.0
1318373666373260125,,0.0,0.0,,meia praia,3. apartamento (3q+),487827246,False,11,5.0
787847078680683474,390.4662698412698,63.0,0.6,4.0,tabuleiro dos oliveiras,2. apartamento (2q),491824858,True,47,5.0
1052976875586976373,,0.0,0.0,,meia praia,2. apartamento (2q),552289167,True,7,4.800000190734863
983224576066312557,,0.0,0.0,,meia praia,3. apartamento (3q+),450791086,False,23,5.0
1261754620394990554,,0.0,0.0,,meia praia,3. apartamento (3q+),192636688,False,8,5.0
1046398096008427810,,0.0,0.0,,casa branca,2. apartamento (2q),550983942,True,49,5.0
22963968,,0.0,0.0,,meia praia,3. apartamento (3q+),128145790,False,9,5.0
30254040,,0.0,0.0,,centro,5. hotel/outros,226907691,False,36,5.0
1008887103856494871,,0.0,0.0,,meia praia,3. apartamento (3q+),371212109,False,8,5.0
768032727158094436,,18.0,0.17142857142857143,2.0,meia praia,3. apartamento (3q+),478531409,True,12,5.0
16762897,,0.0,0.0,,centro,2. apartamento (2q),29172230,True,9,5.0
949562813539842033,,0.0,0.0,,meia praia,3. apartamento (3q+),430763915,True,16,4.909999847412109
1309576728275300387,,0.0,0.0,,morretes,2. apartamento (2q),666542806,False,11,5.0
1165930732976404813,,0.0,0.0,,meia praia,5. hotel/outros,526961371,False,17,5.0
54121561,,0.0,0.0,,meia praia,3. apartamento (3q+),438100056,True,24,4.849999904632568
41291609,,0.0,0.0,,morretes,3. apartamento (3q+),7182017,True,40,4.760000228881836
1047986058535134333,,0.0,0.0,,ilhota,4. casa,236312282,False,27,5.0
798418210975890259,,0.0,0.0,,meia praia,2. apartamento (2q),438804537,False,26,5.0
39587487,,0.0,0.0,,centro,2. apartamento (2q),110419832,True,15,5.0
42848487,,0.0,0.0,,meia praia,2. apartamento (2q),25984866,True,30,4.96999979019165
863210633926045285,,0.0,0.0,,meia praia,3. apartamento (3q+),508746887,False,13,5.0
40749720,,0.0,0.0,,morretes,4. casa,314843421,True,10,5.0
1054353526536060455,,0.0,0.0,,meia praia,5. hotel/outros,219172555,True,3,5.0
28739877,,0.0,0.0,,meia praia,3. apartamento (3q+),103471234,True,9,5.0
790711871601179238,,0.0,0.0,,meia praia,3. apartamento (3q+),492901416,True,48,4.670000076293945
52470280,,0.0,0.0,,meia praia,3. apartamento (3q+),424719219,False,13,5.0
53592531,,0.0,0.0,,morretes,4. casa,323350849,True,24,5.0
1064568011899577251,,0.0,0.0,,morretes,5. hotel/outros,158715358,False,7,5.0
1035696928420988226,,0.0,0.0,,meia praia,3. apartamento (3q+),548749167,True,10,5.0
1305066140733755291,,0.0,0.0,,meia praia,3. apartamento (3q+),665547200,True,15,5.0
47099466,,0.0,0.0,,meia praia,2. apartamento (2q),370324654,True,29,5.0
46688926,,0.0,0.0,,meia praia,2. apartamento (2q),268888681,True,38,5.0
37749402,,0.0,0.0,,meia praia,3. apartamento (3q+),285423629,False,7,5.0
31041645,,0.0,0.0,,meia praia,3. apartamento (3q+),231858635,False,43,5.0
46940475,,0.0,0.0,,centro,5. hotel/outros,318023861,True,26,4.25
54064425,,0.0,0.0,,meia praia,3. apartamento (3q+),108336055,False,9,5.0
52648380,,0.0,0.0,,morretes,4. casa,230714623,True,40,4.0
37747080,,0.0,0.0,,meia praia,2. apartamento (2q),236317125,True,28,4.75
551639377566480967,,0.0,0.0,,morretes,2. apartamento (2q),378147687,True,40,5.0
41493414,,0.0,0.0,,meia praia,3. apartamento (3q+),326669451,False,13,5.0
837547626347040579,,0.0,0.0,,meia praia,1. apartamento compacto (0-1q),502628372,True,21,5.0
10870815,,0.0,0.0,,meia praia,3. apartamento (3q+),6144177,True,35,4.900000095367432
21471904,,0.0,0.0,,meia praia,3. apartamento (3q+),155927177,False,12,5.0
755010668469409111,,0.0,0.0,,jardim praiamar,2. apartamento (2q),376395680,True,42,4.829999923706055
733855907068114161,,0.0,0.0,,alto sao bento,3. apartamento (3q+),1247067,False,35,5.0
593973706024976205,,0.0,0.0,,meia praia,3. apartamento (3q+),315838328,False,16,5.0
27625347,,0.0,0.0,,meia praia,3. apartamento (3q+),204983908,True,19,4.900000095367432
47530161,,0.0,0.0,,meia praia,3. apartamento (3q+),102517845,False,9,5.0
52985182,,0.0,0.0,,meia praia,1. apartamento compacto (0-1q),370451668,True,25,5.0
20798615,,0.0,0.0,,meia praia,3. apartamento (3q+),149094930,True,20,5.0
1013945065014511988,,0.0,0.0,,meia praia,3. apartamento (3q+),544170159,True,29,4.920000076293945
31579601,,0.0,0.0,,meia praia,2. apartamento (2q),79277557,False,8,5.0
1018864104390865384,,0.0,0.0,,meia praia,3. apartamento (3q+),116665407,True,7,5.0
40794568,,0.0,0.0,,alto sao bento,4. casa,123892374,True,15,5.0
17096490,,0.0,0.0,,centro,4. casa,114716988,True,16,4.329999923706055
846192475290641463,,0.0,0.0,,meia praia,2. apartamento (2q),235967375,False,10,5.0
40219645,,0.0,0.0,,meia praia,3. apartamento (3q+),146684625,True,7,5.0
48239078,,0.0,0.0,,centro,3. apartamento (3q+),241083890,True,18,5.0
1061599235445335647,,0.0,0.0,,meia praia,3. apartamento (3q+),315838328,False,9,5.0
1254484147811810402,,0.0,0.0,,meia praia,4. casa,595919522,True,13,5.0
1273261171500755755,,0.0,0.0,,meia praia,3. apartamento (3q+),588250573,False,6,5.0
1201489814240131016,,0.0,0.0,,meia praia,1. apartamento compacto (0-1q),230357643,False,10,5.0
19111244,,0.0,0.0,,meia praia,2. apartamento (2q),133520764,True,35,4.53000020980835
1273109864545308382,,0.0,0.0,,meia praia,3. apartamento (3q+),588250573,False,7,5.0
27605526,,0.0,0.0,,alto sao bento,2. apartamento (2q),49540120,True,27,4.670000076293945
1065814003249573470,,0.0,0.0,,centro,4. casa,331691478,False,8,5.0
41011569,,0.0,0.0,,meia praia,3. apartamento (3q+),175656422,True,16,5.0
39603639,,0.0,0.0,,meia praia,3. apartamento (3q+),304300967,False,12,5.0
41335739,,0.0,0.0,,meia praia,3. apartamento (3q+),146684625,False,7,5.0
1046376716927714308,,0.0,0.0,,morretes,4. casa,550979697,True,21,5.0
1311026076722834123,,0.0,0.0,,meia praia,3. apartamento (3q+),666849674,False,12,5.0
24948647,,0.0,0.0,,centro,2. apartamento (2q),111483581,True,44,5.0
11026819,,0.0,0.0,,meia praia,3. apartamento (3q+),27861348,True,22,4.75
46107816,,0.0,0.0,,ilhota,1. apartamento compacto (0-1q),117691672,False,11,5.0
54078098,,0.0,0.0,,centro,3. apartamento (3q+),438298228,True,37,5.0
784095086320805052,,0.0,0.0,,meia praia,3. apartamento (3q+),432311882,True,40,5.0
786943675253123046,,0.0,0.0,,meia praia,2. apartamento (2q),491964279,False,15,5.0
31882500,,0.0,0.0,,meia praia,3. apartamento (3q+),146541452,True,31,4.400000095367432
1321148094471249643,,0.0,0.0,,centro,1. apartamento compacto (0-1q),58099520,True,32,5.0
1254435743641185340,,0.0,0.0,,meia praia,5. hotel/outros,595919522,True,7,5.0
1184152596221501552,526.1159677419355,81.0,0.7714285714285715,4.0,centro,1. apartamento compacto (0-1q),227777128,True,40,4.820000171661377
743290246112415428,,0.0,0.0,,morretes,3. apartamento (3q+),237073185,True,17,5.0
1158718375039431597,,0.0,0.0,,meia praia,2. apartamento (2q),545641830,True,10,5.0
1316679578115494337,,0.0,0.0,,alto sao bento,5. hotel/outros,130014999,False,6,5.0
806655793264388558,,0.0,0.0,,varzea,5. hotel/outros,496620678,True,7,5.0
1201614499255585122,,0.0,0.0,,centro,3. apartamento (3q+),27255641,False,15,5.0
42240176,,0.0,0.0,,meia praia,3. apartamento (3q+),335554570,True,11,5.0
1322652053185668743,,0.0,0.0,,meia praia,3. apartamento (3q+),552886795,False,7,5.0
1302405242803159421,,0.0,0.0,,casa branca,5. hotel/outros,664931086,False,8,5.0
1294887704959781657,,0.0,0.0,,meia praia,3. apartamento (3q+),156159180,True,8,5.0
24171739,,31.0,0.29523809523809524,2.0,meia praia,3. apartamento (3q+),157399374,True,30,4.829999923706055
822365439954007216,855.1979838709678,80.0,0.7619047619047619,4.0,meia praia,3. apartamento (3q+),500157182,True,12,4.869999885559082
1322650018711665934,,0.0,0.0,,meia praia,3. apartamento (3q+),366457353,False,7,5.0
32740819,,0.0,0.0,,meia praia,3. apartamento (3q+),104163128,True,11,5.0
22448318,,0.0,0.0,,meia praia,3. apartamento (3q+),31548062,False,9,5.0
47885829,,0.0,0.0,,centro,4. casa,318023861,True,34,4.0
46017736,,0.0,0.0,,meia praia,2. apartamento (2q),116665407,False,8,5.0
47031775,,0.0,0.0,,meia praia,2. apartamento (2q),376277975,True,31,5.0
32007988,,0.0,0.0,,centro,3. apartamento (3q+),234767530,True,15,5.0
997025680479822274,,0.0,0.0,,meia praia,3. apartamento (3q+),378513320,True,39,5.0
41869708,,0.0,0.0,,meia praia,3. apartamento (3q+),331093674,True,35,5.0
1049981729833754496,,0.0,0.0,,meia praia,1. apartamento compacto (0-1q),548247228,True,16,5.0
10239823,,0.0,0.0,,meia praia,3. apartamento (3q+),49471580,False,11,5.0
41057391,,0.0,0.0,,meia praia,2. apartamento (2q),65400201,False,31,5.0
28948953,,0.0,0.0,,meia praia,2. apartamento (2q),200548183,True,13,4.5
738997212246318088,,0.0,0.0,,meia praia,5. hotel/outros,483558435,False,33,5.0
1277484156057727375,,0.0,0.0,,ilhota,5. hotel/outros,534536593,False,11,5.0
31974419,,0.0,0.0,,centro,1. apartamento compacto (0-1q),188954989,True,8,4.5
26718564,,0.0,0.0,,meia praia,3. apartamento (3q+),200911738,False,19,5.0
38452816,,0.0,0.0,,meia praia,2. apartamento (2q),30659225,True,30,4.5
51302806,,0.0,0.0,,meia praia,3. apartamento (3q+),316228523,False,44,5.0
707087342579493959,,0.0,0.0,,centro,3. apartamento (3q+),31687536,True,34,5.0
24084027,,0.0,0.0,,meia praia,5. hotel/outros,158715358,True,28,5.0
45780750,,12.0,0.11428571428571428,1.0,meia praia,3. apartamento (3q+),162121775,True,16,4.960000038146973
53885902,,0.0,0.0,,morretes,2. apartamento (2q),436309266,True,29,4.96999979019165
45675384,,0.0,0.0,,meia praia,3. apartamento (3q+),2143734,True,34,4.739999771118164
33366949,,0.0,0.0,,meia praia,3. apartamento (3q+),204983908,True,16,4.840000152587891
22581739,,0.0,0.0,,meia praia,2. apartamento (2q),25409104,True,24,5.0
42097509,,0.0,0.0,,centro,3. apartamento (3q+),307308667,False,22,5.0
1836680,,0.0,0.0,,centro,3. apartamento (3q+),9008841,False,23,5.0
51384806,,0.0,0.0,,meia praia,3. apartamento (3q+),25984866,True,17,4.829999923706055
769776969258262223,,0.0,0.0,,meia praia,3. apartamento (3q+),2143734,True,16,5.0
1018784133881099782,,0.0,0.0,,meia praia,3. apartamento (3q+),545209001,True,17,5.0
45328516,,0.0,0.0,,meia praia,3. apartamento (3q+),220836478,True,22,4.829999923706055
46939505,,0.0,0.0,,centro,5. hotel/outros,318023861,True,32,4.0
1197133735305151438,,0.0,0.0,,morretes,2. apartamento (2q),540250503,False,11,5.0
42589028,,0.0,0.0,,meia praia,3. apartamento (3q+),339252141,True,16,4.980000019073486
997104127337676238,,0.0,0.0,,meia praia,2. apartamento (2q),115900186,True,28,5.0
714413334110733158,,0.0,0.0,,meia praia,3. apartamento (3q+),479218368,True,7,4.800000190734863
22927807,,0.0,0.0,,meia praia,5. hotel/outros,158715358,True,22,5.0
1081099742146958736,,0.0,0.0,,meia praia,2. apartamento (2q),559617985,False,14,5.0
648522985326081489,,0.0,0.0,,meia praia,3. apartamento (3q+),108336055,True,12,4.599999904632568
1245615230822962833,,0.0,0.0,,meia praia,2. apartamento (2q),652001400,True,24,5.0
809931632986462060,,0.0,0.0,,morretes,4. casa,497354810,False,9,5.0
45910353,,0.0,0.0,,centro,3. apartamento (3q+),82821456,False,10,5.0
560903783071466646,,0.0,0.0,,meia praia,5. hotel/outros,245152291,False,15,5.0
46119087,,0.0,0.0,,centro,3. apartamento (3q+),82821456,False,9,5.0
29013012,,0.0,0.0,,meia praia,3. apartamento (3q+),218567001,True,11,5.0
967555647952229771,,0.0,0.0,,meia praia,1. apartamento compacto (0-1q),223906801,True,16,5.0
52182814,,0.0,0.0,,meia praia,3. apartamento (3q+),159561676,True,10,5.0
1265365629580514358,,0.0,0.0,,centro,3. apartamento (3q+),157078457,True,22,4.829999923706055
40261346,,0.0,0.0,,ilhota,4. casa,310945071,False,11,5.0
618590759205763607,,0.0,0.0,,meia praia,3. apartamento (3q+),280193449,True,26,5.0
21280090,852.5408399470899,64.0,0.6095238095238096,4.0,meia praia,3. apartamento (3q+),61447280,True,47,5.0
39696102,,0.0,0.0,,meia praia,2. apartamento (2q),171862977,True,25,4.5
46327364,,0.0,0.0,,casa branca,1. apartamento compacto (0-1q),221430579,True,13,4.75
40375457,,0.0,0.0,,meia praia,3. apartamento (3q+),9054729,True,9,5.0
1285822871391313366,,0.0,0.0,,meia praia,3. apartamento (3q+),10844239,True,12,5.0
40237010,,0.0,0.0,,alto sao bento,2. apartamento (2q),310758851,True,9,5.0
673825002694927178,,42.0,0.4,3.0,meia praia,3. apartamento (3q+),157399374,True,32,5.0
986194057106171598,,0.0,0.0,,meia praia,5. hotel/outros,242300676,False,12,5.0
41256358,,0.0,0.0,,canto da praia,4. casa,323925012,True,36,5.0
1287306414198127460,,0.0,0.0,,meia praia,3. apartamento (3q+),227595936,False,9,5.0
963716432778300005,,0.0,0.0,,meia praia,3. apartamento (3q+),178241975,True,35,5.0
1295423596943803129,,0.0,0.0,,meia praia,3. apartamento (3q+),51088376,False,8,5.0
53674047,,0.0,0.0,,tabuleiro dos oliveiras,4. casa,85969786,True,16,4.829999923706055
818869279883503366,,0.0,0.0,,meia praia,3. apartamento (3q+),108336055,False,9,5.0
21601396,,0.0,0.0,,meia praia,5. hotel/outros,156639454,True,51,4.909999847412109
31381073,,0.0,0.0,,meia praia,3. apartamento (3q+),235014147,True,24,4.670000076293945
813617500464130151,,0.0,0.0,,meia praia,2. apartamento (2q),174803251,False,13,5.0
53055679,,0.0,0.0,,meia praia,1. apartamento compacto (0-1q),429492656,True,33,4.889999866485596
773039905942910109,,0.0,0.0,,meia praia,3. apartamento (3q+),296160332,True,26,5.0
23058353,,0.0,0.0,,centro,3. apartamento (3q+),171152571,True,14,5.0
40489485,,0.0,0.0,,meia praia,5. hotel/outros,110227534,True,21,5.0
41495109,,0.0,0.0,,meia praia,3. apartamento (3q+),104618769,True,19,5.0
48600810,,0.0,0.0,,centro,5. hotel/outros,318023861,True,13,4.329999923706055
30154927,,0.0,0.0,,meia praia,3. apartamento (3q+),52975186,True,19,5.0
21699700,,0.0,0.0,,casa branca,4. casa,157971721,False,10,5.0
31083803,,0.0,0.0,,meia praia,2. apartamento (2q),108336055,True,10,5.0
1221038550806797942,,0.0,0.0,,sertao do trombudo,4. casa,85969786,False,10,5.0
39896394,,0.0,0.0,,meia praia,3. apartamento (3q+),307294560,True,48,4.670000076293945
22612962,,0.0,0.0,,meia praia,3. apartamento (3q+),12473626,False,33,5.0
812330321788324738,,0.0,0.0,,centro,5. hotel/outros,475671481,False,4,5.0
47561292,,0.0,0.0,,meia praia,1. apartamento compacto (0-1q),383668072,True,41,4.429999828338623
966584099593023622,,0.0,0.0,,meia praia,3. apartamento (3q+),208338235,True,13,5.0
781349166008760597,,0.0,0.0,,meia praia,3. apartamento (3q+),328050396,True,53,5.0
33184703,,0.0,0.0,,centro,5. hotel/outros,112570505,True,16,4.0
1058078593052494531,,0.0,0.0,,morretes,4. casa,165852398,False,8,5.0
1040659324048251711,,0.0,0.0,,meia praia,3. apartamento (3q+),424262730,True,6,5.0
970445468070597218,,2.0,0.01904761904761905,1.0,morretes,2. apartamento (2q),534893779,True,23,5.0
1129248541782633263,,0.0,0.0,,meia praia,3. apartamento (3q+),201864289,False,9,5.0
687742022165487214,,0.0,0.0,,meia praia,2. apartamento (2q),473676692,False,52,5.0
16591695,,0.0,0.0,,meia praia,2. apartamento (2q),109423636,True,34,4.829999923706055
683254546329214746,,0.0,0.0,,meia praia,3. apartamento (3q+),208537149,True,42,4.880000114440918
786698298677447363,,0.0,0.0,,meia praia,2. apartamento (2q),491964279,False,29,5.0
1161754032045126774,,0.0,0.0,,meia praia,3. apartamento (3q+),234386130,False,3,5.0
1153593997091090463,,0.0,0.0,,meia praia,3. apartamento (3q+),25087975,False,19,5.0
639163267116212627,,8.0,0.0761904761904762,1.0,tabuleiro dos oliveiras,5. hotel/outros,13675693,True,38,5.0
794092172388379022,,0.0,0.0,,centro,5. hotel/outros,475671481,True,15,5.0
568211772680384095,,0.0,0.0,,casa branca,2. apartamento (2q),443634362,False,5,5.0
32420779,,0.0,0.0,,meia praia,3. apartamento (3q+),243485816,True,27,5.0
30318398,,0.0,0.0,,morretes,2. apartamento (2q),227684144,False,14,5.0
44890294,,2.0,0.01904761904761905,1.0,meia praia,3. apartamento (3q+),220836478,True,21,4.949999809265137
1001366525682248434,,0.0,0.0,,meia praia,3. apartamento (3q+),407897673,False,16,5.0
1262383729665263313,,0.0,0.0,,meia praia,3. apartamento (3q+),378513320,True,40,5.0
778842002947876931,,0.0,0.0,,meia praia,2. apartamento (2q),489737906,True,8,4.0
15732070,,63.0,0.6,3.0,meia praia,3. apartamento (3q+),101640501,True,45,4.949999809265137
984846668146064982,,53.0,0.5047619047619047,3.0,ilhota,4. casa,535450839,True,33,5.0
10812059,,0.0,0.0,,centro,3. apartamento (3q+),55925003,True,61,5.0
1281153546154125196,,0.0,0.0,,morretes,2. apartamento (2q),660176941,False,10,5.0
29114516,,36.0,0.34285714285714286,3.0,meia praia,3. apartamento (3q+),217616073,True,12,4.909999847412109
31116044,,0.0,0.0,,morretes,4. casa,20614599,True,27,4.0
1309581324578515590,,0.0,0.0,,varzea,4. casa,436951335,True,5,1.0
41586617,,0.0,0.0,,centro,3. apartamento (3q+),327764459,True,19,5.0
888527868742432806,,0.0,0.0,,morretes,1. apartamento compacto (0-1q),6600028,True,46,4.75
38971311,,0.0,0.0,,meia praia,2. apartamento (2q),298545921,True,10,4.429999828338623
1288374267745361208,,0.0,0.0,,leopoldo zarling,5. hotel/outros,660421225,False,9,5.0
40298680,,0.0,0.0,,centro,2. apartamento (2q),309270973,True,20,4.75
963054628265659928,,0.0,0.0,,meia praia,3. apartamento (3q+),178241975,True,32,5.0
1293393457367207509,,0.0,0.0,,meia praia,2. apartamento (2q),540217131,False,11,5.0
960841637535061939,,0.0,0.0,,meia praia,2. apartamento (2q),532564773,True,10,5.0
47306948,,0.0,0.0,,centro,3. apartamento (3q+),5263146,False,34,5.0
52955273,,0.0,0.0,,meia praia,3. apartamento (3q+),377540034,False,36,5.0
721000003000337530,,0.0,0.0,,morretes,4. casa,151161136,True,35,5.0
1321752049570348832,,0.0,0.0,,meia praia,5. hotel/outros,664328008,False,7,5.0
53320899,,0.0,0.0,,centro,3. apartamento (3q+),303112828,True,13,5.0
52262759,,0.0,0.0,,meia praia,3. apartamento (3q+),423033523,True,16,5.0
46633406,,0.0,0.0,,ilhota,3. apartamento (3q+),296494797,True,8,4.5
1293349860236511246,,0.0,0.0,,meia praia,3. apartamento (3q+),119518729,False,19,5.0
1271949799457355450,,0.0,0.0,,centro,2. apartamento (2q),160894245,False,30,5.0
1111626053814730010,746.2587813620071,70.0,0.6666666666666666,4.0,centro,3. apartamento (3q+),227777128,True,28,4.75
1289222059126849451,,0.0,0.0,,meia praia,3. apartamento (3q+),661009718,False,20,5.0
1287287626939063617,,0.0,0.0,,meia praia,3. apartamento (3q+),661555098,False,12,5.0
1059720292483100976,,0.0,0.0,,meia praia,3. apartamento (3q+),181894134,False,8,5.0
1031245572964869323,,0.0,0.0,,centro,3. apartamento (3q+),120527456,False,29,5.0
1282615576178333475,,0.0,0.0,,meia praia,3. apartamento (3q+),7009603,True,36,5.0
1313774771710708805,,0.0,0.0,,varzea,4. casa,667448699,False,11,5.0
12067632,,34.0,0.3238095238095238,2.0,meia praia,3. apartamento (3q+),31482608,True,30,5.0
1060288793250267218,,0.0,0.0,,tabuleiro dos oliveiras,4. casa,150637261,True,8,4.429999828338623
23078040,,54.0,0.5142857142857142,3.0,meia praia,3. apartamento (3q+),171346802,True,47,4.590000152587891
1284049938417204519,,0.0,0.0,,meia praia,2. apartamento (2q),438228053,True,36,5.0
42239404,,0.0,0.0,,meia praia,3. apartamento (3q+),335322010,True,12,5.0
42515348,,32.0,0.3047619047619048,3.0,meia praia,3. apartamento (3q+),152893116,True,17,5.0
805381324514930766,,32.0,0.3047619047619048,3.0,meia praia,3. apartamento (3q+),157078457,True,52,4.980000019073486
46566783,,0.0,0.0,,meia praia,3. apartamento (3q+),376533155,True,38,5.0
1279257338640004889,,0.0,0.0,,meia praia,2. apartamento (2q),659470598,True,9,4.670000076293945
1259452900483933175,,0.0,0.0,,centro,2. apartamento (2q),655304605,False,15,5.0
1315268761678890149,,0.0,0.0,,meia praia,2. apartamento (2q),667775411,True,7,5.0
1087116894120974285,,0.0,0.0,,centro,5. hotel/outros,102411265,True,10,4.329999923706055
1228579526649749239,,0.0,0.0,,leopoldo zarling,2. apartamento (2q),233384371,False,8,5.0
1307396902018325411,,0.0,0.0,,meia praia,2. apartamento (2q),545403763,True,8,5.0
42735835,,11.0,0.10476190476190476,3.0,meia praia,2. apartamento (2q),57580549,True,15,4.849999904632568
41060336,,0.0,0.0,,centro,4. casa,202600428,True,30,5.0
30785010,577.09375,58.0,0.5523809523809524,4.0,meia praia,2. apartamento (2q),157541365,True,30,4.829999923706055
40835980,,0.0,0.0,,meia praia,3. apartamento (3q+),298545921,True,9,5.0
1052912761207502450,,0.0,0.0,,centro,3. apartamento (3q+),552289167,True,10,5.0
1302822771090631328,,0.0,0.0,,centro,3. apartamento (3q+),397135878,False,4,5.0
805726391815686158,443.95,57.0,0.5428571428571428,4.0,tabuleiro dos oliveiras,2. apartamento (2q),496386492,True,43,5.0
1318396160993271480,,0.0,0.0,,meia praia,2. apartamento (2q),381606630,False,8,5.0
1321781665233199185,,0.0,0.0,,meia praia,3. apartamento (3q+),272771814,False,8,5.0
1248634457200208684,,0.0,0.0,,meia praia,3. apartamento (3q+),268455389,False,7,5.0
729663458450271713,,0.0,0.0,,meia praia,3. apartamento (3q+),466627759,False,11,5.0
1320995339425720277,653.965030922619,87.0,0.8285714285714286,4.0,centro,2. apartamento (2q),227777128,True,35,5.0
773986911749214420,,0.0,0.0,,meia praia,2. apartamento (2q),381771043,True,22,4.670000076293945
10939638,,0.0,0.0,,centro,2. apartamento (2q),56718852,True,27,4.659999847412109
1192203546642091539,,0.0,0.0,,centro,3. apartamento (3q+),252039796,True,20,4.75
827598917856589723,,0.0,0.0,,morretes,2. apartamento (2q),302395914,True,16,5.0
1260668525649650706,,0.0,0.0,,meia praia,2. apartamento (2q),480569054,True,8,4.0
759511217465301309,,0.0,0.0,,varzea,3. apartamento (3q+),337026052,False,32,5.0
1162463827242033905,,0.0,0.0,,meia praia,2. apartamento (2q),115900186,True,8,5.0
1309611129200999325,,0.0,0.0,,meia praia,3. apartamento (3q+),666551498,True,22,5.0
1312944639911263294,,0.0,0.0,,meia praia,5. hotel/outros,100747811,False,13,5.0
48526011,540.7598560752688,65.0,0.6190476190476191,4.0,morretes,4. casa,230839862,True,34,4.880000114440918
774739767156064413,,0.0,0.0,,tabuleiro dos oliveiras,2. apartamento (2q),435399234,True,33,5.0
53356928,,0.0,0.0,,meia praia,3. apartamento (3q+),431866320,True,21,5.0
979967869501829090,,0.0,0.0,,meia praia,3. apartamento (3q+),227004896,True,20,4.800000190734863
1311099643317095318,,0.0,0.0,,morretes,2. apartamento (2q),376199796,True,24,5.0
21664523,,0.0,0.0,,meia praia,3. apartamento (3q+),157681969,False,19,5.0
771107086495739413,,0.0,0.0,,meia praia,2. apartamento (2q),96045548,True,39,4.380000114440918
1085348122147915155,,0.0,0.0,,meia praia,1. apartamento compacto (0-1q),324596091,False,10,5.0
30466884,,0.0,0.0,,tabuleiro dos oliveiras,3. apartamento (3q+),228737392,False,15,5.0
1188476386889166335,561.8103317829593,79.0,0.7523809523809524,4.0,centro,1. apartamento compacto (0-1q),227777128,True,39,4.75
1321643417058221287,,0.0,0.0,,casa branca,2. apartamento (2q),46798051,False,7,5.0
36470124,,0.0,0.0,,meia praia,3. apartamento (3q+),218514766,False,35,5.0
1275368456135849426,,0.0,0.0,,casa branca,2. apartamento (2q),483303516,False,7,5.0
942799468059853700,,0.0,0.0,,meia praia,3. apartamento (3q+),251197171,True,4,5.0
622604387999781301,,0.0,0.0,,meia praia,2. apartamento (2q),16676535,True,34,5.0
48601349,,0.0,0.0,,meia praia,3. apartamento (3q+),129305956,True,34,4.800000190734863
36698654,1843.855798771121,79.0,0.7523809523809524,4.0,meia praia,3. apartamento (3q+),274071036,True,18,4.789999961853027
1042023715493333539,,0.0,0.0,,meia praia,3. apartamento (3q+),550084557,True,32,5.0
965258538716677226,625.9851277754503,86.0,0.819047619047619,4.0,não informado,4. casa,533685568,True,31,4.809999942779541
1293549528996953006,,0.0,0.0,,meia praia,2. apartamento (2q),491491053,False,9,5.0
939218400123538892,,34.0,0.3238095238095238,2.0,casa branca,2. apartamento (2q),228415150,True,24,5.0
1049957766939803349,,0.0,0.0,,meia praia,3. apartamento (3q+),374182710,True,28,5.0
21545686,,72.0,0.6857142857142857,3.0,centro,2. apartamento (2q),153296376,True,42,4.760000228881836
1323401571036927098,,0.0,0.0,,meia praia,2. apartamento (2q),281127168,False,7,5.0
46686898,,0.0,0.0,,meia praia,3. apartamento (3q+),107113095,True,11,5.0
30494198,440.7416598681454,89.0,0.8476190476190476,4.0,meia praia,3. apartamento (3q+),27561390,True,37,4.789999961853027
40793369,,0.0,0.0,,varzea,5. hotel/outros,316506408,True,23,5.0
1306861475702551090,,0.0,0.0,,meia praia,3. apartamento (3q+),559816575,False,8,5.0
47442612,,0.0,0.0,,meia praia,3. apartamento (3q+),118497497,False,14,5.0
999226382307972271,468.1228878648234,85.0,0.8095238095238095,4.0,morretes,2. apartamento (2q),357806736,True,12,4.809999942779541
809946874989632205,379.1631773399015,75.0,0.7142857142857143,4.0,sertao do trombudo,4. casa,497357882,True,27,5.0
1062395236913376015,,0.0,0.0,,morretes,2. apartamento (2q),429305362,True,16,4.329999923706055
1291260491712535142,,0.0,0.0,,meia praia,3. apartamento (3q+),375894315,False,24,5.0
1291430353539550065,,0.0,0.0,,meia praia,3. apartamento (3q+),215028507,True,7,5.0
1162368192513120905,,0.0,0.0,,morretes,4. casa,579053443,True,20,4.329999923706055
764594935323413891,,0.0,0.0,,meia praia,3. apartamento (3q+),488514783,True,8,5.0
1211516641845060963,,0.0,0.0,,meia praia,2. apartamento (2q),319227148,False,24,5.0
1304433283397417052,1135.4278775659825,66.0,0.6285714285714286,4.0,morretes,2. apartamento (2q),227777128,True,27,5.0
1000145696139286782,,0.0,0.0,,centro,3. apartamento (3q+),324595100,True,25,4.75
1123351596385651099,,0.0,0.0,,meia praia,3. apartamento (3q+),153783398,True,8,5.0
30916169,,0.0,0.0,,meia praia,3. apartamento (3q+),226613785,True,24,4.75
802047490248101970,,42.0,0.4,2.0,meia praia,2. apartamento (2q),442511487,True,47,5.0
32234626,,38.0,0.3619047619047619,3.0,meia praia,4. casa,28990103,True,43,4.929999828338623
1126828984504048053,,0.0,0.0,,meia praia,3. apartamento (3q+),230350086,False,39,5.0
1242713378625026725,596.2925403225806,83.0,0.7904761904761904,4.0,centro,1. apartamento compacto (0-1q),227777128,True,33,4.75
1285127411265723715,,0.0,0.0,,meia praia,5. hotel/outros,267606175,True,13,4.670000076293945
1282721810691437355,,0.0,0.0,,meia praia,3. apartamento (3q+),253223494,True,18,5.0
1310174559824916300,,0.0,0.0,,meia praia,4. casa,373800187,True,11,5.0
1056827534457537585,316.45245167063985,92.0,0.8761904761904762,4.0,morretes,4. casa,553225393,True,21,4.880000114440918
47765127,,0.0,0.0,,meia praia,2. apartamento (2q),384933477,True,7,4.670000076293945
1229859382554577590,,0.0,0.0,,tabuleiro dos oliveiras,4. casa,530648724,True,28,5.0
1309452425296796883,,0.0,0.0,,morretes,2. apartamento (2q),542591363,False,19,5.0
1290111097559807016,,0.0,0.0,,centro,5. hotel/outros,657701336,False,6,5.0
23343001,,71.0,0.6761904761904762,3.0,meia praia,3. apartamento (3q+),173888569,True,33,4.889999866485596
39176080,,0.0,0.0,,meia praia,3. apartamento (3q+),300576771,False,40,5.0
1122906973373442872,,0.0,0.0,,tabuleiro dos oliveiras,3. apartamento (3q+),34364655,True,49,5.0
22739656,1246.126008064516,74.0,0.7047619047619048,4.0,meia praia,3. apartamento (3q+),156213686,True,28,4.829999923706055
1008079515072728451,,0.0,0.0,,meia praia,3. apartamento (3q+),488084223,False,11,5.0
973211284957140427,,0.0,0.0,,meia praia,3. apartamento (3q+),65249425,False,22,5.0
817856745947831093,,0.0,0.0,,morretes,2. apartamento (2q),121541734,False,23,5.0
1302832759972608416,,0.0,0.0,,meia praia,3. apartamento (3q+),665018357,False,12,5.0
1308089212728893994,,0.0,0.0,,ilhota,3. apartamento (3q+),221430579,False,9,5.0
46731696,,0.0,0.0,,meia praia,3. apartamento (3q+),297853996,True,30,4.5
1270349748357946766,,0.0,0.0,,meia praia,3. apartamento (3q+),27187428,True,34,5.0
719569644077465274,,0.0,0.0,,morretes,1. apartamento compacto (0-1q),369701425,True,41,4.670000076293945
17512358,,0.0,0.0,,meia praia,2. apartamento (2q),33151163,True,31,4.940000057220459
1248593272247115513,,0.0,0.0,,centro,1. apartamento compacto (0-1q),558894521,False,14,5.0
37153670,419.1394230769231,53.0,0.5047619047619047,4.0,meia praia,3. apartamento (3q+),102285747,True,47,4.920000076293945
1224838484756175094,,0.0,0.0,,meia praia,2. apartamento (2q),596612326,True,11,5.0
1138471071714027004,,0.0,0.0,,meia praia,5. hotel/outros,86117524,True,12,5.0
31083925,,0.0,0.0,,meia praia,3. apartamento (3q+),162686113,True,13,5.0
4758094,,0.0,0.0,,centro,1. apartamento compacto (0-1q),24551949,True,12,4.0
1010960424222368050,,0.0,0.0,,meia praia,3. apartamento (3q+),310285601,True,37,4.860000133514404
1197798435674435665,,0.0,0.0,,meia praia,3. apartamento (3q+),286900037,False,28,5.0
53280496,,35.0,0.3333333333333333,2.0,centro,3. apartamento (3q+),160830266,True,46,5.0
22245880,1343.6167924884794,72.0,0.6857142857142857,4.0,meia praia,3. apartamento (3q+),66106937,True,30,4.900000095367432
970349784670686464,,0.0,0.0,,meia praia,2. apartamento (2q),431147135,True,11,5.0
1308111035777092645,,0.0,0.0,,meia praia,3. apartamento (3q+),666208805,False,9,5.0
1232764608318047784,,0.0,0.0,,meia praia,4. casa,78247164,True,32,5.0
1267655586354072570,,0.0,0.0,,meia praia,2. apartamento (2q),190257351,False,12,5.0
1306527484021079571,,0.0,0.0,,morretes,2. apartamento (2q),321351102,True,10,5.0
1316831905020747925,,0.0,0.0,,morretes,4. casa,553527281,True,11,5.0
955252501425290239,,0.0,0.0,,meia praia,3. apartamento (3q+),108479878,False,12,5.0
1303080996905668831,,0.0,0.0,,morretes,2. apartamento (2q),225630171,True,8,5.0
1278507948518475714,,0.0,0.0,,meia praia,3. apartamento (3q+),513264769,False,15,5.0
1323329039733622384,,0.0,0.0,,meia praia,3. apartamento (3q+),491515921,False,21,5.0
1057964852411462810,,77.0,0.7333333333333333,3.0,morretes,4. casa,119300619,True,13,4.690000057220459
837846012155525926,,44.0,0.41904761904761906,3.0,meia praia,3. apartamento (3q+),503099931,True,13,4.599999904632568
1280276766939913444,,0.0,0.0,,centro,3. apartamento (3q+),324595100,True,5,5.0
1038940330110057251,,0.0,0.0,,meia praia,2. apartamento (2q),311724035,False,14,5.0
953508817720867443,,0.0,0.0,,morretes,3. apartamento (3q+),76010800,True,12,4.75
1021763794961945621,,0.0,0.0,,meia praia,3. apartamento (3q+),515721824,True,9,4.889999866485596
1303141680188349098,,0.0,0.0,,meia praia,2. apartamento (2q),323851619,False,32,5.0
1304224497885541506,,0.0,0.0,,tabuleiro dos oliveiras,2. apartamento (2q),476847056,True,9,5.0
40299948,,0.0,0.0,,meia praia,3. apartamento (3q+),269515817,False,10,5.0
39109062,1574.7685185185187,74.0,0.7047619047619048,4.0,meia praia,3. apartamento (3q+),298545921,True,12,4.920000076293945
938864231710660230,,0.0,0.0,,meia praia,2. apartamento (2q),525875366,True,46,5.0
1298697184193258929,,0.0,0.0,,meia praia,2. apartamento (2q),663742929,False,11,5.0
803403468437987911,373.8840062111801,73.0,0.6952380952380952,4.0,morretes,4. casa,494072726,True,28,5.0
1294983267125990606,,0.0,0.0,,meia praia,3. apartamento (3q+),663298353,False,9,5.0
827533315826218276,,0.0,0.0,,meia praia,2. apartamento (2q),244602273,False,12,5.0
27704027,750.283698156682,84.0,0.8,4.0,centro,3. apartamento (3q+),131316335,True,28,4.960000038146973
1187813735726067477,,0.0,0.0,,meia praia,3. apartamento (3q+),585855067,True,19,5.0
44192417,364.4375,39.0,0.37142857142857144,4.0,meia praia,2. apartamento (2q),106268855,True,25,5.0
1281305260723707646,,0.0,0.0,,meia praia,3. apartamento (3q+),249305002,True,30,5.0
1073738095860409206,,0.0,0.0,,meia praia,3. apartamento (3q+),332098557,True,26,5.0
41635095,,0.0,0.0,,meia praia,3. apartamento (3q+),88653610,True,8,3.0
1232881616131790997,,0.0,0.0,,meia praia,2. apartamento (2q),597872958,True,32,5.0
840592168718968233,,0.0,0.0,,meia praia,3. apartamento (3q+),504004972,False,42,5.0
1127012795040580227,,0.0,0.0,,meia praia,2. apartamento (2q),564178050,False,9,5.0
823312522991742278,,0.0,0.0,,meia praia,3. apartamento (3q+),29542904,True,14,5.0
1279830696286017830,,0.0,0.0,,meia praia,3. apartamento (3q+),429755156,True,26,5.0
800038464694663801,,0.0,0.0,,meia praia,3. apartamento (3q+),493784281,False,13,5.0
1068879391520187607,,0.0,0.0,,meia praia,3. apartamento (3q+),556482237,True,8,5.0
1188379946998284675,,0.0,0.0,,meia praia,3. apartamento (3q+),586076959,True,17,5.0
1019689003168175177,,0.0,0.0,,meia praia,2. apartamento (2q),314486988,True,29,5.0
1096326559739134649,,0.0,0.0,,meia praia,2. apartamento (2q),5351312,True,15,5.0
760907484373197006,,0.0,0.0,,meia praia,3. apartamento (3q+),263220192,False,8,5.0
673826204715344716,,53.0,0.5047619047619047,3.0,meia praia,3. apartamento (3q+),157399374,True,32,5.0
1226143239624076857,,0.0,0.0,,meia praia,2. apartamento (2q),482790791,False,33,5.0
1192836728602105901,550.5293010752688,77.0,0.7333333333333333,4.0,centro,1. apartamento compacto (0-1q),227777128,True,35,4.949999809265137
53899162,296.43985215053766,72.0,0.6857142857142857,4.0,meia praia,2. apartamento (2q),407965480,True,29,4.900000095367432
773080154193323911,,0.0,0.0,,meia praia,5. hotel/outros,217313948,False,12,5.0
37568514,,0.0,0.0,,ilhota,3. apartamento (3q+),231172295,True,49,4.940000057220459
47330953,,0.0,0.0,,centro,1. apartamento compacto (0-1q),243494106,True,16,4.440000057220459
30771626,,0.0,0.0,,centro,3. apartamento (3q+),230244281,False,10,5.0
1285235358681702483,,0.0,0.0,,meia praia,5. hotel/outros,267606175,True,13,4.829999923706055
890645067987236866,,0.0,0.0,,meia praia,3. apartamento (3q+),108479878,True,12,5.0
41051267,,0.0,0.0,,meia praia,2. apartamento (2q),320802542,False,36,5.0
45655263,,0.0,0.0,,meia praia,3. apartamento (3q+),369855154,True,48,4.25
1322577870541989330,,0.0,0.0,,centro,5. hotel/outros,669525346,False,27,5.0
1043391376387909694,,0.0,0.0,,meia praia,2. apartamento (2q),168122034,True,27,5.0
35912580,,38.0,0.3619047619047619,2.0,meia praia,3. apartamento (3q+),179577819,True,39,5.0
753461577197808016,,73.0,0.6952380952380952,3.0,meia praia,3. apartamento (3q+),151714702,True,34,5.0
1290129225803180140,,0.0,0.0,,centro,4. casa,492905243,False,8,5.0
1313618372976960047,,0.0,0.0,,meia praia,3. apartamento (3q+),337453477,False,13,5.0
742766344121956195,,0.0,0.0,,morretes,2. apartamento (2q),228403370,True,5,5.0
16527828,1074.6641705069123,87.0,0.8285714285714286,4.0,meia praia,3. apartamento (3q+),108700429,True,43,4.829999923706055
833187023897306300,,0.0,0.0,,meia praia,2. apartamento (2q),502436119,True,48,4.5
1292800313128383230,,0.0,0.0,,meia praia,3. apartamento (3q+),586914991,True,9,5.0
1286433061620564612,,0.0,0.0,,meia praia,3. apartamento (3q+),543175517,False,5,5.0
16270332,,54.0,0.5142857142857142,3.0,centro,4. casa,53704251,True,34,4.809999942779541
41888100,541.4122892089094,78.0,0.7428571428571429,4.0,meia praia,2. apartamento (2q),10550294,True,47,4.869999885559082
1009298477241490681,,0.0,0.0,,morretes,3. apartamento (3q+),543245988,True,17,5.0
1298470822445005971,,0.0,0.0,,casa branca,5. hotel/outros,203549288,True,17,5.0
33801856,,0.0,0.0,,meia praia,3. apartamento (3q+),204047075,True,9,5.0
9985986,,0.0,0.0,,meia praia,2. apartamento (2q),51307548,True,26,5.0
1154503921019083216,,0.0,0.0,,meia praia,3. apartamento (3q+),169512508,False,10,5.0
791866491124143496,,0.0,0.0,,morretes,2. apartamento (2q),486812874,True,42,5.0
813637154637076778,,0.0,0.0,,areal,5. hotel/outros,498206504,False,1,5.0
673864548944219599,,0.0,0.0,,centro,3. apartamento (3q+),37612950,True,41,4.5
1268889705366032062,1007.3434065934066,65.0,0.6190476190476191,4.0,morretes,4. casa,445858382,False,5,5.0
47567640,,0.0,0.0,,meia praia,3. apartamento (3q+),67112643,True,13,4.829999923706055
1014537121391808016,,0.0,0.0,,casa branca,2. apartamento (2q),443634362,False,7,5.0
1057962914787354980,,0.0,0.0,,meia praia,3. apartamento (3q+),553502936,False,8,5.0
1014054431960718116,,0.0,0.0,,meia praia,3. apartamento (3q+),131896610,True,9,5.0
1023065271121623234,,0.0,0.0,,meia praia,3. apartamento (3q+),546129988,True,11,4.0
25109763,,0.0,0.0,,meia praia,2. apartamento (2q),178241975,True,34,5.0
1055164346252405793,,0.0,0.0,,meia praia,2. apartamento (2q),552760198,True,24,5.0
1183673550969518157,,0.0,0.0,,meia praia,5. hotel/outros,576561935,True,47,5.0
816613605644920543,1976.7857142857142,92.0,0.8761904761904762,4.0,centro,4. casa,498882584,True,27,5.0
53240300,997.9038471153847,79.0,0.7523809523809524,4.0,meia praia,3. apartamento (3q+),162244623,True,45,4.929999828338623
1318319689668160068,,0.0,0.0,,meia praia,2. apartamento (2q),25984866,True,7,4.0
29986734,,0.0,0.0,,meia praia,2. apartamento (2q),225434762,True,44,4.940000057220459
1034253092424551076,,0.0,0.0,,meia praia,2. apartamento (2q),548287147,True,16,5.0
52627650,,12.0,0.11428571428571428,2.0,morretes,1. apartamento compacto (0-1q),362289299,True,20,4.800000190734863
1311167400819391829,,0.0,0.0,,meia praia,3. apartamento (3q+),165244282,True,10,5.0
986229867966040844,,0.0,0.0,,meia praia,5. hotel/outros,40876651,False,13,5.0
41409542,,0.0,0.0,,meia praia,2. apartamento (2q),325721445,True,16,4.829999923706055
1206687841875201841,,0.0,0.0,,meia praia,3. apartamento (3q+),290753707,True,9,5.0
24755374,,0.0,0.0,,meia praia,3. apartamento (3q+),8370514,True,25,5.0
38327538,,0.0,0.0,,areal,4. casa,291609302,True,52,4.989999771118164
8838629,755.4166661290323,66.0,0.6285714285714286,4.0,morretes,3. apartamento (3q+),46288679,True,48,4.699999809265137
1313119053126491902,,0.0,0.0,,meia praia,1. apartamento compacto (0-1q),667299468,True,15,4.0
1315033876195918218,,0.0,0.0,,morretes,2. apartamento (2q),532489847,False,15,5.0
813090046454458015,390.4521643231321,84.0,0.8,4.0,sertao do trombudo,4. casa,497357882,True,20,5.0
1026595190867060935,,0.0,0.0,,centro,2. apartamento (2q),244579673,True,5,4.5
1320948683801077576,,0.0,0.0,,meia praia,3. apartamento (3q+),286190226,False,26,5.0
873260132509992833,,13.0,0.12380952380952381,1.0,morretes,2. apartamento (2q),168778857,True,36,4.849999904632568
794991238720374410,,0.0,0.0,,meia praia,3. apartamento (3q+),140798572,False,27,5.0
845839014903182951,,0.0,0.0,,meia praia,5. hotel/outros,505113543,True,33,5.0
1038373281586080429,,0.0,0.0,,meia praia,3. apartamento (3q+),549260873,True,31,5.0
1068291825776382789,,0.0,0.0,,meia praia,3. apartamento (3q+),429303042,True,13,5.0
1248508282032800302,,0.0,0.0,,ilhota,1. apartamento compacto (0-1q),398639276,True,10,5.0
1002178994566123489,,0.0,0.0,,tabuleiro dos oliveiras,2. apartamento (2q),508829317,True,36,4.670000076293945
1268082071847685551,,0.0,0.0,,meia praia,2. apartamento (2q),482395736,True,26,5.0
613221032690703355,735.3757176136364,48.0,0.45714285714285713,4.0,meia praia,3. apartamento (3q+),456024308,True,43,4.909999847412109
784768505899236022,,0.0,0.0,,meia praia,3. apartamento (3q+),419526733,False,33,5.0
1213820110443745185,,0.0,0.0,,meia praia,2. apartamento (2q),483524395,False,6,5.0
685453809891549636,,0.0,0.0,,meia praia,3. apartamento (3q+),212119218,False,53,5.0
1300311449989355136,,0.0,0.0,,meia praia,3. apartamento (3q+),542484669,False,7,5.0
1297226475865304273,,0.0,0.0,,meia praia,3. apartamento (3q+),462941209,True,8,5.0
1116064168031867528,,0.0,0.0,,casa branca,2. apartamento (2q),551866969,True,37,5.0
1176887674899695718,,0.0,0.0,,meia praia,2. apartamento (2q),106958083,True,7,3.0
1211542656704552749,,0.0,0.0,,meia praia,3. apartamento (3q+),592891905,False,9,5.0
746562870945906511,,0.0,0.0,,meia praia,3. apartamento (3q+),485236907,True,40,5.0
54081600,,0.0,0.0,,centro,4. casa,104867797,True,30,5.0
1197779971496056408,,0.0,0.0,,meia praia,3. apartamento (3q+),332417693,True,36,5.0
771579861882586110,,0.0,0.0,,meia praia,3. apartamento (3q+),383660491,False,27,5.0
1306556941639987984,,0.0,0.0,,meia praia,2. apartamento (2q),665857927,False,8,5.0
1055816960029746165,,0.0,0.0,,morretes,2. apartamento (2q),44291174,True,13,4.5
839184834439414765,153.49583333333334,42.0,0.4,4.0,meia praia,5. hotel/outros,143336765,True,47,5.0
29341170,,46.0,0.4380952380952381,3.0,casa branca,2. apartamento (2q),130014999,True,47,4.880000114440918
1304431241953712436,,0.0,0.0,,meia praia,3. apartamento (3q+),370216636,False,7,5.0
42588365,,43.0,0.4095238095238095,2.0,meia praia,3. apartamento (3q+),57580549,True,19,4.920000076293945
667324814851452653,861.5609161793373,67.0,0.638095238095238,4.0,meia praia,3. apartamento (3q+),106330361,True,33,5.0
1226473458721297844,,0.0,0.0,,morretes,5. hotel/outros,549729407,True,32,5.0
1107502562777712197,,0.0,0.0,,tabuleiro dos oliveiras,2. apartamento (2q),248287053,False,10,5.0
50243281,583.5,35.0,0.3333333333333333,4.0,meia praia,3. apartamento (3q+),299061122,True,38,5.0
752994213751607067,,0.0,0.0,,morretes,3. apartamento (3q+),157917672,True,24,4.75
1031148728972114643,,0.0,0.0,,meia praia,3. apartamento (3q+),547841177,True,9,4.630000114440918
22428497,,40.0,0.38095238095238093,3.0,meia praia,4. casa,84154181,True,34,4.809999942779541
23390752,1359.3179147465437,78.0,0.7428571428571429,4.0,tabuleiro dos oliveiras,4. casa,165252580,True,22,4.940000057220459
1318263611491884662,,0.0,0.0,,morretes,4. casa,668061180,True,34,5.0
1040596323630843856,,0.0,0.0,,morretes,4. casa,384143262,True,9,5.0
52585644,,0.0,0.0,,meia praia,3. apartamento (3q+),105561896,True,46,4.889999866485596
1062373107763338007,,0.0,0.0,,meia praia,3. apartamento (3q+),554649176,True,18,5.0
1093309488997800034,,0.0,0.0,,meia praia,3. apartamento (3q+),163037735,False,28,5.0
1188339469325210376,580.4092030360531,73.0,0.6952380952380952,4.0,centro,1. apartamento compacto (0-1q),227777128,True,37,4.949999809265137
16992951,603.9818181818182,71.0,0.6761904761904762,4.0,centro,3. apartamento (3q+),101612155,True,9,5.0
1212998223513440742,,0.0,0.0,,centro,3. apartamento (3q+),593319778,False,11,5.0
1301391860777035565,,0.0,0.0,,casa branca,2. apartamento (2q),575812087,True,39,5.0
53796581,1175.1612903225807,58.0,0.5523809523809524,4.0,morretes,3. apartamento (3q+),141152570,True,9,5.0
552215309820921425,,0.0,0.0,,meia praia,3. apartamento (3q+),240148657,False,13,5.0
1307555899919242332,,0.0,0.0,,alto sao bento,4. casa,245349959,True,23,5.0
1236318558548844431,,0.0,0.0,,meia praia,3. apartamento (3q+),335850167,False,38,5.0
1071003618790011795,,0.0,0.0,,meia praia,3. apartamento (3q+),557069225,True,18,5.0
754165491472296852,,0.0,0.0,,alto sao bento,2. apartamento (2q),478227237,True,41,4.900000095367432
1051978232488580620,,0.0,0.0,,casa branca,2. apartamento (2q),551875844,True,33,4.800000190734863
53671997,,23.0,0.21904761904761905,2.0,meia praia,2. apartamento (2q),62167711,True,9,4.920000076293945
910707550951342167,,2.0,0.01904761904761905,1.0,meia praia,3. apartamento (3q+),317935811,True,54,5.0
29365238,,0.0,0.0,,casa branca,2. apartamento (2q),130014999,True,23,4.769999980926514
1268778966288823537,,0.0,0.0,,meia praia,3. apartamento (3q+),108479878,False,24,5.0
1211530236998935415,,0.0,0.0,,meia praia,1. apartamento compacto (0-1q),154077834,False,16,5.0
1304430172341094678,,0.0,0.0,,meia praia,2. apartamento (2q),157399374,False,23,5.0
787606557854537606,,65.0,0.6190476190476191,3.0,meia praia,2. apartamento (2q),284732986,True,35,4.639999866485596
721932162870590418,,0.0,0.0,,meia praia,2. apartamento (2q),480647689,True,14,5.0
32592683,1217.1052631578948,56.0,0.5333333333333333,4.0,morretes,4. casa,244969913,True,45,5.0
24353133,,0.0,0.0,,meia praia,2. apartamento (2q),163719561,True,18,4.949999809265137
753566944813003124,583.583870967742,96.0,0.9142857142857143,4.0,centro,1. apartamento compacto (0-1q),23425701,True,47,4.929999828338623
1308053812320540684,,0.0,0.0,,meia praia,2. apartamento (2q),666191810,False,29,5.0
1260060540672540465,,0.0,0.0,,meia praia,3. apartamento (3q+),538235382,True,8,5.0
760964672507631048,,0.0,0.0,,meia praia,3. apartamento (3q+),171599356,False,5,5.0
47891397,526.1172236451613,81.0,0.7714285714285715,4.0,meia praia,3. apartamento (3q+),386044528,True,18,5.0
1152837678284548308,,0.0,0.0,,ilhota,5. hotel/outros,89390768,False,21,5.0
1231120871509362920,,0.0,0.0,,meia praia,3. apartamento (3q+),552289167,False,9,5.0
1267369332645574239,,0.0,0.0,,morretes,2. apartamento (2q),364889245,False,28,5.0
2951220,756.2933611751151,85.0,0.8095238095238095,4.0,tabuleiro dos oliveiras,3. apartamento (3q+),14523291,True,54,4.880000114440918
848423588447759206,,0.0,0.0,,casa branca,4. casa,218489901,True,48,5.0
991884110410981530,,0.0,0.0,,morretes,3. apartamento (3q+),385831829,False,13,5.0
1288682883041408249,,0.0,0.0,,ilhota,4. casa,422065139,True,3,5.0
19789678,,0.0,0.0,,meia praia,4. casa,10949434,True,37,4.809999942779541
988333738103213635,,0.0,0.0,,meia praia,2. apartamento (2q),63773778,False,11,5.0
1316769837283910391,,0.0,0.0,,meia praia,2. apartamento (2q),597092373,True,10,5.0
20432864,,0.0,0.0,,meia praia,5. hotel/outros,139478367,True,52,5.0
1051400298310494200,,0.0,0.0,,meia praia,3. apartamento (3q+),24724576,True,9,5.0
50085393,,21.0,0.2,2.0,meia praia,3. apartamento (3q+),404012447,True,26,4.96999979019165
1277665894063699406,,0.0,0.0,,centro,2. apartamento (2q),657542226,True,12,5.0
1007489873058076439,,0.0,0.0,,meia praia,3. apartamento (3q+),66037993,False,15,5.0
986229069752783413,,0.0,0.0,,meia praia,3. apartamento (3q+),40876651,False,15,5.0
1059678777841332955,,0.0,0.0,,morretes,4. casa,167998453,True,2,5.0
804906753075289812,,0.0,0.0,,meia praia,3. apartamento (3q+),495863221,True,29,5.0
16451544,,31.0,0.29523809523809524,2.0,centro,3. apartamento (3q+),107912956,True,26,5.0
1258711950198513312,,0.0,0.0,,meia praia,3. apartamento (3q+),102628370,False,12,5.0
1036959415974715321,,0.0,0.0,,meia praia,2. apartamento (2q),213618060,False,8,5.0
700700156525928687,,0.0,0.0,,meia praia,3. apartamento (3q+),298545921,False,19,5.0
52052904,,0.0,0.0,,alto sao bento,1. apartamento compacto (0-1q),101494197,True,30,4.820000171661377
1254296608204397225,,0.0,0.0,,meia praia,3. apartamento (3q+),102517845,True,18,5.0
1305066565188143498,,0.0,0.0,,morretes,5. hotel/outros,419126412,True,4,5.0
28987242,,28.0,0.26666666666666666,2.0,meia praia,3. apartamento (3q+),157642052,True,32,4.940000057220459
16675568,,0.0,0.0,,canto da praia,4. casa,110336100,True,39,4.889999866485596
1061046394693913896,,0.0,0.0,,meia praia,3. apartamento (3q+),334916935,True,13,5.0
31020529,,0.0,0.0,,meia praia,3. apartamento (3q+),28705962,True,55,4.920000076293945
1295050448286805032,,0.0,0.0,,meia praia,3. apartamento (3q+),498703342,False,9,5.0
1321706007508798489,,0.0,0.0,,alto sao bento,4. casa,437298914,False,7,5.0
667497066181493943,,0.0,0.0,,meia praia,3. apartamento (3q+),378513320,True,40,4.96999979019165
755847660472987641,,0.0,0.0,,meia praia,3. apartamento (3q+),431907730,True,27,4.800000190734863
1011452323460746831,,0.0,0.0,,meia praia,3. apartamento (3q+),543686342,False,8,5.0
31167122,10000.0,85.0,0.8095238095238095,4.0,meia praia,2. apartamento (2q),231172215,True,19,4.769999980926514
1317628952865329668,,0.0,0.0,,meia praia,3. apartamento (3q+),668293903,True,40,5.0
1075503699104403085,,69.0,0.6571428571428571,3.0,meia praia,3. apartamento (3q+),519527555,True,11,5.0
29800671,518.5204737885695,75.0,0.7142857142857143,4.0,meia praia,3. apartamento (3q+),22398457,True,50,4.800000190734863
947098784888443957,,0.0,0.0,,meia praia,1. apartamento compacto (0-1q),528833861,True,11,4.880000114440918
15980018,,22.0,0.20952380952380953,2.0,centro,2. apartamento (2q),44156806,True,46,4.900000095367432
705946468067026302,447.6587301587301,60.0,0.5714285714285714,4.0,meia praia,2. apartamento (2q),151279792,True,38,5.0
45988760,,0.0,0.0,,meia praia,4. casa,372517934,False,9,5.0
1313642429435228003,,0.0,0.0,,meia praia,3. apartamento (3q+),272771814,True,9,5.0
1046631065184778556,,0.0,0.0,,meia praia,3. apartamento (3q+),551035447,True,32,4.5
1290732349260769308,,0.0,0.0,,morretes,5. hotel/outros,548226371,True,23,5.0
23023313,563.6035653650255,68.0,0.6476190476190476,4.0,morretes,2. apartamento (2q),149410057,True,31,4.820000171661377
1044302629857332421,,0.0,0.0,,meia praia,3. apartamento (3q+),164643591,False,24,5.0
1183418487997408853,544.1237455197132,63.0,0.6,4.0,centro,1. apartamento compacto (0-1q),227777128,True,38,4.75
50113452,,0.0,0.0,,meia praia,2. apartamento (2q),404336799,False,8,5.0
1053625763515857065,,72.0,0.6857142857142857,3.0,meia praia,2. apartamento (2q),492426050,True,38,4.820000171661377
1318010396571352908,,0.0,0.0,,tabuleiro dos oliveiras,2. apartamento (2q),668367866,False,23,5.0
1276929799418519035,,0.0,0.0,,meia praia,3. apartamento (3q+),87134338,True,25,5.0
975513700167378294,,0.0,0.0,,meia praia,3. apartamento (3q+),322761422,False,10,5.0
46690986,1269.8997252747254,91.0,0.8666666666666667,4.0,meia praia,3. apartamento (3q+),377357657,True,38,5.0
1295724966320075965,,0.0,0.0,,tabuleiro dos oliveiras,3. apartamento (3q+),104163128,True,22,5.0
869545552419189156,,0.0,0.0,,morretes,2. apartamento (2q),489737906,False,13,5.0
1279094794706661796,,0.0,0.0,,meia praia,4. casa,656338631,False,9,5.0
1044284479378168960,,0.0,0.0,,meia praia,3. apartamento (3q+),550539090,True,13,5.0
22307401,,27.0,0.2571428571428571,3.0,meia praia,2. apartamento (2q),163073391,True,43,4.880000114440918
1004353684494328431,,0.0,0.0,,centro,2. apartamento (2q),539028126,True,18,5.0
1219655958873769070,711.6886072935129,84.0,0.8,4.0,centro,2. apartamento (2q),227777128,True,39,4.5
39059902,585.4948156682027,78.0,0.7428571428571429,4.0,meia praia,3. apartamento (3q+),265470211,True,38,4.860000133514404
1268008861497073326,,0.0,0.0,,meia praia,3. apartamento (3q+),489737906,False,7,5.0
1313064371372817918,919.2857142857142,98.0,0.9333333333333333,4.0,centro,1. apartamento compacto (0-1q),227777128,True,36,5.0
1046548115446024729,,0.0,0.0,,meia praia,5. hotel/outros,242553173,True,24,5.0
46677384,,0.0,0.0,,meia praia,2. apartamento (2q),377247370,True,10,5.0
791363554378785195,,0.0,0.0,,meia praia,3. apartamento (3q+),407886456,True,12,5.0
1001457436010199624,,0.0,0.0,,meia praia,3. apartamento (3q+),424262730,True,7,4.0
31115702,,46.0,0.4380952380952381,3.0,meia praia,2. apartamento (2q),232534010,True,33,4.590000152587891
1277863717185313641,,0.0,0.0,,meia praia,3. apartamento (3q+),659482338,False,9,5.0
1040557526311926033,,0.0,0.0,,morretes,2. apartamento (2q),549766988,True,11,5.0
1304967004078627456,,0.0,0.0,,morretes,2. apartamento (2q),77266046,True,30,5.0
1279100959475752460,,0.0,0.0,,meia praia,3. apartamento (3q+),659754862,True,42,5.0
1262589594492484713,,0.0,0.0,,meia praia,3. apartamento (3q+),566105040,False,7,5.0
1121987205832463268,,0.0,0.0,,centro,1. apartamento compacto (0-1q),569312114,True,12,5.0
996227938456591020,368.339436026936,73.0,0.6952380952380952,4.0,tabuleiro dos oliveiras,2. apartamento (2q),117763717,True,13,5.0
1225220239291557449,,0.0,0.0,,meia praia,3. apartamento (3q+),596690603,False,10,5.0
27222202,,0.0,0.0,,meia praia,3. apartamento (3q+),144660561,True,34,4.0
42180312,193.03846153846155,60.0,0.5714285714285714,4.0,jardim praiamar,4. casa,186585666,True,34,5.0
50535771,553.0952380952381,44.0,0.41904761904761906,4.0,centro,3. apartamento (3q+),317532674,True,9,4.570000171661377
1302366739912091646,,0.0,0.0,,meia praia,3. apartamento (3q+),662040454,True,14,5.0
1059271401855678406,,0.0,0.0,,meia praia,3. apartamento (3q+),371957461,False,7,5.0
1034210399986340352,,0.0,0.0,,meia praia,3. apartamento (3q+),485344872,False,12,5.0
52757508,,0.0,0.0,,centro,2. apartamento (2q),211198643,True,37,5.0
1203715541918813976,,0.0,0.0,,meia praia,2. apartamento (2q),489737906,True,6,4.0
1297971406994937553,,0.0,0.0,,morretes,2. apartamento (2q),663968918,False,32,5.0
1202791616864975880,,0.0,0.0,,meia praia,3. apartamento (3q+),272771814,True,7,4.800000190734863
1320244674220704469,,0.0,0.0,,tabuleiro dos oliveiras,4. casa,495390580,True,8,4.0
1058615618692011551,,0.0,0.0,,meia praia,3. apartamento (3q+),474947439,True,8,5.0
796481545034280714,590.6936813186813,74.0,0.7047619047619048,4.0,centro,2. apartamento (2q),407380231,True,14,5.0
1319027999133085311,,0.0,0.0,,meia praia,3. apartamento (3q+),357806736,False,11,5.0
1094478094459566805,,0.0,0.0,,meia praia,2. apartamento (2q),411112011,False,10,5.0
22223346,,28.0,0.26666666666666666,3.0,meia praia,2. apartamento (2q),162389169,True,24,5.0
1318315111310867765,729.3431769878324,81.0,0.7714285714285715,4.0,morretes,2. apartamento (2q),457315062,True,49,5.0
46329896,,0.0,0.0,,meia praia,3. apartamento (3q+),272771814,False,12,5.0
958920935969700508,,0.0,0.0,,meia praia,3. apartamento (3q+),108479878,True,12,5.0
1048559390878502236,,0.0,0.0,,meia praia,3. apartamento (3q+),550208648,True,11,4.0
955055671222076395,,0.0,0.0,,meia praia,1. apartamento compacto (0-1q),183994411,True,37,5.0
1121034481241380853,,0.0,0.0,,meia praia,2. apartamento (2q),237620710,False,10,5.0
735647486124004932,,0.0,0.0,,morretes,3. apartamento (3q+),247650256,False,15,5.0
41411552,,0.0,0.0,,centro,3. apartamento (3q+),311658930,False,23,5.0
1062859978810832691,,0.0,0.0,,centro,4. casa,554717777,False,7,5.0
1308854008970743230,,0.0,0.0,,meia praia,2. apartamento (2q),443077455,False,27,5.0
1057809709923818937,,0.0,0.0,,tabuleiro dos oliveiras,4. casa,150637261,True,5,4.5
748336742434217963,492.7857142857143,44.0,0.41904761904761906,4.0,meia praia,2. apartamento (2q),163503547,True,42,4.869999885559082
11832843,,0.0,0.0,,meia praia,3. apartamento (3q+),62929389,True,32,4.710000038146973
967320141980123913,,0.0,0.0,,meia praia,2. apartamento (2q),111241128,False,25,5.0
40971559,,34.0,0.3238095238095238,3.0,meia praia,3. apartamento (3q+),319406007,True,9,4.900000095367432
1145542833405143102,,0.0,0.0,,meia praia,3. apartamento (3q+),157399374,True,33,5.0
791950122510420983,,0.0,0.0,,meia praia,3. apartamento (3q+),237620710,False,7,5.0
1273248688766584799,,0.0,0.0,,centro,4. casa,657701336,False,2,5.0
40999104,,0.0,0.0,,meia praia,3. apartamento (3q+),319605783,True,14,5.0
41473656,,23.0,0.21904761904761905,2.0,meia praia,3. apartamento (3q+),80260531,True,42,4.880000114440918
902324773092897293,,13.0,0.12380952380952381,1.0,meia praia,3. apartamento (3q+),327796301,True,11,5.0
1215950026376854271,,0.0,0.0,,morretes,3. apartamento (3q+),594140999,True,38,5.0
41261098,,0.0,0.0,,centro,2. apartamento (2q),33938471,True,15,5.0
823351890427207194,,0.0,0.0,,morretes,2. apartamento (2q),276008409,True,7,4.670000076293945
1320307407992166735,,0.0,0.0,,meia praia,3. apartamento (3q+),115334486,False,7,5.0
12490354,,63.0,0.6,3.0,centro,3. apartamento (3q+),67622278,True,31,4.980000019073486
1321131290017557594,,0.0,0.0,,casa branca,2. apartamento (2q),8215414,False,6,5.0
1241588725303924161,,0.0,0.0,,tabuleiro dos oliveiras,2. apartamento (2q),594859963,False,35,5.0
779662955490359947,,0.0,0.0,,morretes,4. casa,107793279,False,2,5.0
731853350375474350,,34.0,0.3238095238095238,3.0,morretes,2. apartamento (2q),356647485,True,33,5.0
1081779340685802851,,0.0,0.0,,meia praia,2. apartamento (2q),341729619,True,9,5.0
738386989138220837,,0.0,0.0,,meia praia,2. apartamento (2q),118964009,True,43,5.0
53922141,,0.0,0.0,,meia praia,3. apartamento (3q+),228834571,True,8,5.0
41595813,,0.0,0.0,,meia praia,3. apartamento (3q+),217276208,True,52,4.800000190734863
557867403241922176,,0.0,0.0,,centro,2. apartamento (2q),441209799,True,4,5.0
725205326528652381,,5.0,0.047619047619047616,1.0,meia praia,4. casa,481247844,True,33,4.849999904632568
1031308444081530641,,0.0,0.0,,meia praia,3. apartamento (3q+),547874421,False,12,5.0
1071007597342666074,,0.0,0.0,,centro,1. apartamento compacto (0-1q),157832796,False,10,5.0
47802450,,29.0,0.2761904761904762,3.0,ilhota,4. casa,194347953,True,50,4.980000019073486
1263007976366972143,,0.0,0.0,,casa branca,2. apartamento (2q),399921056,False,5,5.0
1306590439478272233,,0.0,0.0,,meia praia,3. apartamento (3q+),551359662,False,9,5.0
1207861972773686793,,0.0,0.0,,centro,5. hotel/outros,231183355,False,6,5.0
1236170846157658865,,0.0,0.0,,centro,5. hotel/outros,594224321,False,8,5.0
48169521,,0.0,0.0,,meia praia,2. apartamento (2q),384570570,True,45,5.0
1304963809687964618,,0.0,0.0,,morretes,4. casa,665520986,False,8,5.0
1302959540649428885,,0.0,0.0,,meia praia,4. casa,665057089,False,5,5.0
24404503,,0.0,0.0,,meia praia,3. apartamento (3q+),23103843,True,17,4.960000038146973
53738511,,64.0,0.6095238095238096,3.0,meia praia,2. apartamento (2q),25984866,True,20,4.829999923706055
1023988647911895243,,0.0,0.0,,meia praia,2. apartamento (2q),530886788,False,8,5.0
52841443,,0.0,0.0,,centro,2. apartamento (2q),427793331,True,18,4.75
753076868199108828,,0.0,0.0,,meia praia,2. apartamento (2q),231952365,False,41,5.0
963916345061155113,,35.0,0.3333333333333333,2.0,meia praia,3. apartamento (3q+),378513320,True,43,5.0
1247028916537033972,1779.0092592592591,75.0,0.7142857142857143,4.0,centro,4. casa,227595936,False,11,5.0
1075961351792144902,,0.0,0.0,,meia praia,1. apartamento compacto (0-1q),537965072,True,6,5.0
540415335028124722,,0.0,0.0,,meia praia,2. apartamento (2q),440564320,True,26,5.0
1274055523929375490,585.0045362903226,91.0,0.8666666666666667,4.0,meia praia,1. apartamento compacto (0-1q),227777128,True,30,5.0
780281674162046667,,0.0,0.0,,meia praia,2. apartamento (2q),483153249,True,6,4.570000171661377
1294874891674328454,,0.0,0.0,,alto sao bento,4. casa,662510476,False,8,5.0
768031350632379804,,0.0,0.0,,meia praia,2. apartamento (2q),263344289,True,12,4.5
1083301106167776779,,30.0,0.2857142857142857,2.0,morretes,3. apartamento (3q+),556178978,True,38,5.0
46990438,,60.0,0.5714285714285714,3.0,centro,2. apartamento (2q),147977024,True,40,5.0
793411418553021490,,0.0,0.0,,meia praia,4. casa,307620413,True,18,4.75
718952546551607269,,0.0,0.0,,morretes,2. apartamento (2q),480072934,True,41,4.769999980926514
792818444122814819,,0.0,0.0,,casa branca,4. casa,489848976,True,38,4.860000133514404
766429111795213657,,0.0,0.0,,alto sao bento,2. apartamento (2q),228740317,True,7,4.670000076293945
21828399,,0.0,0.0,,centro,4. casa,159132424,False,9,5.0
1213004624007730769,,0.0,0.0,,meia praia,2. apartamento (2q),25087975,True,21,5.0
45513430,783.1192396313364,89.0,0.8476190476190476,4.0,meia praia,3. apartamento (3q+),346468115,True,28,4.860000133514404
1313086601561598314,,0.0,0.0,,meia praia,3. apartamento (3q+),521236208,False,13,5.0
1188444070629752131,,0.0,0.0,,morretes,2. apartamento (2q),567717951,True,32,5.0
781404547457775738,,0.0,0.0,,meia praia,3. apartamento (3q+),192187894,True,17,4.630000114440918
1237683351553881707,,0.0,0.0,,meia praia,3. apartamento (3q+),488387857,False,7,5.0
1315954985293478319,833.1506787216991,102.0,0.9714285714285714,4.0,centro,1. apartamento compacto (0-1q),227777128,False,36,5.0
850931966820064700,812.4280926478494,59.0,0.5619047619047619,4.0,meia praia,3. apartamento (3q+),55677212,True,38,5.0
23779860,,32.0,0.3047619047619048,3.0,meia praia,3. apartamento (3q+),178410302,True,14,4.570000171661377
35678368,,0.0,0.0,,canto da praia,4. casa,258729677,True,39,5.0
1016012143491113652,,0.0,0.0,,meia praia,3. apartamento (3q+),513008299,True,36,5.0
41473343,,0.0,0.0,,casa branca,4. casa,311989525,True,31,4.760000228881836
1314795613510146224,,0.0,0.0,,meia praia,2. apartamento (2q),667688629,True,8,5.0
53733977,,38.0,0.3619047619047619,3.0,meia praia,2. apartamento (2q),8792221,True,43,4.949999809265137
53546501,,0.0,0.0,,meia praia,3. apartamento (3q+),108479878,True,10,4.75
31059537,799.4262667434716,78.0,0.7428571428571429,4.0,centro,3. apartamento (3q+),232011444,True,27,4.980000019073486
670778657683556451,,41.0,0.3904761904761905,3.0,meia praia,3. apartamento (3q+),157399374,True,32,5.0
1260073276135845344,,0.0,0.0,,meia praia,5. hotel/outros,595919522,True,3,4.800000190734863
825382552172715801,,0.0,0.0,,morretes,5. hotel/outros,257657377,True,13,5.0
1191386301072209798,574.3667694497154,73.0,0.6952380952380952,4.0,centro,1. apartamento compacto (0-1q),227777128,True,38,4.860000133514404
1055976456049597702,,0.0,0.0,,varzea,5. hotel/outros,194792368,False,4,5.0
1064312269850558226,,0.0,0.0,,meia praia,3. apartamento (3q+),31226565,False,12,5.0
1308171203618991870,,0.0,0.0,,meia praia,3. apartamento (3q+),328958164,False,8,5.0
54235622,,0.0,0.0,,alto sao bento,4. casa,237876168,True,43,5.0
1208757710030861160,385.907032718894,87.0,0.8285714285714286,4.0,centro,1. apartamento compacto (0-1q),227777128,True,29,5.0
1297898752326109320,,0.0,0.0,,meia praia,3. apartamento (3q+),250182151,False,9,5.0
674665840109609741,,0.0,0.0,,morretes,2. apartamento (2q),272771814,True,9,5.0
22347879,,0.0,0.0,,ilhota,1. apartamento compacto (0-1q),73707795,True,24,4.980000019073486
1015005266575396818,,0.0,0.0,,morretes,2. apartamento (2q),364996446,True,38,5.0
953770908066855065,,0.0,0.0,,meia praia,3. apartamento (3q+),530739855,True,33,5.0
47172145,671.842957048002,74.0,0.7047619047619048,4.0,centro,3. apartamento (3q+),337026052,True,31,5.0
40537336,,0.0,0.0,,tabuleiro dos oliveiras,2. apartamento (2q),149861001,False,32,5.0
40892344,458.9916666666667,60.0,0.5714285714285714,4.0,meia praia,3. apartamento (3q+),318477256,True,29,4.820000171661377
1314681720008522187,,0.0,0.0,,centro,4. casa,569312114,True,21,5.0
1279140828280260360,,0.0,0.0,,tabuleiro dos oliveiras,2. apartamento (2q),659769956,False,11,5.0
998585634464381026,,0.0,0.0,,meia praia,2. apartamento (2q),506593553,False,25,5.0
1285265603718821694,,0.0,0.0,,meia praia,5. hotel/outros,267606175,True,13,4.75
46351569,,0.0,0.0,,meia praia,3. apartamento (3q+),375147651,True,48,4.690000057220459
1273881511466684187,,0.0,0.0,,meia praia,3. apartamento (3q+),385831829,False,10,5.0
1309330377175631175,,0.0,0.0,,meia praia,3. apartamento (3q+),431408124,False,9,5.0
744296572655891049,,0.0,0.0,,tabuleiro dos oliveiras,2. apartamento (2q),484803951,True,9,5.0
795757968903961791,354.9034418202765,73.0,0.6952380952380952,4.0,casa branca,2. apartamento (2q),312939718,True,28,4.670000076293945
35481220,,84.0,0.8,3.0,meia praia,3. apartamento (3q+),232585108,True,28,4.940000057220459
1294493278977736177,,0.0,0.0,,centro,3. apartamento (3q+),663226397,False,28,5.0
1023872139502747437,,0.0,0.0,,meia praia,3. apartamento (3q+),381372027,True,11,5.0
1219482086255815601,,0.0,0.0,,meia praia,3. apartamento (3q+),593474672,False,20,5.0
38820471,,0.0,0.0,,meia praia,2. apartamento (2q),297111596,False,10,5.0
1112509681400377090,,0.0,0.0,,meia praia,2. apartamento (2q),567107459,False,10,5.0
15314679,,0.0,0.0,,meia praia,3. apartamento (3q+),9084471,True,44,4.78000020980835
721146719017782279,,0.0,0.0,,centro,2. apartamento (2q),102723242,False,6,5.0
1039847711036743933,,0.0,0.0,,meia praia,3. apartamento (3q+),162106468,False,11,5.0
1316876009161752808,,0.0,0.0,,ilhota,5. hotel/outros,552617515,True,11,5.0
1293813086644761705,,0.0,0.0,,meia praia,3. apartamento (3q+),112456042,True,25,5.0
29145061,429.552,56.0,0.5333333333333333,4.0,meia praia,2. apartamento (2q),115154732,True,43,4.809999942779541
1316212514590222684,,0.0,0.0,,morretes,3. apartamento (3q+),319665944,True,52,5.0
1274533646308060247,519.1739157258064,86.0,0.819047619047619,4.0,morretes,2. apartamento (2q),227777128,True,28,5.0
1092226767092383447,,0.0,0.0,,meia praia,3. apartamento (3q+),167418369,True,29,5.0
1239918903053704985,,0.0,0.0,,meia praia,3. apartamento (3q+),433162432,True,6,5.0
1040508918703339160,,0.0,0.0,,morretes,3. apartamento (3q+),540530843,False,23,5.0
48109229,,73.0,0.6952380952380952,3.0,meia praia,2. apartamento (2q),231414872,True,23,4.670000076293945
1011036019189946615,,0.0,0.0,,morretes,5. hotel/outros,210344039,False,4,5.0
1063328075776888031,,0.0,0.0,,meia praia,4. casa,551991664,False,6,5.0
1050006747666380845,,0.0,0.0,,centro,2. apartamento (2q),46167410,False,50,5.0
53482863,,0.0,0.0,,meia praia,2. apartamento (2q),321018928,True,33,4.849999904632568
29074384,,0.0,0.0,,morretes,3. apartamento (3q+),219082837,True,37,4.400000095367432
1049996742806553672,,0.0,0.0,,morretes,5. hotel/outros,20614599,False,3,5.0
778933432062496662,908.9285714285714,73.0,0.6952380952380952,4.0,meia praia,3. apartamento (3q+),192377194,True,41,5.0
47909482,979.1779223636363,67.0,0.638095238095238,4.0,meia praia,3. apartamento (3q+),383909653,True,42,5.0
1232633492287731867,,0.0,0.0,,meia praia,3. apartamento (3q+),513008299,True,8,5.0
1300854516270211840,,0.0,0.0,,meia praia,2. apartamento (2q),96045548,False,43,5.0
1052490589225547467,,67.0,0.638095238095238,3.0,meia praia,3. apartamento (3q+),551342508,True,19,5.0
580541688425401383,,0.0,0.0,,ilhota,2. apartamento (2q),165620689,True,43,5.0
601319227614407174,,0.0,0.0,,meia praia,2. apartamento (2q),283760792,True,8,5.0
801611117719633492,499.04,67.0,0.638095238095238,4.0,meia praia,2. apartamento (2q),437109458,True,41,5.0
1292037149463859110,,0.0,0.0,,meia praia,5. hotel/outros,369153667,True,10,5.0
1251292507810344397,,0.0,0.0,,tabuleiro dos oliveiras,3. apartamento (3q+),499657943,False,29,5.0
41765049,,0.0,0.0,,meia praia,2. apartamento (2q),310944442,True,23,4.329999923706055
1321830703524224763,,0.0,0.0,,meia praia,3. apartamento (3q+),424719219,True,40,5.0
1263855348429375699,,0.0,0.0,,meia praia,2. apartamento (2q),276800469,True,11,5.0
1321319006483514640,,0.0,0.0,,centro,1. apartamento compacto (0-1q),227366158,False,53,5.0
1065536776082329789,,0.0,0.0,,centro,3. apartamento (3q+),551968522,True,6,5.0
1303485724361503403,,0.0,0.0,,meia praia,2. apartamento (2q),63773778,False,10,5.0
748470108899494566,,0.0,0.0,,alto sao bento,2. apartamento (2q),25087975,True,20,4.329999923706055
1257276844080185914,,0.0,0.0,,tabuleiro dos oliveiras,2. apartamento (2q),114742068,True,12,5.0
1024578196422605683,,0.0,0.0,,meia praia,3. apartamento (3q+),545064569,True,19,4.829999923706055
1292809800578097786,,0.0,0.0,,morretes,2. apartamento (2q),662820731,True,8,5.0
31265630,,0.0,0.0,,meia praia,2. apartamento (2q),233813969,True,19,4.0
1282753268533806013,,0.0,0.0,,meia praia,4. casa,151166442,True,21,5.0
40023421,496.3744239631336,99.0,0.9428571428571428,4.0,morretes,2. apartamento (2q),287180792,True,14,4.730000019073486
1245358177594071514,,0.0,0.0,,ilhota,1. apartamento compacto (0-1q),521634670,True,39,5.0
47068610,,0.0,0.0,,centro,2. apartamento (2q),380429632,False,9,5.0
54033938,,0.0,0.0,,meia praia,3. apartamento (3q+),393604457,True,11,4.860000133514404
1282585098065467787,381.4107529569893,65.0,0.6190476190476191,4.0,centro,1. apartamento compacto (0-1q),227777128,True,33,5.0
798609957167332367,675.0,72.0,0.6857142857142857,4.0,meia praia,2. apartamento (2q),494667426,True,19,5.0
1190799156046065792,,0.0,0.0,,morretes,4. casa,390572811,False,8,5.0
46011731,,21.0,0.2,3.0,meia praia,3. apartamento (3q+),133520764,True,39,4.889999866485596
1270377015190277716,,0.0,0.0,,meia praia,2. apartamento (2q),419044560,True,11,5.0
1207992119242235910,389.43515771889406,89.0,0.8476190476190476,4.0,centro,1. apartamento compacto (0-1q),227777128,True,32,5.0
1093543433835743780,,0.0,0.0,,meia praia,3. apartamento (3q+),329903996,True,32,5.0
1071056510814014044,,0.0,0.0,,meia praia,2. apartamento (2q),226339313,False,12,5.0
39990143,,0.0,0.0,,casa branca,4. casa,308145585,True,7,4.829999923706055
581631443102244426,,0.0,0.0,,morretes,4. casa,149719030,True,11,5.0
32270068,,0.0,0.0,,meia praia,3. apartamento (3q+),236633446,False,22,5.0
1225979956577609938,,0.0,0.0,,meia praia,2. apartamento (2q),25984866,True,8,4.329999923706055
1295718964285991991,,0.0,0.0,,meia praia,3. apartamento (3q+),135481429,True,36,5.0
1218952451555408044,,0.0,0.0,,meia praia,1. apartamento compacto (0-1q),593474672,False,16,5.0
51623204,,0.0,0.0,,centro,3. apartamento (3q+),274599012,True,36,5.0
51453135,617.4500768049155,91.0,0.8666666666666667,4.0,meia praia,3. apartamento (3q+),65096237,True,32,4.849999904632568
1046481075180202571,,0.0,0.0,,meia praia,5. hotel/outros,371131601,False,8,5.0
41227471,696.3709677419355,81.0,0.7714285714285715,4.0,meia praia,3. apartamento (3q+),323588415,True,15,5.0
1066297179791641849,,0.0,0.0,,meia praia,2. apartamento (2q),400961407,True,15,5.0
1287895051782414068,,0.0,0.0,,sertao do trombudo,4. casa,661639118,False,6,5.0
779826083156013709,,0.0,0.0,,meia praia,2. apartamento (2q),174545391,True,33,4.900000095367432
39610744,,0.0,0.0,,meia praia,3. apartamento (3q+),302814591,True,24,4.429999828338623
1044515710705238828,,0.0,0.0,,centro,3. apartamento (3q+),455100919,True,30,5.0
16105751,,31.0,0.29523809523809524,3.0,centro,2. apartamento (2q),104998472,True,28,4.860000133514404
1045238168872550971,,0.0,0.0,,meia praia,2. apartamento (2q),1271087,True,37,5.0
963771154258225093,,0.0,0.0,,meia praia,2. apartamento (2q),421880935,True,7,5.0
1311955859629341439,,0.0,0.0,,meia praia,5. hotel/outros,73068144,True,19,4.670000076293945
53474976,,0.0,0.0,,meia praia,3. apartamento (3q+),142863352,True,46,4.5
48088712,,0.0,0.0,,meia praia,3. apartamento (3q+),119361929,True,42,4.5
1252195463712989125,,0.0,0.0,,meia praia,2. apartamento (2q),652806624,False,19,5.0
930375721985185754,,0.0,0.0,,jardim praiamar,1. apartamento compacto (0-1q),445375490,True,35,3.670000076293945
47000276,,42.0,0.4,3.0,meia praia,3. apartamento (3q+),379956579,True,14,4.820000171661377
1300301067010145368,,0.0,0.0,,morretes,2. apartamento (2q),432392779,True,11,5.0
31543199,,44.0,0.41904761904761906,3.0,meia praia,3. apartamento (3q+),151579579,True,34,5.0
1277103969415516416,,54.0,0.5142857142857142,3.0,morretes,2. apartamento (2q),658741691,True,15,5.0
1066185870504338051,,0.0,0.0,,meia praia,2. apartamento (2q),555731183,True,28,5.0
1012495421195045384,,0.0,0.0,,tabuleiro dos oliveiras,2. apartamento (2q),491824858,True,36,5.0
54079496,,0.0,0.0,,meia praia,5. hotel/outros,11695736,True,36,5.0
1309424885216072922,,0.0,0.0,,morretes,2. apartamento (2q),515230409,True,8,5.0
1024759664751866511,,0.0,0.0,,varzea,4. casa,302289127,False,9,5.0
1052071486548207877,,0.0,0.0,,meia praia,3. apartamento (3q+),265350197,False,35,5.0
1039000611979944065,,0.0,0.0,,meia praia,3. apartamento (3q+),549405449,True,24,5.0
1219792189503966808,,0.0,0.0,,tabuleiro dos oliveiras,4. casa,530648724,True,22,5.0
1216602433904805187,581.5764523263027,85.0,0.8095238095238095,4.0,centro,1. apartamento compacto (0-1q),227777128,True,40,4.599999904632568
22916493,,0.0,0.0,,meia praia,2. apartamento (2q),169664266,True,20,5.0
32371924,,33.0,0.3142857142857143,3.0,centro,3. apartamento (3q+),242932189,True,55,4.929999828338623
46012033,,0.0,0.0,,meia praia,2. apartamento (2q),152893116,True,19,4.829999923706055
921939869682797258,,0.0,0.0,,meia praia,5. hotel/outros,394068856,False,21,5.0
1302973272571623526,,0.0,0.0,,meia praia,3. apartamento (3q+),665061269,False,13,5.0
770188670926255894,,0.0,0.0,,meia praia,3. apartamento (3q+),456516350,True,12,4.5
1242297273130835704,,0.0,0.0,,centro,3. apartamento (3q+),82204432,True,9,5.0
622878708674009200,669.9798387096774,74.0,0.7047619047619048,4.0,meia praia,2. apartamento (2q),302118000,True,34,5.0
725867973010290782,495.7232142857143,66.0,0.6285714285714286,4.0,meia praia,2. apartamento (2q),269489781,True,43,5.0
1106426064936143096,,0.0,0.0,,meia praia,3. apartamento (3q+),404357828,False,13,5.0
1287652895358252081,,0.0,0.0,,ilhota,4. casa,422065139,False,4,5.0
1054358063417818788,,0.0,0.0,,meia praia,3. apartamento (3q+),316383519,True,8,5.0
52571126,,0.0,0.0,,meia praia,3. apartamento (3q+),425507942,True,36,5.0
989929089837804050,,0.0,0.0,,meia praia,2. apartamento (2q),25087975,True,13,4.5
1271243977226889133,,0.0,0.0,,meia praia,3. apartamento (3q+),446793136,False,8,5.0
1284113129900372972,,0.0,0.0,,ilhota,4. casa,660874522,True,11,2.0
32766950,,48.0,0.45714285714285713,3.0,centro,2. apartamento (2q),246441773,True,30,4.820000171661377
700581475456680268,,0.0,0.0,,meia praia,3. apartamento (3q+),476520828,True,39,5.0
10266012,,58.0,0.5523809523809524,3.0,morretes,5. hotel/outros,52781602,True,27,4.739999771118164
1249919049392818339,587.5726612903226,91.0,0.8666666666666667,4.0,meia praia,1. apartamento compacto (0-1q),227777128,True,30,5.0
783172100323993170,,0.0,0.0,,meia praia,3. apartamento (3q+),491652149,True,33,3.3299999237060547
46936020,,54.0,0.5142857142857142,3.0,morretes,2. apartamento (2q),219453957,True,34,4.989999771118164
32155445,,0.0,0.0,,meia praia,2. apartamento (2q),241217291,True,19,5.0
599113560319545877,,0.0,0.0,,meia praia,2. apartamento (2q),272771814,False,9,5.0
1005860682746801029,402.07296554252196,75.0,0.7142857142857143,4.0,morretes,2. apartamento (2q),542591363,True,41,4.900000095367432
21025393,,36.0,0.34285714285714286,3.0,meia praia,3. apartamento (3q+),112557986,True,40,4.909999847412109
1307081277437210476,,0.0,0.0,,meia praia,3. apartamento (3q+),135642628,False,11,5.0
36557903,,0.0,0.0,,centro,4. casa,234329543,False,7,5.0
1208961418958310878,,0.0,0.0,,centro,2. apartamento (2q),520572832,True,35,5.0
1057143386880918828,,0.0,0.0,,meia praia,1. apartamento compacto (0-1q),551274033,False,12,5.0
1039739725491516693,,0.0,0.0,,meia praia,2. apartamento (2q),512244889,True,17,3.5
1287556370209031205,,0.0,0.0,,meia praia,3. apartamento (3q+),195223639,False,21,5.0
1061592792230546703,,0.0,0.0,,meia praia,5. hotel/outros,554451618,False,15,5.0
1320533330637264303,,0.0,0.0,,meia praia,5. hotel/outros,73068144,True,7,5.0
1312148183095765866,,0.0,0.0,,meia praia,3. apartamento (3q+),667062343,False,9,5.0
822673802452481785,,0.0,0.0,,meia praia,3. apartamento (3q+),500237003,True,44,5.0
879719744254656243,,0.0,0.0,,centro,2. apartamento (2q),506593553,False,10,5.0
1262098803619520767,,0.0,0.0,,meia praia,3. apartamento (3q+),383585154,True,6,5.0
1219584389251803391,,0.0,0.0,,meia praia,3. apartamento (3q+),304826382,False,34,5.0
1030401532874842059,,0.0,0.0,,meia praia,3. apartamento (3q+),308500508,False,23,5.0
45843768,,0.0,0.0,,meia praia,3. apartamento (3q+),86908741,True,52,5.0
1286924251843839509,,0.0,0.0,,meia praia,3. apartamento (3q+),178581870,False,9,5.0
1172396251848641184,,0.0,0.0,,meia praia,1. apartamento compacto (0-1q),475340351,True,35,5.0
1290750492591348199,,0.0,0.0,,meia praia,3. apartamento (3q+),480134990,False,49,5.0
1042032092670718662,426.09469696969694,29.0,0.2761904761904762,4.0,meia praia,1. apartamento compacto (0-1q),381365841,True,14,4.909999847412109
1277574920330532540,,0.0,0.0,,meia praia,3. apartamento (3q+),10844239,True,11,5.0
1197195878719681680,397.47596927182167,76.0,0.7238095238095238,4.0,centro,1. apartamento compacto (0-1q),227777128,True,27,4.559999942779541
1287612441681877437,,0.0,0.0,,meia praia,2. apartamento (2q),135567436,False,19,5.0
1294103150315914686,,0.0,0.0,,meia praia,1. apartamento compacto (0-1q),167635374,True,34,5.0
1046519715271612370,,0.0,0.0,,sertaozinho,4. casa,300449890,True,10,5.0
53164553,,0.0,0.0,,meia praia,5. hotel/outros,8347337,True,45,5.0
839108891025075934,,0.0,0.0,,meia praia,2. apartamento (2q),503682887,True,40,4.96999979019165
763760555124711556,,0.0,0.0,,meia praia,4. casa,201183053,False,8,5.0
1304403734260231676,630.1792574361123,101.0,0.9619047619047619,4.0,tabuleiro dos oliveiras,2. apartamento (2q),227777128,True,29,4.0
1306033116658241534,,0.0,0.0,,casa branca,5. hotel/outros,663825538,True,8,5.0
42427771,,0.0,0.0,,centro,2. apartamento (2q),142692280,True,15,4.900000095367432
52929834,,0.0,0.0,,meia praia,2. apartamento (2q),206392989,True,32,5.0
893568015283925281,,0.0,0.0,,meia praia,3. apartamento (3q+),432796459,True,55,5.0
1283145087738297626,,0.0,0.0,,meia praia,3. apartamento (3q+),484809100,False,9,5.0
1310863651304083661,,0.0,0.0,,meia praia,3. apartamento (3q+),106604152,False,9,5.0
1298678967964045507,,0.0,0.0,,meia praia,3. apartamento (3q+),28969520,True,29,5.0
1042620911141302538,,0.0,0.0,,meia praia,3. apartamento (3q+),483153249,False,7,5.0
1182018398755268829,717.1256624423962,73.0,0.6952380952380952,4.0,centro,2. apartamento (2q),227777128,True,40,5.0
1052942227246615615,,0.0,0.0,,meia praia,3. apartamento (3q+),488106109,False,6,5.0
1264430504073638439,,0.0,0.0,,meia praia,2. apartamento (2q),389987204,True,14,5.0
1313125057162293363,,0.0,0.0,,meia praia,3. apartamento (3q+),385831829,False,10,5.0
47921866,,0.0,0.0,,tabuleiro dos oliveiras,2. apartamento (2q),217274366,True,11,5.0
1300181335701342835,,0.0,0.0,,tabuleiro dos oliveiras,4. casa,661088490,True,10,5.0
1230676911873998807,,0.0,0.0,,meia praia,3. apartamento (3q+),176856095,False,14,5.0
1219440451890811691,,0.0,0.0,,meia praia,3. apartamento (3q+),593474672,False,15,5.0
37394362,,0.0,0.0,,sertao do trombudo,5. hotel/outros,281844017,False,6,5.0
1295160701752430552,,0.0,0.0,,centro,2. apartamento (2q),663373020,True,4,4.0
1011115904222911872,725.9439572479839,79.0,0.7523809523809524,4.0,meia praia,3. apartamento (3q+),155757223,True,41,5.0
1303875579914032798,,0.0,0.0,,tabuleiro dos oliveiras,2. apartamento (2q),404546367,False,21,5.0
1094357489158599823,,0.0,0.0,,centro,3. apartamento (3q+),562749895,False,11,5.0
1254232203932052126,,0.0,0.0,,meia praia,3. apartamento (3q+),582220982,True,12,5.0
1150663639430720811,,0.0,0.0,,areal,4. casa,465532494,True,10,5.0
1264562560195071226,,0.0,0.0,,meia praia,2. apartamento (2q),169848306,False,17,5.0
1105718342831359474,,0.0,0.0,,meia praia,2. apartamento (2q),192654861,True,14,4.599999904632568
1183396764840650494,,0.0,0.0,,meia praia,3. apartamento (3q+),584687328,False,9,5.0
32990586,967.6601382488479,85.0,0.8095238095238095,4.0,meia praia,3. apartamento (3q+),110658212,True,42,4.960000038146973
1075393181592380782,,0.0,0.0,,meia praia,3. apartamento (3q+),519527555,False,11,5.0
1213258423467625050,,0.0,0.0,,meia praia,2. apartamento (2q),249711518,True,21,4.0
21454457,,15.0,0.14285714285714285,2.0,meia praia,2. apartamento (2q),66944699,True,33,4.809999942779541
828036946101813387,,24.0,0.22857142857142856,2.0,morretes,2. apartamento (2q),234835187,True,58,5.0
1300065513439125772,,0.0,0.0,,meia praia,3. apartamento (3q+),85390248,True,39,5.0
1291472677278074629,,0.0,0.0,,morretes,2. apartamento (2q),442563020,True,39,5.0
807368706778426558,,0.0,0.0,,meia praia,3. apartamento (3q+),363548107,True,43,4.829999923706055
1063807278503566143,515.4193111455108,67.0,0.638095238095238,4.0,centro,2. apartamento (2q),490112565,True,40,5.0
38616586,,38.0,0.3619047619047619,3.0,meia praia,3. apartamento (3q+),250182151,True,16,5.0
628897724940732017,,25.0,0.23809523809523808,2.0,meia praia,3. apartamento (3q+),116554837,True,35,4.949999809265137
53325047,529.0288461538462,50.0,0.47619047619047616,4.0,meia praia,2. apartamento (2q),55597690,True,42,4.900000095367432
1059563894852615252,,0.0,0.0,,meia praia,3. apartamento (3q+),221462012,False,16,5.0
873255393900331818,,79.0,0.7523809523809524,3.0,meia praia,3. apartamento (3q+),416640660,True,37,4.75
53113087,521.1708346666667,57.0,0.5428571428571428,4.0,meia praia,3. apartamento (3q+),107291237,True,26,5.0
1197121947398131654,404.5980286738351,73.0,0.6952380952380952,4.0,centro,1. apartamento compacto (0-1q),227777128,True,26,4.670000076293945
53030717,,0.0,0.0,,meia praia,3. apartamento (3q+),262828951,False,10,5.0
53815397,220.37154377880185,72.0,0.6857142857142857,4.0,alto sao bento,1. apartamento compacto (0-1q),101494197,True,16,4.929999828338623
52350730,,0.0,0.0,,meia praia,3. apartamento (3q+),422556183,False,38,5.0
1297982613778280118,,0.0,0.0,,meia praia,2. apartamento (2q),176856095,False,25,5.0
39721922,,0.0,0.0,,leopoldo zarling,4. casa,305296132,False,9,5.0
1317384292826834585,,0.0,0.0,,varzea,1. apartamento compacto (0-1q),658741691,True,3,3.25
999340430615610174,,0.0,0.0,,meia praia,1. apartamento compacto (0-1q),489737906,False,24,5.0
781938884905307303,,0.0,0.0,,meia praia,2. apartamento (2q),63773778,True,6,4.25
31021686,,0.0,0.0,,morretes,3. apartamento (3q+),231695615,False,34,5.0
22190101,,46.0,0.4380952380952381,3.0,meia praia,2. apartamento (2q),9506232,True,22,4.889999866485596
1316268483085782889,,0.0,0.0,,meia praia,5. hotel/outros,486812874,False,10,5.0
1055734074895960762,,0.0,0.0,,centro,2. apartamento (2q),234165177,True,19,5.0
741851754120319750,,0.0,0.0,,morretes,2. apartamento (2q),396482969,False,34,5.0
800942299109284552,,55.0,0.5238095238095238,3.0,morretes,2. apartamento (2q),170835881,True,39,4.860000133514404
1295149514360772183,,0.0,0.0,,meia praia,3. apartamento (3q+),663370500,True,10,4.5
1049768725414253564,,0.0,0.0,,meia praia,2. apartamento (2q),550211326,False,9,5.0
15517506,,0.0,0.0,,meia praia,3. apartamento (3q+),99729320,False,12,5.0
21547223,,0.0,0.0,,meia praia,1. apartamento compacto (0-1q),156654379,True,26,5.0
16028904,,0.0,0.0,,meia praia,3. apartamento (3q+),104274630,True,22,4.0
1181971107577983158,390.32338736559143,81.0,0.7714285714285715,4.0,centro,1. apartamento compacto (0-1q),227777128,True,30,4.929999828338623
1226922486291226528,,0.0,0.0,,meia praia,2. apartamento (2q),221238810,False,8,5.0
1318867545790629357,,0.0,0.0,,meia praia,5. hotel/outros,73068144,True,7,5.0
781223884036842600,,62.0,0.5904761904761905,3.0,meia praia,2. apartamento (2q),109217314,True,16,4.650000095367432
31551540,,0.0,0.0,,centro,2. apartamento (2q),236481234,True,18,4.75
1258223404812828899,,0.0,0.0,,meia praia,3. apartamento (3q+),176856095,False,15,5.0
719470154524862442,,0.0,0.0,,meia praia,3. apartamento (3q+),114511450,False,56,5.0
1268021781075347257,,0.0,0.0,,meia praia,3. apartamento (3q+),374676897,False,9,5.0
23443863,,0.0,0.0,,meia praia,3. apartamento (3q+),174889749,True,12,5.0
1271829505541557068,,0.0,0.0,,centro,4. casa,363278732,True,31,5.0
53706823,,0.0,0.0,,meia praia,2. apartamento (2q),306251639,True,33,4.920000076293945
1225568901497610397,,0.0,0.0,,meia praia,2. apartamento (2q),445210833,True,11,4.599999904632568
1313264592943731140,,0.0,0.0,,meia praia,3. apartamento (3q+),667340741,True,41,5.0
1241963775870811556,,0.0,0.0,,meia praia,2. apartamento (2q),586424696,False,6,5.0
1306097236294644480,,0.0,0.0,,meia praia,3. apartamento (3q+),284333482,False,12,5.0
913929715874853789,1040.874461827957,68.0,0.6476190476190476,4.0,meia praia,3. apartamento (3q+),244081776,True,13,4.889999866485596
50480389,,0.0,0.0,,meia praia,4. casa,251133622,True,32,5.0
601592861131264636,,0.0,0.0,,meia praia,3. apartamento (3q+),94087822,True,16,4.5
775408609937031728,,0.0,0.0,,morretes,4. casa,346050275,True,15,5.0
1068324036682185254,,0.0,0.0,,meia praia,3. apartamento (3q+),115900186,True,27,5.0
22421606,514.8194444444445,47.0,0.44761904761904764,4.0,morretes,4. casa,20614599,True,30,4.849999904632568
1063147119591984114,,0.0,0.0,,centro,2. apartamento (2q),331691478,False,27,5.0
818048500029963765,,0.0,0.0,,meia praia,3. apartamento (3q+),258784985,True,42,5.0
681894806923375678,,39.0,0.37142857142857144,3.0,meia praia,3. apartamento (3q+),157399374,True,33,5.0
755031430628890275,,0.0,0.0,,meia praia,3. apartamento (3q+),414374814,True,36,5.0
854324725717354272,,0.0,0.0,,meia praia,3. apartamento (3q+),66106937,True,20,4.429999828338623
944913407874781242,,0.0,0.0,,morretes,5. hotel/outros,40876651,True,11,4.5
1265161823691467042,593.8255760368664,82.0,0.780952380952381,4.0,centro,1. apartamento compacto (0-1q),227777128,True,33,5.0
927428318431949202,,0.0,0.0,,meia praia,5. hotel/outros,40876651,False,15,5.0
1275479435641237202,,0.0,0.0,,meia praia,3. apartamento (3q+),157039479,False,9,5.0
755690841665214982,,0.0,0.0,,centro,3. apartamento (3q+),486881093,False,10,5.0
27852364,,0.0,0.0,,centro,3. apartamento (3q+),2677455,True,14,4.5
978244263452010977,484.32843137254906,50.0,0.47619047619047616,4.0,meia praia,2. apartamento (2q),536628505,True,14,4.940000057220459
1317289846953500028,,0.0,0.0,,morretes,2. apartamento (2q),149083334,False,8,5.0
794996321339600522,427.8425925925926,67.0,0.638095238095238,4.0,meia praia,2. apartamento (2q),367477498,True,11,5.0
41664387,180.80555555555554,45.0,0.42857142857142855,4.0,meia praia,5. hotel/outros,326128329,True,23,4.989999771118164
1077396104359577731,,20.0,0.19047619047619047,3.0,meia praia,3. apartamento (3q+),298807706,True,46,4.78000020980835
54196670,,0.0,0.0,,centro,2. apartamento (2q),203400373,True,25,5.0
1002785860497857801,587.7260080645161,80.0,0.7619047619047619,4.0,meia praia,3. apartamento (3q+),109364961,True,61,5.0
21608050,,0.0,0.0,,centro,3. apartamento (3q+),157171553,True,33,4.599999904632568
1297798923844211366,,0.0,0.0,,tabuleiro dos oliveiras,2. apartamento (2q),549302516,True,11,5.0
1310298092659359080,,0.0,0.0,,centro,3. apartamento (3q+),666698987,True,11,5.0
694313018923554703,,29.0,0.2761904761904762,3.0,meia praia,3. apartamento (3q+),104163128,True,24,5.0
1311201273743600960,,0.0,0.0,,meia praia,3. apartamento (3q+),267606175,True,33,5.0
1090096975026452849,,0.0,0.0,,meia praia,2. apartamento (2q),551124128,True,16,5.0
22648075,,65.0,0.6190476190476191,3.0,centro,2. apartamento (2q),166783222,True,37,5.0
549802551493491771,,0.0,0.0,,tabuleiro dos oliveiras,2. apartamento (2q),171009827,True,6,5.0
1297882475361338003,,0.0,0.0,,meia praia,2. apartamento (2q),663942337,True,13,5.0
708889911065031410,,0.0,0.0,,meia praia,3. apartamento (3q+),108479878,False,10,5.0
1289819035449109072,,0.0,0.0,,meia praia,3. apartamento (3q+),662148418,False,17,5.0
969451363844464830,,0.0,0.0,,centro,3. apartamento (3q+),534657144,True,9,5.0
41682475,550.0,43.0,0.4095238095238095,4.0,meia praia,3. apartamento (3q+),329011622,True,15,5.0
1315207320332089099,,0.0,0.0,,meia praia,4. casa,363548107,True,30,5.0
1147377772301199310,,0.0,0.0,,morretes,2. apartamento (2q),485417531,True,9,5.0
29296285,,0.0,0.0,,tabuleiro dos oliveiras,2. apartamento (2q),220694322,False,15,5.0
46048925,988.7876293553439,91.0,0.8666666666666667,4.0,meia praia,3. apartamento (3q+),139478367,True,54,5.0
1004496327455456339,420.57003648233484,81.0,0.7714285714285715,4.0,morretes,2. apartamento (2q),55102257,True,33,5.0
1227533252626886641,,0.0,0.0,,meia praia,3. apartamento (3q+),532178967,False,13,5.0
51822238,,0.0,0.0,,meia praia,3. apartamento (3q+),419818403,True,16,5.0
673826267743797671,,27.0,0.2571428571428571,1.0,meia praia,3. apartamento (3q+),157399374,True,31,4.929999828338623
35968764,,0.0,0.0,,canto da praia,5. hotel/outros,49344444,True,8,5.0
783273442010116233,,0.0,0.0,,meia praia,3. apartamento (3q+),420698857,False,10,5.0
1317538910104639213,,0.0,0.0,,alto sao bento,4. casa,668234945,True,25,5.0
1294285206500696186,,0.0,0.0,,meia praia,2. apartamento (2q),542484669,False,9,5.0
559894916966869313,,0.0,0.0,,morretes,4. casa,425429201,False,40,5.0
1025140138154324694,,0.0,0.0,,meia praia,3. apartamento (3q+),156633396,False,15,5.0
1147824179020677628,510.28035714285716,49.0,0.4666666666666667,4.0,centro,1. apartamento compacto (0-1q),381365841,True,30,5.0
1031137498228753995,,0.0,0.0,,meia praia,3. apartamento (3q+),541296980,False,12,5.0
1239056179694723410,,0.0,0.0,,meia praia,1. apartamento compacto (0-1q),529722001,True,18,4.670000076293945
1045520246239520927,965.8530836981566,81.0,0.7714285714285715,4.0,centro,3. apartamento (3q+),506593553,False,9,5.0
20943549,440.5085233421659,65.0,0.6190476190476191,4.0,meia praia,2. apartamento (2q),138334153,True,16,4.960000038146973
47213093,,22.0,0.20952380952380953,2.0,meia praia,2. apartamento (2q),249951767,True,9,4.929999828338623
1283951524298463459,,0.0,0.0,,casa branca,2. apartamento (2q),87293045,True,41,5.0
1293613882934791177,,0.0,0.0,,meia praia,3. apartamento (3q+),156159180,False,9,5.0
1310948828934945578,,0.0,0.0,,meia praia,3. apartamento (3q+),87984613,True,7,5.0
53474066,,39.0,0.37142857142857144,3.0,centro,3. apartamento (3q+),433015716,True,22,4.670000076293945
1051670951690974780,,0.0,0.0,,meia praia,3. apartamento (3q+),547137917,True,9,5.0
931420427404508155,,0.0,0.0,,meia praia,3. apartamento (3q+),437918164,True,24,5.0
1249385754807434824,593.6550586510264,78.0,0.7428571428571429,4.0,centro,1. apartamento compacto (0-1q),227777128,True,37,4.570000171661377
1244463705657703591,,0.0,0.0,,meia praia,5. hotel/outros,367363772,True,4,5.0
46941758,,0.0,0.0,,centro,3. apartamento (3q+),243494106,True,7,4.449999809265137
1294398408677640574,,0.0,0.0,,morretes,2. apartamento (2q),663203205,True,10,5.0
786984063703855942,,0.0,0.0,,centro,3. apartamento (3q+),492293062,False,32,5.0
50958684,1050.8012006203476,74.0,0.7047619047619048,4.0,meia praia,3. apartamento (3q+),327430438,True,49,4.980000019073486
34218930,759.9867430721691,58.0,0.5523809523809524,4.0,meia praia,3. apartamento (3q+),157399374,True,30,4.900000095367432
934785490071199312,,0.0,0.0,,meia praia,3. apartamento (3q+),525483549,False,11,5.0
36743876,,0.0,0.0,,meia praia,3. apartamento (3q+),272553934,False,27,5.0
1257491577900768321,,0.0,0.0,,meia praia,3. apartamento (3q+),534536593,False,10,5.0
783834470480143792,,0.0,0.0,,morretes,2. apartamento (2q),430294957,True,13,4.800000190734863
796888019932075012,,0.0,0.0,,morretes,2. apartamento (2q),490064289,True,36,5.0
21780661,458.125,63.0,0.6,4.0,casa branca,2. apartamento (2q),158703707,True,25,4.900000095367432
1026113758934446617,,0.0,0.0,,meia praia,3. apartamento (3q+),220626807,False,23,5.0
30500731,,0.0,0.0,,meia praia,3. apartamento (3q+),161742491,False,8,5.0
772706520794806760,,9.0,0.08571428571428572,1.0,varzea,4. casa,489908528,True,48,5.0
1028108003887861879,,0.0,0.0,,meia praia,5. hotel/outros,109364961,True,30,5.0
1220240494709674428,,0.0,0.0,,meia praia,2. apartamento (2q),25087975,False,15,5.0
48699117,,48.0,0.45714285714285713,3.0,meia praia,2. apartamento (2q),389604695,True,21,4.920000076293945
1158693871328965376,,0.0,0.0,,meia praia,3. apartamento (3q+),429795319,False,29,5.0
32249282,,0.0,0.0,,centro,2. apartamento (2q),148105677,False,8,5.0
1253418790143840292,,0.0,0.0,,tabuleiro dos oliveiras,2. apartamento (2q),653857333,True,16,5.0
732572931172602640,,63.0,0.6,3.0,alto sao bento,1. apartamento compacto (0-1q),166345971,True,12,4.860000133514404
1258886924686320546,,0.0,0.0,,meia praia,3. apartamento (3q+),10844239,True,47,5.0
787545869098587310,,0.0,0.0,,morretes,3. apartamento (3q+),10844239,True,52,5.0
1313728949277754767,,0.0,0.0,,morretes,2. apartamento (2q),650602517,False,10,5.0
800161522701036278,,0.0,0.0,,meia praia,3. apartamento (3q+),493784281,False,12,5.0
1260309948363472212,,0.0,0.0,,meia praia,3. apartamento (3q+),655505735,True,15,4.0
1202150668882366518,,0.0,0.0,,meia praia,3. apartamento (3q+),590013837,False,21,5.0
1188323084225041810,539.5898476591681,73.0,0.6952380952380952,4.0,centro,1. apartamento compacto (0-1q),227777128,True,37,4.860000133514404
1288295676440566087,,0.0,0.0,,meia praia,3. apartamento (3q+),263686250,True,44,5.0
41634696,502.1922295658501,84.0,0.8,4.0,sertaozinho,4. casa,323789095,True,9,4.590000152587891
1310100237992945017,,0.0,0.0,,meia praia,3. apartamento (3q+),661146047,True,41,5.0
1242896115291721538,,0.0,0.0,,tabuleiro dos oliveiras,2. apartamento (2q),435365117,True,26,5.0
47179602,,0.0,0.0,,meia praia,3. apartamento (3q+),232497028,True,37,4.880000114440918
1065385331423061988,,0.0,0.0,,centro,3. apartamento (3q+),158343441,False,9,5.0
39664483,,0.0,0.0,,centro,3. apartamento (3q+),304835914,True,38,5.0
40224344,,0.0,0.0,,meia praia,3. apartamento (3q+),105230015,True,9,4.900000095367432
1036329392471661752,,0.0,0.0,,centro,2. apartamento (2q),157832796,True,11,5.0
869504505210568410,1107.8125,80.0,0.7619047619047619,4.0,centro,2. apartamento (2q),66665025,True,36,5.0
42788291,596.875,54.0,0.5142857142857142,4.0,meia praia,3. apartamento (3q+),271799023,True,42,4.880000114440918
53402429,,0.0,0.0,,meia praia,3. apartamento (3q+),300576771,False,37,5.0
1085348408933830146,,0.0,0.0,,meia praia,2. apartamento (2q),150136635,False,7,5.0
40989500,,0.0,0.0,,meia praia,2. apartamento (2q),80578530,True,30,4.570000171661377
1058009712463559090,,0.0,0.0,,meia praia,3. apartamento (3q+),157399374,True,26,5.0
1048747479672054315,,0.0,0.0,,varzea,4. casa,194792368,True,4,5.0
1085437829031467755,,45.0,0.42857142857142855,3.0,centro,2. apartamento (2q),510683745,True,10,5.0
1043253170481639692,,0.0,0.0,,meia praia,3. apartamento (3q+),139897629,False,11,5.0
821920276390293366,689.3472222222222,48.0,0.45714285714285713,4.0,meia praia,3. apartamento (3q+),499850744,True,37,5.0
42335961,582.0758038258039,85.0,0.8095238095238095,4.0,meia praia,3. apartamento (3q+),176986182,True,18,4.940000057220459
1047178848339451053,,0.0,0.0,,meia praia,3. apartamento (3q+),237620710,True,10,5.0
1034834401690359958,,0.0,0.0,,meia praia,3. apartamento (3q+),190762057,False,8,5.0
46866680,545.8313552188552,67.0,0.638095238095238,4.0,meia praia,3. apartamento (3q+),69152415,True,18,5.0
820853852181749006,,0.0,0.0,,meia praia,3. apartamento (3q+),499816935,False,19,5.0
1313863643918666408,,0.0,0.0,,meia praia,4. casa,116123036,False,10,5.0
750175589738501274,,0.0,0.0,,centro,2. apartamento (2q),157832796,True,11,4.760000228881836
860105942454694413,,0.0,0.0,,meia praia,3. apartamento (3q+),272771814,False,7,5.0
777007864432486492,,0.0,0.0,,morretes,2. apartamento (2q),151161136,True,8,5.0
1241611184047961689,,0.0,0.0,,morretes,3. apartamento (3q+),297477604,True,36,5.0
1311575286815584867,862.9713622599847,82.0,0.780952380952381,4.0,tabuleiro dos oliveiras,2. apartamento (2q),567717951,True,34,5.0
41317188,,0.0,0.0,,meia praia,3. apartamento (3q+),115154732,True,48,5.0
799129875640532531,,0.0,0.0,,morretes,2. apartamento (2q),82744182,True,40,4.829999923706055
1315513068814871645,,0.0,0.0,,meia praia,2. apartamento (2q),565554149,False,22,5.0
743224710628329962,,0.0,0.0,,meia praia,3. apartamento (3q+),391178457,True,43,5.0
31530689,715.5657467532468,90.0,0.8571428571428571,4.0,meia praia,3. apartamento (3q+),95436178,True,42,4.920000076293945
1283539179400796224,,0.0,0.0,,ilhota,5. hotel/outros,308979138,False,13,5.0
1219633116101059428,,0.0,0.0,,meia praia,3. apartamento (3q+),542707216,True,38,4.0
52845343,,0.0,0.0,,meia praia,3. apartamento (3q+),383986002,True,11,4.0
1038203116924715165,,0.0,0.0,,morretes,3. apartamento (3q+),155781633,False,31,5.0
1161927707286622818,245.8975267984069,38.0,0.3619047619047619,4.0,centro,1. apartamento compacto (0-1q),76169718,True,59,5.0
1234728757158980090,,0.0,0.0,,meia praia,5. hotel/outros,55767125,True,8,5.0
1311664447955149186,,0.0,0.0,,centro,4. casa,13091719,False,9,5.0
1053132609735844516,,11.0,0.10476190476190476,2.0,meia praia,3. apartamento (3q+),489316663,True,36,4.940000057220459
757094479685829275,,0.0,0.0,,ilhota,4. casa,487151326,False,31,5.0
40036539,,0.0,0.0,,meia praia,3. apartamento (3q+),308769795,True,11,5.0
1254454356021024631,,0.0,0.0,,meia praia,3. apartamento (3q+),410449179,True,8,5.0
789721918071761297,,0.0,0.0,,meia praia,3. apartamento (3q+),231952365,False,9,5.0
1193414131980072087,700.259420289855,66.0,0.6285714285714286,4.0,centro,2. apartamento (2q),227777128,True,39,4.940000057220459
30493854,,41.0,0.3904761904761905,2.0,meia praia,3. apartamento (3q+),27896667,True,41,4.889999866485596
1285469358606844167,,0.0,0.0,,meia praia,2. apartamento (2q),547975081,True,21,5.0
6569062,742.0559299051755,104.0,0.9904761904761905,4.0,meia praia,3. apartamento (3q+),29487482,True,33,4.949999809265137
1033216780889607180,,0.0,0.0,,meia praia,3. apartamento (3q+),533844755,True,18,5.0
1072628338019760295,,0.0,0.0,,morretes,4. casa,147932755,False,7,5.0
1021276108598076840,,0.0,0.0,,centro,3. apartamento (3q+),108479878,True,13,5.0
1317468256413703561,,0.0,0.0,,meia praia,2. apartamento (2q),207611093,False,12,5.0
1313081625949535881,,0.0,0.0,,meia praia,3. apartamento (3q+),253965768,False,15,5.0
27582707,,0.0,0.0,,centro,3. apartamento (3q+),100030125,True,16,5.0
1320624753089882960,,0.0,0.0,,meia praia,3. apartamento (3q+),225082922,False,7,5.0
23068512,,19.0,0.18095238095238095,2.0,meia praia,2. apartamento (2q),171259138,True,37,4.369999885559082
1304511705946860008,,0.0,0.0,,meia praia,5. hotel/outros,17686783,True,6,5.0
1293444541792116751,,0.0,0.0,,meia praia,2. apartamento (2q),417447381,False,6,5.0
719355891470345652,574.0724165521978,78.0,0.7428571428571429,4.0,meia praia,2. apartamento (2q),429150561,True,41,5.0
42716006,,0.0,0.0,,morretes,3. apartamento (3q+),175490464,False,50,5.0
53592128,,0.0,0.0,,meia praia,3. apartamento (3q+),423050816,True,19,5.0
52472131,700.0,87.0,0.8285714285714286,4.0,meia praia,2. apartamento (2q),229032494,True,32,4.840000152587891
46755580,,58.0,0.5523809523809524,2.0,casa branca,4. casa,343852764,True,30,4.909999847412109
679166677359467385,1185.176775911641,79.0,0.7523809523809524,4.0,meia praia,3. apartamento (3q+),108479878,True,7,5.0
1078220658917372961,,0.0,0.0,,meia praia,3. apartamento (3q+),19675791,True,52,5.0
15024197,,18.0,0.17142857142857143,2.0,centro,3. apartamento (3q+),45666257,True,21,4.75
813767688131518415,,0.0,0.0,,tabuleiro dos oliveiras,3. apartamento (3q+),498252978,True,11,4.400000095367432
41478160,,29.0,0.2761904761904762,3.0,meia praia,2. apartamento (2q),326499349,True,15,5.0
1285247632121491635,,0.0,0.0,,meia praia,5. hotel/outros,267606175,True,13,5.0
1290786375482543244,,0.0,0.0,,meia praia,5. hotel/outros,661146047,True,30,5.0
1312949509621922876,608.184331797235,86.0,0.819047619047619,4.0,morretes,2. apartamento (2q),227777128,True,32,5.0
16428654,,0.0,0.0,,meia praia,2. apartamento (2q),107701306,True,31,5.0
39526710,,0.0,0.0,,meia praia,2. apartamento (2q),227340794,True,23,5.0
21385106,,0.0,0.0,,meia praia,4. casa,154895292,False,13,5.0
53341411,,0.0,0.0,,meia praia,3. apartamento (3q+),49042224,True,12,5.0
1030192901291028628,,0.0,0.0,,meia praia,5. hotel/outros,99479169,False,29,5.0
42709234,741.9182987711213,97.0,0.9238095238095239,4.0,centro,3. apartamento (3q+),340165323,True,7,4.920000076293945
794707921952592251,152.36778846153845,48.0,0.45714285714285713,4.0,meia praia,5. hotel/outros,143336765,True,48,5.0
54365625,591.2669930875576,81.0,0.7714285714285715,4.0,ilhota,4. casa,440930162,True,34,4.300000190734863
982856823235292051,,0.0,0.0,,meia praia,2. apartamento (2q),108479878,False,10,5.0
1052990902614730585,,0.0,0.0,,meia praia,3. apartamento (3q+),231952365,False,33,5.0
49824103,,47.0,0.44761904761904764,3.0,meia praia,3. apartamento (3q+),235236091,True,45,4.929999828338623
813754730744989168,,0.0,0.0,,meia praia,3. apartamento (3q+),141510759,True,14,5.0
1218887739806247772,,0.0,0.0,,meia praia,3. apartamento (3q+),593474672,False,12,5.0
819022663873541571,,0.0,0.0,,morretes,4. casa,372708313,False,4,5.0
789278316021379910,,0.0,0.0,,meia praia,3. apartamento (3q+),269207574,False,11,5.0
1236158616387181504,,0.0,0.0,,morretes,2. apartamento (2q),597587200,True,39,5.0
1269654654426524175,,0.0,0.0,,centro,1. apartamento compacto (0-1q),484165208,True,33,5.0
53694042,,0.0,0.0,,meia praia,3. apartamento (3q+),256481618,True,6,5.0
1067320906990424780,,61.0,0.580952380952381,3.0,centro,3. apartamento (3q+),227777128,True,22,4.630000114440918
1294180665754421372,,0.0,0.0,,meia praia,3. apartamento (3q+),133991722,True,45,5.0
1318022005386763892,,0.0,0.0,,meia praia,1. apartamento compacto (0-1q),165255751,True,12,5.0
812862069113721900,,0.0,0.0,,meia praia,3. apartamento (3q+),498050823,True,12,5.0
1082133757143221839,,17.0,0.1619047619047619,2.0,meia praia,3. apartamento (3q+),559881238,True,28,5.0
1278469507626253077,,0.0,0.0,,centro,3. apartamento (3q+),420082385,False,12,5.0
1281958501821029308,,0.0,0.0,,meia praia,3. apartamento (3q+),660359513,False,9,5.0
1040735075345912084,,0.0,0.0,,meia praia,3. apartamento (3q+),21927304,False,10,5.0
1247920573551671393,,0.0,0.0,,meia praia,3. apartamento (3q+),144011166,False,32,5.0
812414122339223996,,0.0,0.0,,meia praia,3. apartamento (3q+),497964232,True,32,5.0
993394434817489229,,0.0,0.0,,meia praia,3. apartamento (3q+),50596828,True,39,5.0
1294874329939231631,,0.0,0.0,,centro,3. apartamento (3q+),498221257,False,17,5.0
980365989956218871,1487.7495967741934,73.0,0.6952380952380952,4.0,meia praia,3. apartamento (3q+),363007942,True,51,4.900000095367432
1290619438075027005,,0.0,0.0,,meia praia,3. apartamento (3q+),662328564,False,10,5.0
45350304,,79.0,0.7523809523809524,3.0,meia praia,3. apartamento (3q+),366616428,True,14,5.0
46926821,,0.0,0.0,,centro,2. apartamento (2q),243494106,True,17,4.880000114440918
762976491172050742,,0.0,0.0,,centro,3. apartamento (3q+),161496256,True,34,5.0
1322523528896072804,,0.0,0.0,,varzea,4. casa,594748975,False,11,5.0
1322539954309330702,,0.0,0.0,,meia praia,2. apartamento (2q),481819885,False,7,5.0
48331137,,0.0,0.0,,meia praia,4. casa,369663582,True,29,4.880000114440918
47782568,,0.0,0.0,,centro,4. casa,225008032,False,10,5.0
54047391,,0.0,0.0,,meia praia,3. apartamento (3q+),11727789,False,36,5.0
1301668070466138919,,0.0,0.0,,não informado,4. casa,257244034,False,17,5.0
1154469108917092944,,0.0,0.0,,meia praia,3. apartamento (3q+),169512508,True,9,4.0
1051583057257965748,,0.0,0.0,,meia praia,3. apartamento (3q+),28521333,True,13,5.0
1314733888543570386,,0.0,0.0,,morretes,2. apartamento (2q),454876442,False,31,5.0
53154219,637.9787637096774,87.0,0.8285714285714286,4.0,meia praia,2. apartamento (2q),430294957,True,45,4.849999904632568
52672896,,0.0,0.0,,tabuleiro dos oliveiras,4. casa,420868066,False,11,5.0
1056050804223218242,,0.0,0.0,,meia praia,3. apartamento (3q+),553011833,False,6,5.0
19766116,,0.0,0.0,,meia praia,3. apartamento (3q+),88653610,False,16,5.0
552083532240233859,,0.0,0.0,,meia praia,2. apartamento (2q),239268146,False,26,5.0
46098049,,0.0,0.0,,centro,3. apartamento (3q+),230026059,True,12,5.0
991285268208008087,,0.0,0.0,,meia praia,3. apartamento (3q+),539554242,False,9,5.0
782734966853311782,797.6612903225806,79.0,0.7523809523809524,4.0,meia praia,3. apartamento (3q+),271139340,True,36,5.0
1288058186413244472,,0.0,0.0,,centro,5. hotel/outros,486812874,False,11,5.0
40225576,,0.0,0.0,,meia praia,3. apartamento (3q+),105230015,False,10,5.0
1305130414883751759,,0.0,0.0,,morretes,2. apartamento (2q),574109024,True,16,4.0
807362268619601978,,0.0,0.0,,meia praia,2. apartamento (2q),187547742,True,8,5.0
1301654152186584161,,0.0,0.0,,casa branca,2. apartamento (2q),133449117,True,44,5.0
48094294,,0.0,0.0,,centro,2. apartamento (2q),263491134,True,35,4.96999979019165
1088583802794691728,,0.0,0.0,,meia praia,3. apartamento (3q+),552906194,True,36,4.800000190734863
1207335703563012811,434.87085253456223,82.0,0.780952380952381,4.0,centro,1. apartamento compacto (0-1q),227777128,True,30,5.0
1275408256366937393,,0.0,0.0,,meia praia,3. apartamento (3q+),176856095,False,25,5.0
41926345,,0.0,0.0,,meia praia,3. apartamento (3q+),153666636,True,15,5.0
1033202997223117530,,29.0,0.2761904761904762,3.0,meia praia,3. apartamento (3q+),472903083,True,51,5.0
52536443,,26.0,0.24761904761904763,2.0,centro,2. apartamento (2q),160830266,True,49,5.0
30271062,527.5388824884792,76.0,0.7238095238095238,4.0,meia praia,2. apartamento (2q),58608265,True,11,5.0
1313285672926322461,,0.0,0.0,,meia praia,3. apartamento (3q+),234165177,False,14,5.0
37148632,,0.0,0.0,,meia praia,2. apartamento (2q),240079780,True,21,5.0
753462768477570402,,0.0,0.0,,meia praia,3. apartamento (3q+),479769003,True,24,5.0
1284704260167117937,,0.0,0.0,,meia praia,3. apartamento (3q+),158524919,False,39,5.0
31069380,,21.0,0.2,3.0,meia praia,3. apartamento (3q+),66858411,True,12,4.840000152587891
784671558918539992,,0.0,0.0,,ilhota,2. apartamento (2q),229628180,True,39,5.0
1194934061037707415,,0.0,0.0,,meia praia,3. apartamento (3q+),309350590,False,10,5.0
1193496259129259761,695.7207949308756,86.0,0.819047619047619,4.0,centro,2. apartamento (2q),227777128,True,35,4.769999980926514
1156649912857014385,,0.0,0.0,,tabuleiro dos oliveiras,2. apartamento (2q),575286044,True,8,5.0
1051258841276296327,,0.0,0.0,,sertaozinho,4. casa,230028362,False,42,5.0
40675590,,0.0,0.0,,meia praia,2. apartamento (2q),161956442,True,31,4.829999923706055
835592468124655281,,0.0,0.0,,meia praia,3. apartamento (3q+),13438026,True,42,5.0
1316630486457857640,,0.0,0.0,,leopoldo zarling,4. casa,412574345,False,19,5.0
970832114891296635,,0.0,0.0,,meia praia,3. apartamento (3q+),291857415,True,12,4.670000076293945
1217995628954539177,,0.0,0.0,,meia praia,3. apartamento (3q+),593474672,False,17,5.0
1315531524716923051,,0.0,0.0,,morretes,2. apartamento (2q),667850179,False,30,5.0
1061820958506073620,,0.0,0.0,,morretes,4. casa,20614599,True,26,3.0
1310804213962211160,,0.0,0.0,,meia praia,5. hotel/outros,366479318,True,8,5.0
1306477586777971034,,0.0,0.0,,centro,1. apartamento compacto (0-1q),663373020,True,4,1.5
1297930815921503919,899.1125707413696,76.0,0.7238095238095238,4.0,meia praia,3. apartamento (3q+),227777128,True,30,5.0
1315912442862954203,,0.0,0.0,,centro,3. apartamento (3q+),371369304,False,8,5.0
983414023585763213,,0.0,0.0,,meia praia,3. apartamento (3q+),381960524,True,32,4.0
46878566,518.9074551297599,81.0,0.7714285714285715,4.0,centro,3. apartamento (3q+),96224012,True,24,4.800000190734863
639216644351145145,,16.0,0.1523809523809524,2.0,meia praia,3. apartamento (3q+),421185794,True,27,4.96999979019165
1302839171498608412,,0.0,0.0,,meia praia,2. apartamento (2q),55767125,False,8,5.0
1154338348449938646,,0.0,0.0,,meia praia,3. apartamento (3q+),169512508,True,8,5.0
995680028058206783,3520.373913043478,96.0,0.9142857142857143,4.0,sertaozinho,4. casa,378326074,True,12,5.0
47085905,,0.0,0.0,,meia praia,3. apartamento (3q+),120964560,True,10,5.0
46769078,872.1322432692308,93.0,0.8857142857142857,4.0,meia praia,3. apartamento (3q+),236629473,True,41,4.920000076293945
46415101,,0.0,0.0,,centro,3. apartamento (3q+),82821456,False,9,5.0
1008029204257210230,,68.0,0.6476190476190476,3.0,morretes,4. casa,437574735,True,45,5.0
1310082782435203083,,0.0,0.0,,morretes,2. apartamento (2q),368792502,False,24,5.0
1029680548639860402,,0.0,0.0,,meia praia,2. apartamento (2q),446240584,True,42,5.0
1065134681003546502,,0.0,0.0,,meia praia,3. apartamento (3q+),424262730,False,7,5.0
808211827218517461,,0.0,0.0,,centro,4. casa,487852718,False,15,5.0
31511990,477.81797235023043,86.0,0.819047619047619,4.0,sertaozinho,4. casa,236114644,True,41,4.920000076293945
3263701,,26.0,0.24761904761904763,2.0,meia praia,3. apartamento (3q+),10844679,True,29,4.900000095367432
1036973657081137421,,0.0,0.0,,meia praia,4. casa,230350086,True,32,5.0
1091935794941863945,,0.0,0.0,,tabuleiro dos oliveiras,2. apartamento (2q),553615061,True,29,4.5
1292799934684684325,,0.0,0.0,,morretes,2. apartamento (2q),357806736,True,12,4.5
1059514414382062471,,0.0,0.0,,meia praia,4. casa,553828902,False,6,5.0
914342944500490787,,42.0,0.4,3.0,meia praia,3. apartamento (3q+),157399374,True,30,5.0
1271708243637328092,,0.0,0.0,,meia praia,2. apartamento (2q),310441201,False,6,5.0
971928731932576105,,0.0,0.0,,meia praia,3. apartamento (3q+),231813214,True,33,5.0
40154354,,0.0,0.0,,tabuleiro dos oliveiras,4. casa,309967691,True,10,5.0
54005716,,43.0,0.4095238095238095,3.0,não informado,4. casa,240482946,True,38,4.860000133514404
1008683031872853246,,0.0,0.0,,morretes,1. apartamento compacto (0-1q),489737906,False,7,5.0
747912914608461204,,0.0,0.0,,centro,1. apartamento compacto (0-1q),157832796,True,10,4.889999866485596
41003097,,0.0,0.0,,centro,3. apartamento (3q+),307148021,True,18,4.800000190734863
1252125533407651217,,0.0,0.0,,meia praia,1. apartamento compacto (0-1q),163555140,True,5,4.440000057220459
36522641,,0.0,0.0,,meia praia,5. hotel/outros,142978320,True,19,5.0
809367412763646767,,0.0,0.0,,centro,3. apartamento (3q+),173569929,True,33,5.0
812231708820863156,693.581989516129,58.0,0.5523809523809524,4.0,meia praia,3. apartamento (3q+),120608403,True,38,4.789999961853027
566707730118397749,,0.0,0.0,,meia praia,3. apartamento (3q+),104163128,True,21,5.0
1236367599770739400,548.3409090909091,59.0,0.5619047619047619,4.0,centro,1. apartamento compacto (0-1q),426472149,True,51,4.730000019073486
1308003456066797841,,0.0,0.0,,morretes,2. apartamento (2q),265350197,False,9,5.0
31278015,,56.0,0.5333333333333333,3.0,meia praia,3. apartamento (3q+),180302094,True,14,4.429999828338623
1031191506375669051,,0.0,0.0,,meia praia,3. apartamento (3q+),547850934,True,53,5.0
45517303,,0.0,0.0,,meia praia,3. apartamento (3q+),126768209,False,40,5.0
737760644809418314,,0.0,0.0,,meia praia,3. apartamento (3q+),473067500,True,35,5.0
53607249,,0.0,0.0,,morretes,4. casa,386092077,False,2,5.0
1063936355834013905,,0.0,0.0,,meia praia,2. apartamento (2q),332706861,True,8,5.0
1163772289534164479,1884.9668394471028,68.0,0.6476190476190476,4.0,tabuleiro dos oliveiras,4. casa,558894521,False,12,5.0
1279731808250758754,,0.0,0.0,,meia praia,3. apartamento (3q+),531099573,True,20,5.0
1305082121510545689,,0.0,0.0,,meia praia,3. apartamento (3q+),225143660,False,9,5.0
45799853,,0.0,0.0,,meia praia,3. apartamento (3q+),272771814,True,12,5.0
54245203,,23.0,0.21904761904761905,2.0,meia praia,2. apartamento (2q),103191161,True,32,5.0
54121960,,0.0,0.0,,centro,4. casa,378674365,True,15,5.0
1204454853527055622,,0.0,0.0,,centro,2. apartamento (2q),169848306,False,6,5.0
782559978621505317,,0.0,0.0,,meia praia,3. apartamento (3q+),489737906,False,6,5.0
1318181328167496741,,0.0,0.0,,meia praia,3. apartamento (3q+),115900186,False,17,5.0
1269694477126575844,,0.0,0.0,,meia praia,3. apartamento (3q+),385831829,False,12,5.0
674436738710449390,,0.0,0.0,,meia praia,3. apartamento (3q+),272771814,False,9,5.0
52389439,,0.0,0.0,,meia praia,3. apartamento (3q+),324955349,True,26,4.199999809265137
684782448665574114,,60.0,0.5714285714285714,3.0,meia praia,3. apartamento (3q+),414476763,True,34,5.0
1213148995463463836,,0.0,0.0,,centro,3. apartamento (3q+),593370025,False,9,5.0
1272502770404015005,,0.0,0.0,,centro,3. apartamento (3q+),245194685,True,64,5.0
1260073533686146608,418.040136968766,76.0,0.7238095238095238,4.0,centro,1. apartamento compacto (0-1q),227777128,True,33,4.75
1274015792781197810,,0.0,0.0,,meia praia,1. apartamento compacto (0-1q),237620710,False,11,5.0
52004286,,0.0,0.0,,meia praia,3. apartamento (3q+),93488552,True,47,5.0
40787998,,0.0,0.0,,meia praia,3. apartamento (3q+),310877946,True,25,4.5
793246241627200685,,0.0,0.0,,meia praia,3. apartamento (3q+),201183053,True,6,5.0
1133932269450120171,,0.0,0.0,,meia praia,3. apartamento (3q+),169512508,True,7,5.0
21699605,,0.0,0.0,,varzea,4. casa,157968114,True,28,4.800000190734863
53656846,208.61111111111111,43.0,0.4095238095238095,4.0,alto sao bento,4. casa,101949914,True,38,4.849999904632568
797722066235281360,,0.0,0.0,,meia praia,2. apartamento (2q),428028736,True,38,4.860000133514404
1263782720733351995,,0.0,0.0,,morretes,2. apartamento (2q),570897948,True,48,5.0
29381085,,0.0,0.0,,meia praia,3. apartamento (3q+),221339864,True,27,5.0
1311540500191796195,,0.0,0.0,,meia praia,4. casa,239069600,False,10,5.0
27910707,1383.7407688523438,81.0,0.7714285714285715,4.0,centro,3. apartamento (3q+),115337089,True,39,4.699999809265137
1015080872303225543,,0.0,0.0,,meia praia,3. apartamento (3q+),329341944,False,11,5.0
994076973483968863,,0.0,0.0,,meia praia,3. apartamento (3q+),398749167,False,53,5.0
34540951,642.3631404174573,70.0,0.6666666666666666,4.0,meia praia,3. apartamento (3q+),244081776,True,28,4.869999885559082
39685785,,73.0,0.6952380952380952,3.0,meia praia,2. apartamento (2q),290793972,True,31,4.940000057220459
1054385333060053857,,0.0,0.0,,meia praia,3. apartamento (3q+),260065519,True,23,5.0
1056705534360824584,,0.0,0.0,,leopoldo zarling,2. apartamento (2q),56028705,True,8,5.0
1033984637023835889,,0.0,0.0,,tabuleiro dos oliveiras,2. apartamento (2q),25087975,True,19,5.0
53626390,,0.0,0.0,,morretes,4. casa,51648546,True,36,4.25
1296983037723953398,,0.0,0.0,,morretes,2. apartamento (2q),663683163,False,8,5.0
749344853179480854,,0.0,0.0,,meia praia,3. apartamento (3q+),439409703,True,35,5.0
39642773,,46.0,0.4380952380952381,3.0,meia praia,4. casa,225090146,True,46,4.889999866485596
43712530,,21.0,0.2,1.0,meia praia,3. apartamento (3q+),59078946,True,36,5.0
1304612026867668918,,0.0,0.0,,centro,2. apartamento (2q),491315588,False,19,5.0
30519162,3900.0,91.0,0.8666666666666667,4.0,canto da praia,4. casa,229022288,True,25,5.0
693024169316156606,,44.0,0.41904761904761906,3.0,meia praia,2. apartamento (2q),284732986,True,39,4.71999979019165
957950897214975049,,0.0,0.0,,meia praia,2. apartamento (2q),40876651,False,10,5.0
36554147,,0.0,0.0,,meia praia,3. apartamento (3q+),178410302,True,7,5.0
1287046665405488954,,0.0,0.0,,meia praia,3. apartamento (3q+),661460684,False,8,5.0
612245203931813020,821.1936274509804,66.0,0.6285714285714286,4.0,meia praia,3. apartamento (3q+),120391588,True,36,4.920000076293945
789912809555624056,,0.0,0.0,,centro,2. apartamento (2q),231644904,True,11,5.0
29008738,632.0490196078431,56.0,0.5333333333333333,4.0,meia praia,3. apartamento (3q+),157642052,True,30,5.0
1318818089883482536,,0.0,0.0,,meia praia,3. apartamento (3q+),265350197,False,9,5.0
1242871998993315064,,0.0,0.0,,ilhota,5. hotel/outros,299044780,False,9,5.0
47421617,,36.0,0.34285714285714286,2.0,centro,2. apartamento (2q),160830266,True,37,4.710000038146973
41008210,,0.0,0.0,,varzea,3. apartamento (3q+),276024040,False,8,5.0
1090733476410044804,,0.0,0.0,,meia praia,3. apartamento (3q+),227986388,False,18,5.0
1085490619549830143,,0.0,0.0,,morretes,2. apartamento (2q),288150577,False,6,5.0
999306668153709930,,0.0,0.0,,areal,4. casa,423744867,True,25,5.0
1287239325712001279,,0.0,0.0,,morretes,4. casa,192165069,False,26,5.0
769009482417170004,573.8542434715821,75.0,0.7142857142857143,4.0,morretes,1. apartamento compacto (0-1q),222410401,True,22,4.940000057220459
1248660750160789330,,0.0,0.0,,meia praia,2. apartamento (2q),261384905,False,8,5.0
23299596,,36.0,0.34285714285714286,3.0,meia praia,2. apartamento (2q),154361388,True,43,4.920000076293945
39394196,,23.0,0.21904761904761905,2.0,meia praia,3. apartamento (3q+),302592772,True,23,4.809999942779541
1318901720877311421,,0.0,0.0,,meia praia,3. apartamento (3q+),419313247,False,10,5.0
18271241,,0.0,0.0,,centro,3. apartamento (3q+),126304434,True,23,5.0
1062615116593634676,472.1759259259259,66.0,0.6285714285714286,4.0,meia praia,1. apartamento compacto (0-1q),554715306,True,14,5.0
772603331815027558,,0.0,0.0,,morretes,2. apartamento (2q),489890650,True,25,4.880000114440918
1299993566911510318,,0.0,0.0,,morretes,2. apartamento (2q),664408750,False,9,5.0
627388721154300829,,26.0,0.24761904761904763,3.0,meia praia,3. apartamento (3q+),111105267,True,37,4.869999885559082
47260862,583.3661764705882,44.0,0.41904761904761906,4.0,meia praia,2. apartamento (2q),302395914,True,35,5.0
572272775213205053,,0.0,0.0,,meia praia,3. apartamento (3q+),127820111,False,12,5.0
1285199189393260516,,0.0,0.0,,meia praia,5. hotel/outros,267606175,True,13,5.0
1015304393044543814,,0.0,0.0,,meia praia,2. apartamento (2q),542484669,True,7,5.0
51983017,,29.0,0.2761904761904762,3.0,meia praia,2. apartamento (2q),103038239,True,21,5.0
819381309416209650,,0.0,0.0,,centro,5. hotel/outros,374172243,True,19,5.0
1043550848245840713,,0.0,0.0,,centro,3. apartamento (3q+),550380589,True,14,5.0
812846736460340062,,0.0,0.0,,meia praia,2. apartamento (2q),498045842,True,12,5.0
26026295,508.75,27.0,0.2571428571428571,4.0,meia praia,2. apartamento (2q),92121131,True,24,4.829999923706055
1130321847856689061,,0.0,0.0,,centro,2. apartamento (2q),560902874,False,9,5.0
1287797580550004400,,0.0,0.0,,morretes,3. apartamento (3q+),420212447,True,37,5.0
47195399,,0.0,0.0,,centro,3. apartamento (3q+),82821456,False,11,5.0
817864674334774461,,0.0,0.0,,morretes,2. apartamento (2q),430294957,True,13,5.0
1010979576759779598,,0.0,0.0,,meia praia,2. apartamento (2q),542484669,True,8,5.0
916052715744473224,,54.0,0.5142857142857142,2.0,meia praia,3. apartamento (3q+),158685866,True,25,4.920000076293945
557836705402909460,,0.0,0.0,,centro,3. apartamento (3q+),444160678,False,12,5.0
1218829864222330185,,0.0,0.0,,meia praia,3. apartamento (3q+),593474672,False,15,5.0
1034921048830735500,,0.0,0.0,,meia praia,3. apartamento (3q+),537607455,True,9,5.0
1057473437993563177,,0.0,0.0,,centro,4. casa,288338312,False,12,5.0
1082746592587689161,,44.0,0.41904761904761906,3.0,tabuleiro dos oliveiras,3. apartamento (3q+),104163128,True,24,5.0
1283595242224047629,,0.0,0.0,,meia praia,3. apartamento (3q+),157039479,False,9,5.0
39589039,,0.0,0.0,,meia praia,5. hotel/outros,304194186,True,17,4.949999809265137
45822839,461.9642857142857,78.0,0.7428571428571429,4.0,meia praia,2. apartamento (2q),101640501,True,42,5.0
30962064,,0.0,0.0,,morretes,3. apartamento (3q+),231350078,False,12,5.0
47117373,,0.0,0.0,,meia praia,2. apartamento (2q),272771814,False,10,5.0
1298263687321438249,,0.0,0.0,,meia praia,3. apartamento (3q+),659783763,False,12,5.0
578087513685013480,,0.0,0.0,,meia praia,3. apartamento (3q+),237620710,True,10,4.329999923706055
1005970354089765680,,0.0,0.0,,morretes,2. apartamento (2q),542484669,True,11,4.75
45382246,602.8557692307693,38.0,0.3619047619047619,4.0,centro,3. apartamento (3q+),80526805,True,31,4.630000114440918
39420557,,33.0,0.3142857142857143,3.0,meia praia,3. apartamento (3q+),296358509,True,26,5.0
1257997974424903579,,0.0,0.0,,meia praia,3. apartamento (3q+),654971828,True,10,5.0
1057917779583184658,,0.0,0.0,,tabuleiro dos oliveiras,4. casa,150637261,True,11,4.5
1036119511987614049,,0.0,0.0,,leopoldo zarling,2. apartamento (2q),492426050,True,45,5.0
1207383031689344642,653.5625,76.0,0.7238095238095238,4.0,centro,1. apartamento compacto (0-1q),227595936,True,11,4.880000114440918
52596621,861.1867741935483,104.0,0.9904761904761905,4.0,meia praia,3. apartamento (3q+),112652747,True,20,5.0
52938019,,0.0,0.0,,centro,2. apartamento (2q),211198643,False,17,5.0
1297766503358555668,,0.0,0.0,,meia praia,3. apartamento (3q+),110012306,False,11,5.0
1054996940106707859,,0.0,0.0,,meia praia,5. hotel/outros,240840442,True,38,5.0
1084894176510731700,,0.0,0.0,,meia praia,3. apartamento (3q+),265350197,False,12,5.0
978095320445301654,925.2406394009216,82.0,0.780952380952381,4.0,meia praia,3. apartamento (3q+),160909294,True,33,4.880000114440918
1079155643925534801,,0.0,0.0,,meia praia,2. apartamento (2q),553105537,True,35,5.0
1180542460797069093,,0.0,0.0,,meia praia,3. apartamento (3q+),118335243,False,8,5.0
1321186521312194375,,0.0,0.0,,ilhota,4. casa,654871080,False,31,5.0
975582815327685318,,0.0,0.0,,centro,2. apartamento (2q),486812874,True,51,5.0
18356021,,0.0,0.0,,meia praia,2. apartamento (2q),3720208,True,13,5.0
21734892,,68.0,0.6476190476190476,3.0,centro,3. apartamento (3q+),143699250,True,29,4.920000076293945
52884842,1900.0,89.0,0.8476190476190476,4.0,meia praia,3. apartamento (3q+),162454953,True,32,5.0
40885488,,0.0,0.0,,meia praia,2. apartamento (2q),318376849,True,14,4.860000133514404
1274231902997199249,,0.0,0.0,,tabuleiro dos oliveiras,2. apartamento (2q),486243603,True,13,5.0
38852725,556.076354679803,62.0,0.5904761904761905,4.0,meia praia,3. apartamento (3q+),152893116,True,23,4.980000019073486
1079736098275808115,,0.0,0.0,,meia praia,3. apartamento (3q+),558894521,False,11,5.0
1230592260568390825,,0.0,0.0,,morretes,3. apartamento (3q+),536971367,True,12,5.0
894058910721203586,,0.0,0.0,,meia praia,2. apartamento (2q),509905508,False,13,5.0
985716714802993034,,48.0,0.45714285714285713,2.0,morretes,2. apartamento (2q),537941346,True,16,5.0
52488813,,0.0,0.0,,meia praia,2. apartamento (2q),384242018,False,12,5.0
1300621791729361500,,0.0,0.0,,meia praia,2. apartamento (2q),107697812,False,19,5.0
53921179,,0.0,0.0,,meia praia,2. apartamento (2q),412583841,True,16,5.0
1277671971539993475,,30.0,0.2857142857142857,2.0,centro,1. apartamento compacto (0-1q),399732548,True,37,5.0
1264422313924262574,,0.0,0.0,,meia praia,3. apartamento (3q+),387956330,False,23,5.0
22231120,339.58108684331796,80.0,0.7619047619047619,4.0,ilhota,1. apartamento compacto (0-1q),73707795,True,23,4.96999979019165
1260289196704371121,,0.0,0.0,,meia praia,2. apartamento (2q),653206400,False,25,5.0
742262889162653132,,56.0,0.5333333333333333,3.0,sertaozinho,4. casa,439660269,True,62,4.710000038146973
1288267680714721244,,0.0,0.0,,meia praia,3. apartamento (3q+),201531634,True,20,5.0
802883982943734959,,0.0,0.0,,centro,2. apartamento (2q),25087975,True,19,4.539999961853027
1303950296514105598,,0.0,0.0,,meia praia,4. casa,489740039,True,7,5.0
1234840430009435266,,0.0,0.0,,centro,3. apartamento (3q+),161033971,False,13,5.0
1321134786322096510,715.3046530977983,88.0,0.8380952380952381,4.0,meia praia,3. apartamento (3q+),227777128,True,28,5.0
1024112378771520860,,0.0,0.0,,meia praia,2. apartamento (2q),497496739,True,33,5.0
1213260838122562030,,0.0,0.0,,meia praia,3. apartamento (3q+),117825422,True,9,5.0
1297364928111753376,,0.0,0.0,,meia praia,4. casa,537722359,False,6,5.0
18395333,,64.0,0.6095238095238096,3.0,meia praia,3. apartamento (3q+),47786100,True,27,4.980000019073486
1281987799901691070,,0.0,0.0,,meia praia,3. apartamento (3q+),659760043,False,19,5.0
813302717987803538,,0.0,0.0,,morretes,3. apartamento (3q+),323043033,True,22,5.0
53844708,,0.0,0.0,,meia praia,3. apartamento (3q+),115900186,True,43,5.0
1248005355816094173,,0.0,0.0,,meia praia,1. apartamento compacto (0-1q),133991722,True,38,5.0
38957661,644.375,55.0,0.5238095238095238,4.0,meia praia,3. apartamento (3q+),163733499,True,26,4.829999923706055
1308037006040980456,,0.0,0.0,,meia praia,3. apartamento (3q+),265350197,False,9,5.0
756694136313805463,,0.0,0.0,,meia praia,2. apartamento (2q),111997454,True,37,5.0
46430300,,0.0,0.0,,meia praia,3. apartamento (3q+),157399374,True,32,4.630000114440918
742766346462755065,,0.0,0.0,,meia praia,3. apartamento (3q+),157399374,True,33,5.0
1164552650830621688,,0.0,0.0,,tabuleiro dos oliveiras,2. apartamento (2q),273331651,False,12,5.0
1044774243475398494,,0.0,0.0,,meia praia,3. apartamento (3q+),180734120,False,28,5.0
906701409648697471,,57.0,0.5428571428571428,3.0,meia praia,2. apartamento (2q),320881853,True,15,4.960000038146973
31925849,,0.0,0.0,,tabuleiro dos oliveiras,2. apartamento (2q),43837176,True,43,5.0
645112019862188003,,0.0,0.0,,casa branca,1. apartamento compacto (0-1q),130014999,True,34,5.0
21688662,,0.0,0.0,,meia praia,3. apartamento (3q+),153857738,True,25,4.829999923706055
1012914270479739624,,0.0,0.0,,meia praia,3. apartamento (3q+),279727490,True,8,5.0
1048767660487985763,,0.0,0.0,,morretes,4. casa,551435889,True,13,4.820000171661377
46678933,750.028801843318,97.0,0.9238095238095239,4.0,meia praia,3. apartamento (3q+),319660499,True,25,5.0
35896017,,0.0,0.0,,meia praia,3. apartamento (3q+),261385315,True,32,4.599999904632568
31945494,,70.0,0.6666666666666666,3.0,meia praia,3. apartamento (3q+),239512859,True,37,4.78000020980835
1263803469330656434,,0.0,0.0,,morretes,4. casa,547814046,False,7,5.0
46120204,,0.0,0.0,,centro,3. apartamento (3q+),82821456,False,9,5.0
1137698308528017474,,53.0,0.5047619047619047,3.0,meia praia,3. apartamento (3q+),227777128,True,23,5.0
1278219253454093437,,0.0,0.0,,ilhota,4. casa,657495061,False,4,5.0
44425260,496.9647465437788,66.0,0.6285714285714286,4.0,meia praia,2. apartamento (2q),240428142,True,42,5.0
41590719,414.0133304195804,73.0,0.6952380952380952,4.0,meia praia,2. apartamento (2q),47311819,True,30,4.929999828338623
1059689073308729902,,0.0,0.0,,meia praia,3. apartamento (3q+),245557179,True,13,5.0
1045592510645908121,495.90694789081886,65.0,0.6190476190476191,4.0,meia praia,2. apartamento (2q),492054528,True,29,5.0
38352359,,0.0,0.0,,meia praia,3. apartamento (3q+),88653610,False,6,5.0
1014245162199655907,,43.0,0.4095238095238095,2.0,meia praia,2. apartamento (2q),544216800,True,59,5.0
994292568172885563,,0.0,0.0,,meia praia,3. apartamento (3q+),154687772,True,21,5.0
985445004274818605,175.59375,59.0,0.5619047619047619,4.0,centro,5. hotel/outros,245812049,True,23,5.0
844800658968351642,,0.0,0.0,,meia praia,2. apartamento (2q),158051176,False,14,5.0
1236383802418159158,,0.0,0.0,,centro,3. apartamento (3q+),161033971,False,13,5.0
1049417084065072931,,12.0,0.11428571428571428,1.0,morretes,2. apartamento (2q),87293045,True,30,4.920000076293945
558688446887987054,,0.0,0.0,,meia praia,2. apartamento (2q),12901059,True,13,5.0
763934971339235397,,0.0,0.0,,meia praia,3. apartamento (3q+),125617972,False,10,5.0
28075525,,36.0,0.34285714285714286,3.0,meia praia,2. apartamento (2q),157399374,True,32,4.949999809265137
1298562926447923365,,0.0,0.0,,meia praia,3. apartamento (3q+),51178857,True,17,5.0
1275427906090524686,,0.0,0.0,,meia praia,3. apartamento (3q+),176856095,False,25,5.0
25165914,638.0241935483871,87.0,0.8285714285714286,4.0,meia praia,3. apartamento (3q+),190164451,True,41,4.869999885559082
1055716308181774403,,0.0,0.0,,meia praia,3. apartamento (3q+),231952365,False,7,5.0
1314490210747015838,,0.0,0.0,,meia praia,3. apartamento (3q+),667610809,False,11,5.0
52346232,707.0246710526316,59.0,0.5619047619047619,4.0,meia praia,3. apartamento (3q+),423212079,True,41,4.769999980926514
963042790535185786,,0.0,0.0,,meia praia,3. apartamento (3q+),159561676,False,9,5.0
52631337,,0.0,0.0,,meia praia,3. apartamento (3q+),382654895,False,9,5.0
1275438702868996889,,0.0,0.0,,meia praia,3. apartamento (3q+),176856095,False,25,5.0
1269673046236940316,,0.0,0.0,,tabuleiro dos oliveiras,1. apartamento compacto (0-1q),316784417,True,9,5.0
1314370720286994140,,0.0,0.0,,meia praia,2. apartamento (2q),25984866,True,9,4.5
45184991,,62.0,0.5904761904761905,3.0,meia praia,2. apartamento (2q),25984866,True,23,4.809999942779541
1281818291072548406,,0.0,0.0,,tabuleiro dos oliveiras,3. apartamento (3q+),660315241,False,25,5.0
826617189908528565,496.5166484457478,65.0,0.6190476190476191,4.0,meia praia,1. apartamento compacto (0-1q),426472149,True,64,4.980000019073486
1261679737070113049,,0.0,0.0,,morretes,3. apartamento (3q+),369655406,False,6,5.0
1217470918331727563,,0.0,0.0,,morretes,3. apartamento (3q+),239641571,True,9,5.0
1021213325133142438,,0.0,0.0,,meia praia,3. apartamento (3q+),99057990,True,47,5.0
1322561950499910054,,0.0,0.0,,meia praia,5. hotel/outros,11695736,True,23,5.0
1260168365000200268,,0.0,0.0,,casa branca,2. apartamento (2q),114742068,True,12,5.0
1318447214795137369,,0.0,0.0,,meia praia,3. apartamento (3q+),306026832,True,48,5.0
986565062867231257,238.92857142857144,89.0,0.8476190476190476,4.0,meia praia,5. hotel/outros,142707286,True,51,4.78000020980835
1309698166479736430,,0.0,0.0,,meia praia,4. casa,658653045,True,5,4.0
1282139756826405251,,0.0,0.0,,meia praia,3. apartamento (3q+),430166147,True,23,5.0
1320358322541383975,,0.0,0.0,,meia praia,3. apartamento (3q+),401547557,False,8,5.0
578367085112487086,,0.0,0.0,,meia praia,3. apartamento (3q+),441988449,True,41,5.0
771187443060599954,,0.0,0.0,,meia praia,2. apartamento (2q),489642370,False,26,5.0
762112217871324562,554.5131892040149,61.0,0.580952380952381,4.0,meia praia,3. apartamento (3q+),309350590,True,40,4.929999828338623
48624860,,18.0,0.17142857142857143,3.0,meia praia,2. apartamento (2q),157538002,True,40,4.920000076293945
1309282730638851817,,0.0,0.0,,meia praia,3. apartamento (3q+),175048572,False,28,5.0
1262263525005341905,,0.0,0.0,,meia praia,2. apartamento (2q),286746662,True,37,5.0
993784190944885340,,0.0,0.0,,morretes,2. apartamento (2q),318082457,True,11,4.329999923706055
29702211,,0.0,0.0,,meia praia,1. apartamento compacto (0-1q),156654379,False,17,5.0
1238305351064076526,,0.0,0.0,,meia praia,3. apartamento (3q+),650166020,False,8,5.0
47089646,,51.0,0.4857142857142857,3.0,centro,2. apartamento (2q),330683989,True,25,5.0
1242955426145195603,,0.0,0.0,,morretes,2. apartamento (2q),281798836,True,10,5.0
1323423731358115676,,0.0,0.0,,meia praia,2. apartamento (2q),281127168,False,7,5.0
969069474772479332,,0.0,0.0,,meia praia,3. apartamento (3q+),460032544,True,35,5.0
1258216896430964871,,0.0,0.0,,varzea,5. hotel/outros,166020592,True,12,5.0
1028404798591603585,,0.0,0.0,,meia praia,3. apartamento (3q+),152893116,True,10,5.0
1067501516559338603,,0.0,0.0,,centro,3. apartamento (3q+),556131046,True,43,4.800000190734863
46451253,660.7480687606112,71.0,0.6761904761904762,4.0,meia praia,3. apartamento (3q+),10844679,True,21,5.0
1322346605725910804,,0.0,0.0,,tabuleiro dos oliveiras,3. apartamento (3q+),232597970,True,23,5.0
41702158,,46.0,0.4380952380952381,3.0,meia praia,3. apartamento (3q+),180791982,True,86,4.949999809265137
8406738,,0.0,0.0,,meia praia,3. apartamento (3q+),24732528,True,25,5.0
772331709357403117,,0.0,0.0,,tabuleiro dos oliveiras,2. apartamento (2q),209755147,False,5,5.0
1101468395346870820,,0.0,0.0,,alto sao bento,2. apartamento (2q),272308900,True,10,5.0
1166024161283656882,,0.0,0.0,,morretes,2. apartamento (2q),305755270,True,25,4.5
838302443423866244,,0.0,0.0,,meia praia,3. apartamento (3q+),237620710,True,8,4.5
1318005433819873357,,0.0,0.0,,meia praia,3. apartamento (3q+),552105336,True,18,5.0
48586673,,0.0,0.0,,meia praia,3. apartamento (3q+),319227148,True,24,4.5
1316845629569930348,,0.0,0.0,,meia praia,3. apartamento (3q+),462857152,False,13,5.0
1179028133738930790,,0.0,0.0,,meia praia,3. apartamento (3q+),434380326,True,22,5.0
30560948,925.8028564516129,85.0,0.8095238095238095,4.0,meia praia,3. apartamento (3q+),229276388,True,41,5.0
1262221626757341454,,0.0,0.0,,meia praia,3. apartamento (3q+),655913014,False,2,5.0
1057161824486456028,,0.0,0.0,,meia praia,2. apartamento (2q),379669641,False,8,5.0
39742353,,0.0,0.0,,meia praia,3. apartamento (3q+),298545921,True,11,4.0
1287918950331730915,,0.0,0.0,,meia praia,2. apartamento (2q),550084557,False,30,5.0
31461809,,0.0,0.0,,meia praia,2. apartamento (2q),221339864,True,13,5.0
771148377619364647,,0.0,0.0,,morretes,2. apartamento (2q),276868055,False,24,5.0
30098696,,10.0,0.09523809523809523,2.0,casa branca,4. casa,226154699,True,21,5.0
47370539,,0.0,0.0,,meia praia,3. apartamento (3q+),382426693,True,20,5.0
16730935,250.0,89.0,0.8476190476190476,4.0,meia praia,5. hotel/outros,74027937,True,28,5.0
1268755217310742256,,37.0,0.3523809523809524,3.0,meia praia,2. apartamento (2q),156159180,False,26,5.0
17020512,,0.0,0.0,,meia praia,4. casa,114146376,True,9,4.0
1315360582920911882,,0.0,0.0,,meia praia,3. apartamento (3q+),665547200,False,9,5.0
26895628,,40.0,0.38095238095238093,3.0,meia praia,3. apartamento (3q+),202322940,True,26,4.800000190734863
39051477,1603.5942786290323,92.0,0.8761904761904762,4.0,meia praia,3. apartamento (3q+),298545921,True,14,4.800000190734863
912678193847993947,300.4375,77.0,0.7333333333333333,4.0,meia praia,5. hotel/outros,142707286,True,57,4.800000190734863
1180630307742034711,,0.0,0.0,,meia praia,3. apartamento (3q+),580039978,False,41,5.0
52536959,,0.0,0.0,,meia praia,1. apartamento compacto (0-1q),8347337,True,40,4.960000038146973
1039827290604057739,,0.0,0.0,,sertaozinho,4. casa,449933936,False,6,5.0
40814808,,0.0,0.0,,tabuleiro dos oliveiras,2. apartamento (2q),316842971,True,35,4.929999828338623
1230581509934727899,,0.0,0.0,,meia praia,3. apartamento (3q+),176856095,False,14,5.0
1041586121627389560,,0.0,0.0,,meia praia,2. apartamento (2q),549239720,True,9,4.880000114440918
1303694953710431170,,0.0,0.0,,meia praia,2. apartamento (2q),157399374,True,8,5.0
23041328,,0.0,0.0,,centro,2. apartamento (2q),110419832,True,14,4.5
40324521,,0.0,0.0,,alto sao bento,2. apartamento (2q),159645951,True,19,4.860000133514404
24370755,,0.0,0.0,,meia praia,3. apartamento (3q+),183917202,True,26,5.0
46940585,,0.0,0.0,,meia praia,3. apartamento (3q+),378227749,True,28,5.0
45527458,,0.0,0.0,,meia praia,3. apartamento (3q+),279110147,True,33,5.0
686743101124580615,,27.0,0.2571428571428571,2.0,meia praia,3. apartamento (3q+),157399374,True,32,5.0
47387605,,0.0,0.0,,meia praia,3. apartamento (3q+),165888822,True,11,5.0
1320506628179287069,,0.0,0.0,,varzea,2. apartamento (2q),486812874,False,44,5.0
15449593,,0.0,0.0,,meia praia,2. apartamento (2q),22496850,True,17,5.0
1306687681362059790,,0.0,0.0,,meia praia,3. apartamento (3q+),665883278,False,9,5.0
771111761043546355,,75.0,0.7142857142857143,3.0,centro,2. apartamento (2q),167526733,True,10,4.940000057220459
1257301192999660879,,0.0,0.0,,meia praia,3. apartamento (3q+),115900186,True,8,5.0
31427838,,0.0,0.0,,meia praia,4. casa,164424847,True,15,4.909999847412109
1187558666042801587,638.0694688823721,71.0,0.6761904761904762,4.0,meia praia,3. apartamento (3q+),227777128,True,32,5.0
1284129114802328397,,0.0,0.0,,morretes,2. apartamento (2q),127056551,True,25,5.0
984162262021333882,,0.0,0.0,,tabuleiro dos oliveiras,2. apartamento (2q),395417377,True,26,5.0
783535222371747130,,0.0,0.0,,tabuleiro dos oliveiras,2. apartamento (2q),234523273,True,12,5.0
1211548624462491441,,0.0,0.0,,tabuleiro dos oliveiras,2. apartamento (2q),225934148,True,31,5.0
44369632,,12.0,0.11428571428571428,2.0,meia praia,3. apartamento (3q+),220836478,True,24,4.889999866485596
40192468,,0.0,0.0,,meia praia,2. apartamento (2q),310408468,False,6,5.0
41711386,,0.0,0.0,,morretes,2. apartamento (2q),302692995,True,14,4.5
1298618981190984695,,0.0,0.0,,centro,4. casa,126340158,True,25,5.0
777665901925870644,,0.0,0.0,,casa branca,2. apartamento (2q),490375097,False,17,5.0
41180369,,0.0,0.0,,meia praia,3. apartamento (3q+),314323322,True,17,4.0
47189324,,0.0,0.0,,meia praia,4. casa,381155155,True,18,4.75
912289388644419623,,0.0,0.0,,centro,3. apartamento (3q+),443106950,True,49,5.0
43725543,,0.0,0.0,,canto da praia,2. apartamento (2q),25984866,True,22,4.869999885559082
757145296838322326,,0.0,0.0,,varzea,4. casa,487162615,True,6,5.0
46125799,,0.0,0.0,,meia praia,2. apartamento (2q),141577297,True,29,5.0
1049492899701774782,,0.0,0.0,,leopoldo zarling,4. casa,252615315,True,6,4.670000076293945
22012670,,0.0,0.0,,centro,2. apartamento (2q),160740900,True,20,5.0
22334703,,0.0,0.0,,meia praia,2. apartamento (2q),163295485,True,17,4.900000095367432
31069793,,0.0,0.0,,alto sao bento,2. apartamento (2q),147971386,False,11,5.0
1244321708155572987,,0.0,0.0,,tabuleiro dos oliveiras,5. hotel/outros,334600171,True,4,5.0
1036816675692458820,,0.0,0.0,,meia praia,2. apartamento (2q),311796247,True,12,5.0
23183285,,0.0,0.0,,morretes,3. apartamento (3q+),172352844,True,29,5.0
39742606,,0.0,0.0,,centro,2. apartamento (2q),305459227,True,25,5.0
848026284913864380,,0.0,0.0,,meia praia,1. apartamento compacto (0-1q),151714702,True,37,5.0
51622696,,0.0,0.0,,meia praia,2. apartamento (2q),165032197,True,51,4.909999847412109
1201409710452164548,,0.0,0.0,,centro,3. apartamento (3q+),294003146,False,18,5.0
21103486,358.36469068996416,66.0,0.6285714285714286,4.0,meia praia,3. apartamento (3q+),150870032,True,17,5.0
718922870189236806,,29.0,0.2761904761904762,3.0,meia praia,3. apartamento (3q+),461891399,True,8,5.0
1292998668858218841,,0.0,0.0,,centro,3. apartamento (3q+),169848306,False,11,5.0
38450905,,0.0,0.0,,meia praia,3. apartamento (3q+),293117368,False,17,5.0
1060712096498828082,,0.0,0.0,,centro,3. apartamento (3q+),548382436,False,8,5.0
54127075,,0.0,0.0,,centro,2. apartamento (2q),176755776,True,13,4.329999923706055
1298818310970143614,,0.0,0.0,,alto sao bento,2. apartamento (2q),212961822,False,32,5.0
40371384,609.1702782123657,91.0,0.8666666666666667,4.0,centro,1. apartamento compacto (0-1q),137095078,True,57,4.829999923706055
745019684766017075,,0.0,0.0,,ilhota,4. casa,428654029,True,14,4.0
42432908,,0.0,0.0,,meia praia,3. apartamento (3q+),337768918,True,20,5.0
45440803,,0.0,0.0,,meia praia,2. apartamento (2q),63773778,True,22,5.0
52532833,,0.0,0.0,,meia praia,5. hotel/outros,8347337,True,45,4.949999809265137
39635217,,23.0,0.21904761904761905,3.0,meia praia,3. apartamento (3q+),84162292,True,19,4.960000038146973
52266549,624.1847826086956,77.0,0.7333333333333333,4.0,morretes,3. apartamento (3q+),419526733,True,17,4.789999961853027
22335276,715.4293973790324,67.0,0.638095238095238,4.0,canto da praia,4. casa,163299010,True,27,4.949999809265137
645748469386556791,,0.0,0.0,,meia praia,2. apartamento (2q),102769914,True,39,5.0
26334990,1250.8514567738791,67.0,0.638095238095238,4.0,meia praia,3. apartamento (3q+),16563569,True,26,5.0
648329222081796055,,0.0,0.0,,meia praia,3. apartamento (3q+),464015594,False,10,5.0
1305226101881285841,,0.0,0.0,,meia praia,3. apartamento (3q+),9147556,True,15,5.0
907860020131847972,,0.0,0.0,,meia praia,3. apartamento (3q+),496650927,True,56,5.0
1160156338263528718,,0.0,0.0,,meia praia,2. apartamento (2q),227735361,True,10,4.860000133514404
984679583983478210,,0.0,0.0,,centro,3. apartamento (3q+),475958056,True,47,4.0
1313743611935861864,,0.0,0.0,,meia praia,3. apartamento (3q+),179785485,False,9,5.0
45480718,,12.0,0.11428571428571428,3.0,meia praia,3. apartamento (3q+),365813520,True,14,4.760000228881836
21632405,547.3050353880494,53.0,0.5047619047619047,4.0,meia praia,3. apartamento (3q+),157399374,True,35,4.820000171661377
1055195186250667088,,0.0,0.0,,sertaozinho,4. casa,552771051,False,10,5.0
1310412582994767869,,0.0,0.0,,meia praia,3. apartamento (3q+),121774009,False,44,5.0
730553947980169722,,78.0,0.7428571428571429,3.0,centro,3. apartamento (3q+),165255751,True,56,5.0
618943952389206201,555.7708333333334,80.0,0.7619047619047619,4.0,meia praia,2. apartamento (2q),438301067,True,45,4.849999904632568
1285561344532150278,,0.0,0.0,,meia praia,3. apartamento (3q+),464564964,False,6,5.0
1284981847089242773,,0.0,0.0,,meia praia,5. hotel/outros,267606175,True,13,5.0
773292563863688188,,0.0,0.0,,meia praia,3. apartamento (3q+),115900186,True,38,5.0
1202917826991157371,,0.0,0.0,,meia praia,1. apartamento compacto (0-1q),272771814,False,8,5.0
1008731134339437868,,0.0,0.0,,jardim praiamar,2. apartamento (2q),20914817,True,7,5.0
1252773634193081756,,0.0,0.0,,morretes,5. hotel/outros,533915003,False,7,5.0
47173935,,0.0,0.0,,meia praia,3. apartamento (3q+),381068128,True,52,4.380000114440918
965310679168112589,,0.0,0.0,,não informado,4. casa,533685568,True,34,5.0
1153532104174311523,,0.0,0.0,,meia praia,3. apartamento (3q+),188281524,True,7,5.0
1320402709439398442,,0.0,0.0,,meia praia,1. apartamento compacto (0-1q),552886795,False,7,5.0
1018300485614755853,,0.0,0.0,,meia praia,3. apartamento (3q+),276573022,True,32,5.0
1312563450729289364,,0.0,0.0,,meia praia,2. apartamento (2q),16105306,False,33,5.0
766164030583614114,,0.0,0.0,,meia praia,3. apartamento (3q+),161956442,True,14,5.0
1086019092471404664,,0.0,0.0,,meia praia,3. apartamento (3q+),310441201,False,10,5.0
30565467,,0.0,0.0,,meia praia,3. apartamento (3q+),229276388,False,29,5.0
850675824952359571,,68.0,0.6476190476190476,3.0,meia praia,3. apartamento (3q+),25984866,True,7,4.699999809265137
1294288506319915333,,0.0,0.0,,meia praia,5. hotel/outros,165408593,False,16,5.0
1309600641888089989,,0.0,0.0,,meia praia,4. casa,666548894,False,11,5.0
1037613128798136930,,0.0,0.0,,meia praia,3. apartamento (3q+),355765406,True,12,5.0
1193657356522503551,,70.0,0.6666666666666666,3.0,meia praia,2. apartamento (2q),25984866,True,6,4.909999847412109
1271171762063321920,,56.0,0.5333333333333333,3.0,tabuleiro dos oliveiras,2. apartamento (2q),308538169,True,24,4.800000190734863
555873744201878598,,0.0,0.0,,morretes,4. casa,152796126,True,4,5.0
1295071326510448236,,0.0,0.0,,meia praia,3. apartamento (3q+),110012306,False,12,5.0
967444688785412612,,0.0,0.0,,meia praia,3. apartamento (3q+),192992782,True,7,4.829999923706055
54377443,,0.0,0.0,,centro,3. apartamento (3q+),227820025,True,20,5.0
1018371814895100871,,0.0,0.0,,centro,3. apartamento (3q+),235960821,False,17,5.0
1250296514468581240,,0.0,0.0,,meia praia,2. apartamento (2q),652475730,True,50,4.670000076293945
1084720251238906219,,0.0,0.0,,morretes,2. apartamento (2q),558714655,False,29,5.0
47006355,701.3965053763441,49.0,0.4666666666666667,4.0,meia praia,3. apartamento (3q+),231011747,True,17,4.929999828338623
1273221801010174650,,0.0,0.0,,meia praia,2. apartamento (2q),218983650,False,29,5.0
1321306938921369069,,0.0,0.0,,morretes,2. apartamento (2q),236312282,False,29,5.0
49319385,,0.0,0.0,,meia praia,3. apartamento (3q+),397869265,True,19,5.0
1181944920258781413,396.0748754608295,87.0,0.8285714285714286,4.0,centro,1. apartamento compacto (0-1q),227777128,True,29,4.710000038146973
22421016,,9.0,0.08571428571428572,1.0,centro,3. apartamento (3q+),164170709,True,53,5.0
1310816240553343879,,0.0,0.0,,meia praia,3. apartamento (3q+),385831829,False,10,5.0
1295079939671812701,,0.0,0.0,,meia praia,3. apartamento (3q+),110012306,False,11,5.0
1128116602558500719,,0.0,0.0,,meia praia,2. apartamento (2q),533239688,False,12,5.0
556460074386673858,,0.0,0.0,,meia praia,2. apartamento (2q),415855541,True,18,5.0
42270655,,74.0,0.7047619047619048,3.0,ilhota,4. casa,335855171,True,39,5.0
1293666152160540923,,0.0,0.0,,centro,5. hotel/outros,486812874,False,10,5.0
1302965025468577580,,0.0,0.0,,ilhota,3. apartamento (3q+),145304250,False,11,5.0
1053742591942561941,,0.0,0.0,,meia praia,4. casa,552442742,True,15,5.0
1187234746969372321,,0.0,0.0,,meia praia,2. apartamento (2q),554649176,True,7,5.0
51748356,,0.0,0.0,,meia praia,3. apartamento (3q+),419220820,True,35,5.0
1302895918066724548,,0.0,0.0,,meia praia,3. apartamento (3q+),10844239,False,24,5.0
775920674199312840,,0.0,0.0,,meia praia,3. apartamento (3q+),375302534,True,9,4.880000114440918
756997201912524343,980.0516673067076,97.0,0.9238095238095239,4.0,meia praia,3. apartamento (3q+),478564918,True,35,5.0
1233973103621276698,388.21905241935485,69.0,0.6571428571428571,4.0,centro,1. apartamento compacto (0-1q),227777128,True,38,4.909999847412109
1001609956545349845,,0.0,0.0,,meia praia,3. apartamento (3q+),481819885,False,22,5.0
615047829578571459,,0.0,0.0,,centro,1. apartamento compacto (0-1q),158051176,True,16,4.53000020980835
705021288668570277,,0.0,0.0,,tabuleiro dos oliveiras,2. apartamento (2q),180160342,True,32,5.0
1104929066968592881,,0.0,0.0,,centro,2. apartamento (2q),558894521,True,10,5.0
22827706,,0.0,0.0,,meia praia,2. apartamento (2q),168120538,False,12,5.0
1279044461346354503,,0.0,0.0,,meia praia,3. apartamento (3q+),572309409,True,7,5.0
22315910,,0.0,0.0,,centro,1. apartamento compacto (0-1q),110419832,True,19,5.0
38113842,,0.0,0.0,,morretes,5. hotel/outros,64180879,False,25,5.0
585600486114295795,,0.0,0.0,,meia praia,3. apartamento (3q+),444290112,True,11,5.0
18287935,,0.0,0.0,,centro,5. hotel/outros,112570505,True,26,4.300000190734863
826067818722968808,,0.0,0.0,,meia praia,3. apartamento (3q+),154065865,False,11,5.0
20563444,,0.0,0.0,,centro,1. apartamento compacto (0-1q),110419832,True,20,4.670000076293945
40810354,,0.0,0.0,,morretes,2. apartamento (2q),304829392,True,11,4.880000114440918
35767789,,0.0,0.0,,alto sao bento,2. apartamento (2q),269073821,True,57,4.849999904632568
1278434239537717744,,0.0,0.0,,meia praia,3. apartamento (3q+),476847056,False,7,5.0
21843744,,0.0,0.0,,centro,3. apartamento (3q+),159296280,True,27,5.0
31816034,,0.0,0.0,,meia praia,3. apartamento (3q+),238439929,False,11,5.0
994796114784603337,,0.0,0.0,,meia praia,2. apartamento (2q),227777128,True,22,4.5
1229995452750240854,,0.0,0.0,,morretes,2. apartamento (2q),5351312,False,37,5.0
38946788,,0.0,0.0,,morretes,2. apartamento (2q),70155917,True,30,4.679999828338623
23214098,,0.0,0.0,,meia praia,3. apartamento (3q+),172649857,True,10,5.0
998600982912211659,,0.0,0.0,,sertao do trombudo,4. casa,85969786,True,10,4.0
23069892,,0.0,0.0,,meia praia,3. apartamento (3q+),171165107,False,12,5.0
47377244,,0.0,0.0,,meia praia,3. apartamento (3q+),379944942,True,30,5.0
1266910757037580386,,0.0,0.0,,meia praia,3. apartamento (3q+),156626657,True,5,5.0
1034033746121638592,,0.0,0.0,,meia praia,3. apartamento (3q+),541793275,True,10,5.0
1318274454490112599,,0.0,0.0,,meia praia,2. apartamento (2q),666804273,False,6,5.0
994403341096621133,,0.0,0.0,,varzea,4. casa,226154699,True,21,5.0
549806805550927013,,0.0,0.0,,meia praia,3. apartamento (3q+),442491043,True,38,5.0
53151612,,0.0,0.0,,meia praia,2. apartamento (2q),339742405,True,30,4.559999942779541
51959579,,0.0,0.0,,meia praia,3. apartamento (3q+),420830358,True,11,5.0
959414535343481656,,0.0,0.0,,meia praia,2. apartamento (2q),25087975,True,14,4.670000076293945
38319706,543.3032956638616,80.0,0.7619047619047619,4.0,meia praia,3. apartamento (3q+),291390217,True,43,5.0
1030478175785283980,,0.0,0.0,,meia praia,3. apartamento (3q+),510357759,True,4,5.0
1115435634327773140,,0.0,0.0,,meia praia,3. apartamento (3q+),506019947,False,26,5.0
1311500882675820182,,0.0,0.0,,meia praia,3. apartamento (3q+),581578583,False,20,5.0
1023389334658101005,,0.0,0.0,,meia praia,3. apartamento (3q+),54884259,True,40,5.0
39007372,1100.0,95.0,0.9047619047619048,4.0,meia praia,3. apartamento (3q+),38116885,True,24,5.0
1321984354394968630,,0.0,0.0,,casa branca,2. apartamento (2q),391618865,False,7,5.0
546588792290672978,,0.0,0.0,,centro,4. casa,280075695,True,11,4.5
1074031328011239995,1688.913408773951,102.0,0.9714285714285714,4.0,varzea,4. casa,557843745,True,13,5.0
1258179878686783837,,0.0,0.0,,meia praia,3. apartamento (3q+),176856095,False,16,5.0
1291246324616435136,,0.0,0.0,,meia praia,2. apartamento (2q),314486988,False,13,5.0
1281078930772888849,,0.0,0.0,,morretes,2. apartamento (2q),532493938,True,10,5.0
52893238,,0.0,0.0,,meia praia,2. apartamento (2q),221196255,True,43,4.170000076293945
1302987753650132309,,0.0,0.0,,morretes,1. apartamento compacto (0-1q),7239415,False,50,5.0
1309599527866264203,,0.0,0.0,,meia praia,2. apartamento (2q),666548726,False,26,5.0
22421421,481.5810064935065,56.0,0.5333333333333333,4.0,morretes,4. casa,20614599,True,26,4.5
1308748861818243743,,0.0,0.0,,meia praia,2. apartamento (2q),370942948,True,11,5.0
47078621,,0.0,0.0,,tabuleiro dos oliveiras,2. apartamento (2q),379872198,True,14,1.3300000429153442
716036257834809292,,0.0,0.0,,meia praia,2. apartamento (2q),455792752,False,34,5.0
17636492,,0.0,0.0,,meia praia,5. hotel/outros,119948570,False,10,5.0
20564548,,0.0,0.0,,centro,1. apartamento compacto (0-1q),110419832,True,13,4.599999904632568
1293328099072796975,,0.0,0.0,,morretes,2. apartamento (2q),662853395,False,36,5.0
31055581,450.3571428571429,69.0,0.6571428571428571,4.0,meia praia,2. apartamento (2q),64678031,True,27,4.789999961853027
1288396705105036892,,0.0,0.0,,meia praia,3. apartamento (3q+),186121926,False,20,5.0
851583708882706195,,0.0,0.0,,meia praia,2. apartamento (2q),505354401,True,18,5.0
51669111,730.4085328052995,92.0,0.8761904761904762,4.0,meia praia,3. apartamento (3q+),115900186,True,42,5.0
43219070,,0.0,0.0,,centro,3. apartamento (3q+),93862579,False,44,5.0
964070954867493655,,0.0,0.0,,morretes,4. casa,378281635,False,26,5.0
49369605,,21.0,0.2,3.0,meia praia,3. apartamento (3q+),304099262,True,20,4.75
1287091404225131475,,0.0,0.0,,morretes,4. casa,655153811,True,10,5.0
1121119629124487182,,0.0,0.0,,meia praia,3. apartamento (3q+),466908044,False,14,5.0
1026215661270129106,,0.0,0.0,,centro,4. casa,507779866,False,24,5.0
1320461234111620167,,0.0,0.0,,centro,2. apartamento (2q),572421759,False,12,5.0
565007049956535379,,0.0,0.0,,meia praia,3. apartamento (3q+),108826867,False,9,5.0
1273978346654911748,,0.0,0.0,,meia praia,3. apartamento (3q+),658623428,False,10,5.0
1298806615338272948,,0.0,0.0,,varzea,4. casa,482668431,False,8,5.0
1303745304497797235,687.4376344086021,85.0,0.8095238095238095,4.0,centro,2. apartamento (2q),227777128,True,36,5.0
22256769,,0.0,0.0,,meia praia,3. apartamento (3q+),162638876,True,28,5.0
1282054508163337612,,0.0,0.0,,meia praia,3. apartamento (3q+),495310052,False,10,5.0
805113011312401573,,0.0,0.0,,tabuleiro dos oliveiras,2. apartamento (2q),268190293,True,49,5.0
23263225,,11.0,0.10476190476190476,2.0,centro,4. casa,173095913,True,32,4.829999923706055
783872089235137848,,0.0,0.0,,meia praia,2. apartamento (2q),491761651,False,36,5.0
995736596663603880,,0.0,0.0,,meia praia,2. apartamento (2q),466908044,False,20,5.0
1321895804777519579,,0.0,0.0,,morretes,2. apartamento (2q),323043033,True,9,5.0
40206592,,0.0,0.0,,meia praia,3. apartamento (3q+),926300,True,41,5.0
1260034133844415711,,0.0,0.0,,morretes,4. casa,178291235,True,13,5.0
44075219,,14.0,0.13333333333333333,1.0,centro,3. apartamento (3q+),346582211,True,30,4.880000114440918
833555693958083782,,0.0,0.0,,sertao do trombudo,4. casa,502527203,True,16,4.880000114440918
1224816621661733725,,0.0,0.0,,meia praia,2. apartamento (2q),652645866,True,9,4.0
1037603943717340020,,0.0,0.0,,meia praia,3. apartamento (3q+),534410716,False,7,5.0
38447436,1028.9751571009635,101.0,0.9619047619047619,4.0,meia praia,3. apartamento (3q+),108479878,True,19,4.840000152587891
1049994013491721443,,0.0,0.0,,meia praia,3. apartamento (3q+),551697198,False,16,5.0
1237848486830587998,,0.0,0.0,,meia praia,3. apartamento (3q+),204156283,True,12,4.889999866485596
1262950464625817477,,0.0,0.0,,centro,1. apartamento compacto (0-1q),566105040,False,8,5.0
951500285874726128,,0.0,0.0,,meia praia,3. apartamento (3q+),433162432,True,8,5.0
1283582813995831992,,0.0,0.0,,meia praia,2. apartamento (2q),510357759,True,14,4.5
26873476,,0.0,0.0,,meia praia,2. apartamento (2q),1271087,True,37,4.75
1261524695736463590,,0.0,0.0,,meia praia,3. apartamento (3q+),306812945,True,28,5.0
1274876170500024261,,0.0,0.0,,morretes,2. apartamento (2q),114688727,True,37,3.0
53441120,,0.0,0.0,,meia praia,2. apartamento (2q),399995881,False,6,5.0
31541759,,0.0,0.0,,meia praia,3. apartamento (3q+),230398122,True,42,5.0
1133364897470780635,,0.0,0.0,,centro,2. apartamento (2q),37612950,False,37,5.0
1201490155653993261,,0.0,0.0,,centro,3. apartamento (3q+),471823687,False,6,5.0
1282050147698373842,,0.0,0.0,,meia praia,5. hotel/outros,654847591,True,10,5.0
47855833,,0.0,0.0,,meia praia,3. apartamento (3q+),337453477,True,26,4.75
39950678,,0.0,0.0,,morretes,4. casa,261891527,True,36,4.960000038146973
1289867080242046287,,0.0,0.0,,meia praia,5. hotel/outros,73068144,True,16,4.75
43441094,,0.0,0.0,,centro,2. apartamento (2q),25984866,True,26,4.889999866485596
1218600854265897638,,0.0,0.0,,meia praia,3. apartamento (3q+),593474672,False,15,5.0
762192750283483456,,67.0,0.638095238095238,3.0,meia praia,2. apartamento (2q),96045548,True,43,4.929999828338623
1223099174702506799,,0.0,0.0,,meia praia,2. apartamento (2q),547841177,True,9,5.0
1216188241525756368,,0.0,0.0,,centro,2. apartamento (2q),594224321,True,11,5.0
37494985,893.5303295910138,84.0,0.8,4.0,meia praia,3. apartamento (3q+),274333034,True,39,4.639999866485596
805221578629069164,,0.0,0.0,,centro,3. apartamento (3q+),110598127,False,18,5.0
1315162730820536163,,0.0,0.0,,meia praia,5. hotel/outros,73068144,True,14,5.0
1128102078162234879,,0.0,0.0,,centro,2. apartamento (2q),234165177,False,17,5.0
949894318851817927,,0.0,0.0,,meia praia,3. apartamento (3q+),327796301,True,9,5.0
41769298,,71.0,0.6761904761904762,3.0,meia praia,3. apartamento (3q+),329978155,True,33,4.889999866485596
42527360,,0.0,0.0,,meia praia,3. apartamento (3q+),301901319,True,35,5.0
28958016,,0.0,0.0,,centro,3. apartamento (3q+),126304434,False,38,5.0
1248656038257883783,,0.0,0.0,,centro,3. apartamento (3q+),558894521,False,14,5.0
1288292864752049749,,0.0,0.0,,centro,3. apartamento (3q+),227595936,False,5,5.0
984219379080127366,,0.0,0.0,,meia praia,3. apartamento (3q+),432138676,True,38,5.0
1313869883300164343,,0.0,0.0,,morretes,2. apartamento (2q),323719770,True,9,5.0
36032020,,25.0,0.23809523809523808,3.0,meia praia,3. apartamento (3q+),262876896,True,39,4.840000152587891
1321076728123766231,,0.0,0.0,,meia praia,2. apartamento (2q),435937608,False,10,5.0
1029757990422384211,,0.0,0.0,,meia praia,3. apartamento (3q+),31533493,True,24,5.0
22383070,371.51893954545454,40.0,0.38095238095238093,4.0,meia praia,2. apartamento (2q),9506232,True,18,4.940000057220459
22421408,,0.0,0.0,,meia praia,3. apartamento (3q+),40414669,True,12,4.5
21605595,,0.0,0.0,,varzea,4. casa,156185272,True,11,4.0
794880766169017994,,0.0,0.0,,meia praia,3. apartamento (3q+),68856770,True,31,5.0
40057283,,0.0,0.0,,meia praia,3. apartamento (3q+),307294560,True,30,5.0
836343023846619973,,0.0,0.0,,sertao do trombudo,4. casa,487966867,False,9,5.0
38432798,,0.0,0.0,,meia praia,2. apartamento (2q),96045548,True,41,4.880000114440918
1262271601361528089,,0.0,0.0,,meia praia,2. apartamento (2q),497239104,True,15,5.0
1231939254045564459,,0.0,0.0,,morretes,1. apartamento compacto (0-1q),247426018,False,6,5.0
1225568795560230867,,0.0,0.0,,meia praia,1. apartamento compacto (0-1q),528087020,False,13,5.0
1010140406140977818,,0.0,0.0,,meia praia,5. hotel/outros,543436410,True,6,5.0
41703278,,0.0,0.0,,centro,3. apartamento (3q+),169664266,True,11,4.599999904632568
826789821972806468,,0.0,0.0,,meia praia,3. apartamento (3q+),80485834,False,9,5.0
613128893836820705,,0.0,0.0,,meia praia,5. hotel/outros,456021510,False,11,5.0
1317505783661437142,,0.0,0.0,,meia praia,3. apartamento (3q+),668264142,True,22,5.0
32640607,,0.0,0.0,,casa branca,2. apartamento (2q),232597970,True,21,4.829999923706055
29897264,,0.0,0.0,,meia praia,3. apartamento (3q+),120072236,False,22,5.0
52426754,,0.0,0.0,,meia praia,4. casa,54348143,True,38,4.949999809265137
676769560370165887,,0.0,0.0,,meia praia,2. apartamento (2q),61282268,True,36,5.0
45928238,,0.0,0.0,,morretes,2. apartamento (2q),372334210,True,39,5.0
53190433,888.4615384615385,39.0,0.37142857142857144,4.0,centro,3. apartamento (3q+),381365841,True,27,4.699999809265137
1011714999685071594,,28.0,0.26666666666666666,2.0,centro,3. apartamento (3q+),416640660,True,37,5.0
1314371507074480350,,0.0,0.0,,meia praia,5. hotel/outros,25984866,False,7,5.0
26839303,759.7722459821429,52.0,0.49523809523809526,4.0,meia praia,2. apartamento (2q),201531634,True,22,4.860000133514404
1282087116272475077,,0.0,0.0,,casa branca,2. apartamento (2q),87293045,True,37,5.0
50976657,,0.0,0.0,,meia praia,3. apartamento (3q+),412321216,True,10,4.75
1322470046665746144,,0.0,0.0,,sertaozinho,4. casa,665055953,False,8,5.0
1186293533585362679,,0.0,0.0,,meia praia,3. apartamento (3q+),15497138,True,12,4.849999904632568
1041429073806880783,,0.0,0.0,,meia praia,3. apartamento (3q+),328037091,False,15,5.0
53252171,,0.0,0.0,,morretes,4. casa,294386451,False,10,5.0
1060919690197765692,,0.0,0.0,,meia praia,3. apartamento (3q+),554250045,False,7,5.0
52517585,,0.0,0.0,,meia praia,2. apartamento (2q),272771814,False,13,5.0
1041944788019193143,,0.0,0.0,,meia praia,3. apartamento (3q+),162405981,False,7,5.0
51539313,,0.0,0.0,,meia praia,3. apartamento (3q+),384399952,True,42,4.989999771118164
1306710539582154841,,0.0,0.0,,meia praia,3. apartamento (3q+),115900186,False,20,5.0
977781796633174473,,0.0,0.0,,meia praia,3. apartamento (3q+),108479878,False,9,5.0
781945545678946313,,0.0,0.0,,meia praia,2. apartamento (2q),491454530,True,10,5.0
1269848772327595877,,0.0,0.0,,centro,5. hotel/outros,657701336,False,5,5.0
1312468821678162100,,0.0,0.0,,morretes,3. apartamento (3q+),667144011,False,7,5.0
28366360,753.5484307359308,67.0,0.638095238095238,4.0,meia praia,3. apartamento (3q+),214163257,True,19,4.880000114440918
1036310071218777420,,0.0,0.0,,meia praia,5. hotel/outros,40876651,False,15,5.0
1049346394602716663,,0.0,0.0,,meia praia,1. apartamento compacto (0-1q),388009725,True,8,5.0
750567808069508291,,0.0,0.0,,meia praia,3. apartamento (3q+),108479878,False,10,5.0
955651212281126836,,0.0,0.0,,morretes,4. casa,212260437,False,15,5.0
1002341236260011015,362.5,54.0,0.5142857142857142,4.0,morretes,2. apartamento (2q),114155924,True,14,4.909999847412109
53694666,,0.0,0.0,,meia praia,3. apartamento (3q+),220783521,False,22,5.0
46675618,,0.0,0.0,,meia praia,3. apartamento (3q+),157399374,True,29,4.75
1074159710127752616,,0.0,0.0,,tabuleiro dos oliveiras,2. apartamento (2q),553963596,False,7,5.0
1314599881514092715,,0.0,0.0,,morretes,2. apartamento (2q),244426670,True,10,5.0
1271073459230858712,,0.0,0.0,,centro,4. casa,657940996,False,6,5.0
1011083121010008565,,0.0,0.0,,centro,3. apartamento (3q+),309821176,False,28,5.0
29013812,,0.0,0.0,,meia praia,1. apartamento compacto (0-1q),144107545,False,14,5.0
1208921127809919555,,0.0,0.0,,meia praia,3. apartamento (3q+),544887536,False,32,5.0
1025974741530499489,,0.0,0.0,,centro,3. apartamento (3q+),301138659,False,29,5.0
1315836942597696816,,0.0,0.0,,meia praia,2. apartamento (2q),116665407,False,7,5.0
786307999394390316,643.8078747628083,72.0,0.6857142857142857,4.0,meia praia,2. apartamento (2q),148587566,True,13,4.860000133514404
39414948,,61.0,0.580952380952381,3.0,meia praia,3. apartamento (3q+),216478948,True,45,4.960000038146973
38933407,,0.0,0.0,,centro,3. apartamento (3q+),82821456,False,13,5.0
767306306930085384,,0.0,0.0,,ilhota,4. casa,488975442,False,6,5.0
1298119593659415664,,0.0,0.0,,meia praia,3. apartamento (3q+),404559763,False,3,5.0
915332897455058900,1138.6280745967742,68.0,0.6476190476190476,4.0,meia praia,3. apartamento (3q+),227777128,True,22,4.71999979019165
1320637026365387734,,0.0,0.0,,meia praia,5. hotel/outros,508176407,False,35,5.0
1282165291618985724,,0.0,0.0,,meia praia,5. hotel/outros,569258588,False,19,5.0
40158005,,0.0,0.0,,centro,3. apartamento (3q+),63237197,True,32,5.0
1181723518413479765,530.8513824884792,86.0,0.819047619047619,4.0,centro,1. apartamento compacto (0-1q),227595936,True,11,4.670000076293945
892040904724748513,,0.0,0.0,,meia praia,1. apartamento compacto (0-1q),489737906,True,10,5.0
1019756845213291605,174.1017552182163,72.0,0.6857142857142857,4.0,centro,5. hotel/outros,106642020,True,20,5.0
1286915562509742348,,0.0,0.0,,centro,3. apartamento (3q+),569312114,True,25,5.0
917248246206573715,,0.0,0.0,,meia praia,3. apartamento (3q+),86766717,False,15,5.0
813299410711135404,,0.0,0.0,,meia praia,5. hotel/outros,498161383,False,11,5.0
1272762188354823017,,0.0,0.0,,meia praia,2. apartamento (2q),106715459,True,35,5.0
29844589,,0.0,0.0,,centro,3. apartamento (3q+),156809164,True,7,4.889999866485596
1314129346848396866,,0.0,0.0,,meia praia,3. apartamento (3q+),13785746,True,42,5.0
45985027,,0.0,0.0,,meia praia,3. apartamento (3q+),237620710,True,19,5.0
1050319937205410300,,0.0,0.0,,morretes,2. apartamento (2q),551724691,True,15,4.599999904632568
1305943843384035211,,0.0,0.0,,meia praia,3. apartamento (3q+),356797101,False,33,5.0
1052135057955092005,,0.0,0.0,,meia praia,3. apartamento (3q+),280097990,True,31,4.800000190734863
1011515351892447552,,0.0,0.0,,meia praia,3. apartamento (3q+),542484669,False,8,5.0
1056367666644991307,,0.0,0.0,,casa branca,2. apartamento (2q),375248486,True,22,4.880000114440918
1220498947080181196,,0.0,0.0,,varzea,4. casa,595414523,False,10,5.0
37109286,,0.0,0.0,,centro,5. hotel/outros,278901567,False,11,5.0
1065466433141149820,,0.0,0.0,,centro,1. apartamento compacto (0-1q),331691478,False,7,5.0
1308769421613546806,,0.0,0.0,,tabuleiro dos oliveiras,2. apartamento (2q),169498977,True,6,5.0
28771646,,0.0,0.0,,meia praia,3. apartamento (3q+),170624369,False,10,5.0
547139090369238833,,0.0,0.0,,meia praia,2. apartamento (2q),441951263,False,32,5.0
1289104514358781087,,0.0,0.0,,canto da praia,4. casa,301703223,False,30,5.0
50395648,,0.0,0.0,,meia praia,3. apartamento (3q+),105965686,True,48,4.0
22191680,427.15992647058823,80.0,0.7619047619047619,4.0,meia praia,2. apartamento (2q),162145287,True,37,4.769999980926514
47031355,,0.0,0.0,,meia praia,3. apartamento (3q+),166417497,True,48,4.599999904632568
1287641742874074839,,0.0,0.0,,canto da praia,4. casa,530461020,False,8,5.0
22374889,,0.0,0.0,,meia praia,2. apartamento (2q),163555140,True,20,4.829999923706055
41285546,606.813625857945,91.0,0.8666666666666667,4.0,meia praia,3. apartamento (3q+),168804260,True,43,4.96999979019165
31682871,,41.0,0.3904761904761905,3.0,centro,2. apartamento (2q),147662807,True,34,4.679999828338623
22243318,,52.0,0.49523809523809526,3.0,meia praia,2. apartamento (2q),103222174,True,28,4.840000152587891
52172003,,42.0,0.4,2.0,centro,2. apartamento (2q),330683989,True,16,5.0
726285598642878609,,0.0,0.0,,meia praia,3. apartamento (3q+),219526601,True,45,5.0
981894459445949979,,0.0,0.0,,centro,2. apartamento (2q),491964279,False,28,5.0
1274814006875329246,,0.0,0.0,,morretes,3. apartamento (3q+),580968175,True,12,5.0
1309669918316280944,,0.0,0.0,,meia praia,3. apartamento (3q+),99479169,False,8,5.0
985062338754381715,,0.0,0.0,,meia praia,3. apartamento (3q+),108479878,True,9,5.0
18506998,,20.0,0.19047619047619047,2.0,centro,2. apartamento (2q),119518729,True,37,5.0
39145712,,31.0,0.29523809523809524,2.0,morretes,3. apartamento (3q+),154361388,True,51,4.900000095367432
1303770950784049217,,0.0,0.0,,meia praia,2. apartamento (2q),117687109,True,46,4.670000076293945
626613268590041709,,0.0,0.0,,meia praia,2. apartamento (2q),258214366,True,10,4.829999923706055
770925188639991130,,0.0,0.0,,meia praia,3. apartamento (3q+),109848803,True,55,5.0
1286375776992371752,,0.0,0.0,,meia praia,3. apartamento (3q+),543175517,False,5,5.0
1233986792217616376,,0.0,0.0,,meia praia,2. apartamento (2q),563045946,True,11,4.5
980484029651320876,,0.0,0.0,,centro,2. apartamento (2q),115900186,True,27,4.139999866485596
27109960,,0.0,0.0,,meia praia,2. apartamento (2q),204047075,True,14,4.800000190734863
1153493820067017135,,57.0,0.5428571428571428,3.0,centro,2. apartamento (2q),25087975,True,11,5.0
53803935,,26.0,0.24761904761904763,3.0,meia praia,3. apartamento (3q+),230786695,True,36,4.849999904632568
1109565255724228892,,0.0,0.0,,meia praia,3. apartamento (3q+),566410696,True,29,5.0
47052262,488.02929298484844,69.0,0.6571428571428571,4.0,centro,3. apartamento (3q+),330683989,True,14,4.889999866485596
1282949009253060678,,0.0,0.0,,centro,3. apartamento (3q+),529277524,False,18,5.0
1252922862351269930,,0.0,0.0,,morretes,2. apartamento (2q),29475010,True,36,5.0
41619530,,0.0,0.0,,morretes,4. casa,323343981,False,12,5.0
28979932,,0.0,0.0,,meia praia,2. apartamento (2q),218429540,True,25,5.0
1303103185385559130,,0.0,0.0,,meia praia,3. apartamento (3q+),30292433,False,25,5.0
1006575359946525255,,0.0,0.0,,meia praia,1. apartamento compacto (0-1q),489737906,True,5,5.0
51866473,,45.0,0.42857142857142855,3.0,meia praia,3. apartamento (3q+),420142305,True,10,4.96999979019165
31397917,,15.0,0.14285714285714285,3.0,meia praia,1. apartamento compacto (0-1q),163555140,True,10,4.900000095367432
1022315492979262752,,0.0,0.0,,meia praia,3. apartamento (3q+),545991719,True,28,5.0
1288366202921406284,,0.0,0.0,,morretes,2. apartamento (2q),550189679,False,10,5.0
1074696579907844952,,0.0,0.0,,meia praia,4. casa,493553283,False,10,5.0
45757663,,0.0,0.0,,centro,3. apartamento (3q+),80526805,True,27,4.130000114440918
1154498316026129420,,0.0,0.0,,meia praia,3. apartamento (3q+),169512508,False,7,5.0
1182040498646675653,739.1160234254992,66.0,0.6285714285714286,4.0,centro,2. apartamento (2q),227777128,True,39,5.0
1175287039649554590,,0.0,0.0,,tabuleiro dos oliveiras,2. apartamento (2q),582437326,True,38,5.0
29302417,,0.0,0.0,,ilhota,5. hotel/outros,192888631,True,19,5.0
1289390437344823096,,0.0,0.0,,meia praia,2. apartamento (2q),662062026,True,25,5.0
1026697334948678769,,0.0,0.0,,morretes,2. apartamento (2q),546926457,True,28,5.0
1039235354309448898,176.9230769230769,75.0,0.7142857142857143,4.0,centro,2. apartamento (2q),549335134,True,9,5.0
31101965,,0.0,0.0,,meia praia,3. apartamento (3q+),232233138,True,40,5.0
41404141,,68.0,0.6476190476190476,3.0,meia praia,3. apartamento (3q+),225959170,True,28,5.0
968083507023306345,,0.0,0.0,,meia praia,3. apartamento (3q+),151161136,False,33,5.0
762255792328076957,,0.0,0.0,,meia praia,3. apartamento (3q+),488106109,True,23,5.0
1023859686118074298,,0.0,0.0,,meia praia,3. apartamento (3q+),398976001,False,33,5.0
744210382596366805,549.5847264822135,55.0,0.5238095238095238,4.0,meia praia,3. apartamento (3q+),160783538,True,31,5.0
16017693,,36.0,0.34285714285714286,3.0,meia praia,3. apartamento (3q+),104163128,True,26,4.900000095367432
16672298,,0.0,0.0,,centro,2. apartamento (2q),110204537,True,14,4.5
1044458170286255125,,55.0,0.5238095238095238,3.0,meia praia,3. apartamento (3q+),455826755,True,43,5.0
1302878563652161367,,0.0,0.0,,meia praia,2. apartamento (2q),551371832,False,8,5.0
1315412494959257515,,0.0,0.0,,meia praia,3. apartamento (3q+),664328008,False,1,5.0
1101416269475235433,,0.0,0.0,,tabuleiro dos oliveiras,3. apartamento (3q+),383801975,True,25,4.710000038146973
1227440041647986685,,0.0,0.0,,meia praia,3. apartamento (3q+),593474672,True,11,5.0
1279069971631577452,,0.0,0.0,,meia praia,3. apartamento (3q+),659750357,False,12,5.0
711032530664362412,178.0065789473684,35.0,0.3333333333333333,4.0,varzea,4. casa,411344539,True,23,5.0
771881587965840951,,0.0,0.0,,meia praia,3. apartamento (3q+),108666100,True,44,4.599999904632568
1285792216253194031,,0.0,0.0,,meia praia,2. apartamento (2q),142503046,False,47,5.0
769461318721075633,,36.0,0.34285714285714286,2.0,meia praia,4. casa,489316663,True,42,5.0
1068273464594567255,,0.0,0.0,,morretes,2. apartamento (2q),556325245,True,10,5.0
40250642,,73.0,0.6952380952380952,3.0,meia praia,3. apartamento (3q+),308822794,True,35,4.880000114440918
749963843310428866,,0.0,0.0,,centro,1. apartamento compacto (0-1q),436330621,True,36,5.0
53124941,,0.0,0.0,,meia praia,3. apartamento (3q+),221339864,True,23,5.0
1320407362319863064,,0.0,0.0,,meia praia,2. apartamento (2q),115334486,False,7,5.0
41340678,,0.0,0.0,,alto sao bento,3. apartamento (3q+),324595100,True,11,5.0
1159488829375931065,,0.0,0.0,,centro,3. apartamento (3q+),558894521,False,13,5.0
1244465486487861017,,0.0,0.0,,meia praia,5. hotel/outros,367363772,True,5,5.0
1081897069272016369,,0.0,0.0,,meia praia,3. apartamento (3q+),559816575,False,8,5.0
998496780358781813,,0.0,0.0,,meia praia,3. apartamento (3q+),265350197,True,29,4.329999923706055
22047595,,60.0,0.5714285714285714,3.0,morretes,3. apartamento (3q+),161022840,True,48,4.889999866485596
1031288144043810073,,0.0,0.0,,morretes,2. apartamento (2q),159847012,True,10,5.0
1066560801522010915,,0.0,0.0,,meia praia,5. hotel/outros,555712388,True,8,5.0
31084342,873.3064516129032,53.0,0.5047619047619047,4.0,meia praia,3. apartamento (3q+),162686113,True,13,5.0
1173300984346827182,,0.0,0.0,,centro,3. apartamento (3q+),421309038,False,11,5.0
1236175341590201699,,0.0,0.0,,meia praia,2. apartamento (2q),274096729,True,25,5.0
32552871,,0.0,0.0,,meia praia,3. apartamento (3q+),244632804,True,42,4.0
964387515572774783,,0.0,0.0,,tabuleiro dos oliveiras,2. apartamento (2q),380442574,True,6,4.75
1007429386154806342,,0.0,0.0,,tabuleiro dos oliveiras,2. apartamento (2q),542877562,False,12,5.0
962365194409394436,,0.0,0.0,,meia praia,3. apartamento (3q+),116301774,True,37,5.0
53195241,1867.5345622119817,85.0,0.8095238095238095,4.0,meia praia,3. apartamento (3q+),315968304,True,36,4.920000076293945
1323375510168214531,,0.0,0.0,,centro,1. apartamento compacto (0-1q),58099520,True,32,5.0
53143021,657.047181372549,49.0,0.4666666666666667,4.0,meia praia,2. apartamento (2q),377759233,True,21,4.710000038146973
1019030592109059625,,0.0,0.0,,meia praia,3. apartamento (3q+),204699730,False,25,5.0
1033550764453018366,,0.0,0.0,,casa branca,4. casa,548289493,False,11,5.0
1254594428388235935,,0.0,0.0,,meia praia,3. apartamento (3q+),652648522,False,6,5.0
16659919,,0.0,0.0,,meia praia,1. apartamento compacto (0-1q),20614599,True,23,4.590000152587891
753625150680079972,,0.0,0.0,,morretes,2. apartamento (2q),483805483,True,20,4.860000133514404
1221116256456025134,,0.0,0.0,,meia praia,3. apartamento (3q+),284959411,False,25,5.0
49123621,718.7916666666666,90.0,0.8571428571428571,4.0,meia praia,3. apartamento (3q+),263344289,True,25,4.940000057220459
1316833704128895795,,0.0,0.0,,morretes,2. apartamento (2q),650602517,False,9,5.0
1316907831978027012,,0.0,0.0,,meia praia,3. apartamento (3q+),652572711,True,11,5.0
1237000937439714111,,0.0,0.0,,meia praia,3. apartamento (3q+),592886127,True,19,5.0
1321693375598269627,,0.0,0.0,,morretes,5. hotel/outros,465936331,False,6,5.0
852046515625649276,,0.0,0.0,,centro,2. apartamento (2q),169848306,False,32,5.0
1279869079785736400,,0.0,0.0,,morretes,4. casa,170440405,False,3,5.0
1060022326239750129,,0.0,0.0,,centro,4. casa,549335134,False,9,5.0
927426982999320086,,0.0,0.0,,meia praia,5. hotel/outros,40876651,False,10,5.0
31441134,1527.3947368421052,103.0,0.9809523809523809,4.0,meia praia,3. apartamento (3q+),235510737,True,12,5.0
859925561562240250,,29.0,0.2761904761904762,2.0,meia praia,3. apartamento (3q+),157399374,True,34,5.0
1016170146113022406,,0.0,0.0,,meia praia,5. hotel/outros,486812874,True,10,5.0
17004598,,0.0,0.0,,centro,3. apartamento (3q+),71341696,True,58,5.0
31859744,,77.0,0.7333333333333333,3.0,meia praia,2. apartamento (2q),206024183,True,48,5.0
1269042919844042025,,0.0,0.0,,meia praia,3. apartamento (3q+),571412603,True,39,5.0
1298568311925401424,,0.0,0.0,,meia praia,3. apartamento (3q+),660485142,True,32,5.0
1289906058578499330,,0.0,0.0,,meia praia,2. apartamento (2q),261384905,False,7,5.0
21695053,763.0956413210445,82.0,0.780952380952381,4.0,meia praia,3. apartamento (3q+),14025459,True,51,4.880000114440918
1021587725727377074,,0.0,0.0,,meia praia,3. apartamento (3q+),445181393,False,11,5.0
39050046,,0.0,0.0,,tabuleiro dos oliveiras,3. apartamento (3q+),299141784,True,50,5.0
52826190,,38.0,0.3619047619047619,3.0,morretes,4. casa,170440405,True,32,4.75
1053585584811665551,,0.0,0.0,,sertaozinho,4. casa,171631709,True,16,5.0
1004246858529207822,,0.0,0.0,,meia praia,2. apartamento (2q),424262730,True,8,4.0
29128192,,0.0,0.0,,meia praia,3. apartamento (3q+),218983650,True,25,4.900000095367432
1318089391331775687,,0.0,0.0,,alto sao bento,4. casa,668387829,False,13,5.0
1266845485089885459,,0.0,0.0,,meia praia,3. apartamento (3q+),549894408,False,11,5.0
21436592,,67.0,0.638095238095238,3.0,meia praia,3. apartamento (3q+),155401291,True,25,4.71999979019165
37118794,,62.0,0.5904761904761905,3.0,meia praia,3. apartamento (3q+),279203508,True,29,5.0
1287074659587569490,,0.0,0.0,,meia praia,4. casa,571554300,False,12,5.0
1310264822884912762,,0.0,0.0,,centro,3. apartamento (3q+),666690695,False,36,5.0
1329787295308110610,,71.0,0.6761904761904762,3.0,centro,2. apartamento (2q),227777128,False,29,5.0
1069752293248046144,,0.0,0.0,,centro,3. apartamento (3q+),481761205,True,11,5.0
1031180495978725366,,0.0,0.0,,meia praia,3. apartamento (3q+),157399374,True,35,5.0
1059771355274004427,,0.0,0.0,,tabuleiro dos oliveiras,4. casa,150637261,False,5,5.0
1288656593144142253,,0.0,0.0,,meia praia,3. apartamento (3q+),115900186,False,15,5.0
1308253688292379707,,0.0,0.0,,meia praia,5. hotel/outros,511327694,False,4,5.0
8239510,,0.0,0.0,,morretes,3. apartamento (3q+),41304732,True,37,5.0
1303003604588140707,,0.0,0.0,,meia praia,2. apartamento (2q),89390768,True,9,4.5
1005164324674982229,,0.0,0.0,,meia praia,3. apartamento (3q+),152836334,True,32,5.0
28216289,,0.0,0.0,,meia praia,3. apartamento (3q+),196148459,True,43,5.0
771807383213650539,,0.0,0.0,,meia praia,3. apartamento (3q+),88653610,False,7,5.0
52348108,,43.0,0.4095238095238095,2.0,meia praia,2. apartamento (2q),294425007,True,37,4.760000228881836
794710559970994170,503.1014784946236,68.0,0.6476190476190476,4.0,meia praia,2. apartamento (2q),143336765,True,47,5.0
1049252938343196470,,0.0,0.0,,meia praia,3. apartamento (3q+),533844755,True,19,5.0
9471763,,0.0,0.0,,meia praia,2. apartamento (2q),40323622,True,44,4.889999866485596
1307603230219075204,,0.0,0.0,,alto sao bento,2. apartamento (2q),666093496,False,7,5.0
1056033191024087899,,0.0,0.0,,meia praia,4. casa,553007507,False,6,5.0
31702785,,0.0,0.0,,tabuleiro dos oliveiras,4. casa,237768745,False,4,5.0
1182188163181410725,902.8550499231951,82.0,0.780952380952381,4.0,centro,2. apartamento (2q),555400325,True,74,4.920000076293945
754375397775403281,839.5095943277311,96.0,0.9142857142857143,4.0,meia praia,3. apartamento (3q+),486620817,True,39,5.0
47269826,,12.0,0.11428571428571428,1.0,meia praia,3. apartamento (3q+),59078946,True,41,5.0
1072015156382793000,,0.0,0.0,,morretes,4. casa,548226371,False,34,5.0
39972515,,59.0,0.5619047619047619,3.0,meia praia,2. apartamento (2q),156927702,True,26,4.829999923706055
47729401,,0.0,0.0,,meia praia,3. apartamento (3q+),614119,False,27,5.0
1036477378135768805,,0.0,0.0,,centro,4. casa,548807498,False,14,5.0
1292909799334927222,,0.0,0.0,,meia praia,1. apartamento compacto (0-1q),370216636,False,8,5.0
1316892776746532728,,0.0,0.0,,meia praia,3. apartamento (3q+),148119460,False,9,5.0
798631136594423222,1100.0,56.0,0.5333333333333333,4.0,tabuleiro dos oliveiras,3. apartamento (3q+),494145270,True,45,4.75
32970957,,0.0,0.0,,casa branca,2. apartamento (2q),65675548,True,39,4.889999866485596
1031365517462468360,,0.0,0.0,,meia praia,5. hotel/outros,538843653,False,49,5.0
1055210288032787494,,0.0,0.0,,leopoldo zarling,1. apartamento compacto (0-1q),177393041,True,26,4.820000171661377
929120660817262874,733.6334889643464,98.0,0.9333333333333333,4.0,centro,3. apartamento (3q+),523956382,True,11,5.0
43754654,973.9189228110599,87.0,0.8285714285714286,4.0,centro,3. apartamento (3q+),349657300,True,23,5.0
1269119159660044936,,0.0,0.0,,meia praia,3. apartamento (3q+),108479878,False,28,5.0
1290483684225455949,,0.0,0.0,,tabuleiro dos oliveiras,2. apartamento (2q),319889225,False,20,5.0
38723084,,0.0,0.0,,meia praia,3. apartamento (3q+),151161136,True,19,5.0
38262480,,27.0,0.2571428571428571,2.0,meia praia,3. apartamento (3q+),103043977,True,33,4.869999885559082
1293400663851682558,,0.0,0.0,,morretes,5. hotel/outros,662955321,True,10,5.0
53903158,1149.03125,72.0,0.6857142857142857,4.0,morretes,3. apartamento (3q+),423201941,True,32,4.940000057220459
30951044,,0.0,0.0,,alto sao bento,2. apartamento (2q),102340166,True,34,4.860000133514404
994915642333796667,,0.0,0.0,,meia praia,3. apartamento (3q+),272771814,True,25,5.0
1087711799677366987,,0.0,0.0,,centro,3. apartamento (3q+),146295936,False,10,5.0
1284726346274976794,,0.0,0.0,,meia praia,4. casa,485337224,False,9,5.0
1252350831242327486,,0.0,0.0,,centro,1. apartamento compacto (0-1q),653682234,True,19,4.5
923059174058516389,,0.0,0.0,,meia praia,5. hotel/outros,40876651,False,14,5.0
746926066559603796,,0.0,0.0,,meia praia,2. apartamento (2q),239715232,True,10,4.329999923706055
1294888049767814989,,0.0,0.0,,morretes,2. apartamento (2q),542591363,True,29,5.0
1257858606191312796,,0.0,0.0,,meia praia,3. apartamento (3q+),299386331,False,7,5.0
803536972183670947,,0.0,0.0,,meia praia,4. casa,488618560,False,12,5.0
1277466598940323678,,0.0,0.0,,meia praia,3. apartamento (3q+),534536593,False,10,5.0
1286527456481279613,,0.0,0.0,,tabuleiro dos oliveiras,1. apartamento compacto (0-1q),226904475,False,39,5.0
1315102040028552140,,0.0,0.0,,meia praia,2. apartamento (2q),434351129,False,35,5.0
1285806311820946579,,0.0,0.0,,meia praia,2. apartamento (2q),661231960,False,8,5.0
51301217,524.4410231345714,67.0,0.638095238095238,4.0,meia praia,3. apartamento (3q+),374425488,True,29,4.789999961853027
16644316,830.9307400379507,67.0,0.638095238095238,4.0,meia praia,3. apartamento (3q+),36070472,True,41,5.0
1298114543513431789,,0.0,0.0,,meia praia,3. apartamento (3q+),572731210,True,32,2.0
28960506,,0.0,0.0,,centro,1. apartamento compacto (0-1q),126304434,False,21,5.0
53105307,,0.0,0.0,,meia praia,3. apartamento (3q+),429909078,False,11,5.0
1287711016779917885,,0.0,0.0,,meia praia,3. apartamento (3q+),221037215,False,37,5.0
1044027740398185907,,0.0,0.0,,morretes,2. apartamento (2q),532178967,True,20,5.0
27201205,740.901040625,37.0,0.3523809523809524,4.0,meia praia,3. apartamento (3q+),30212746,True,29,4.880000114440918
1061599547963993327,,0.0,0.0,,centro,5. hotel/outros,113275089,True,6,5.0
969590132322286465,,0.0,0.0,,meia praia,3. apartamento (3q+),85891880,True,7,4.5
1260870179197912734,,0.0,0.0,,casa branca,4. casa,655094890,False,12,5.0
1217329665915906267,,0.0,0.0,,meia praia,3. apartamento (3q+),332009380,False,26,5.0
766568507152640348,,0.0,0.0,,morretes,4. casa,300766564,False,29,5.0
1298719286864639427,,0.0,0.0,,centro,3. apartamento (3q+),469614097,False,10,5.0
676042169948059761,,0.0,0.0,,tabuleiro dos oliveiras,3. apartamento (3q+),195866560,True,36,5.0
38730549,868.9074074074074,78.0,0.7428571428571429,4.0,meia praia,3. apartamento (3q+),276687424,True,54,4.96999979019165
46850942,,0.0,0.0,,meia praia,2. apartamento (2q),32786701,True,55,5.0
1311172869672143653,,0.0,0.0,,meia praia,3. apartamento (3q+),502467313,True,24,5.0
40794806,,52.0,0.49523809523809526,3.0,não informado,4. casa,291609302,True,50,5.0
53077335,,11.0,0.10476190476190476,1.0,centro,3. apartamento (3q+),424751659,True,39,5.0
1290632688082059585,,0.0,0.0,,meia praia,2. apartamento (2q),265350197,False,8,5.0
1290290852335101414,,0.0,0.0,,meia praia,3. apartamento (3q+),110012306,False,11,5.0
708655269844082666,,0.0,0.0,,meia praia,3. apartamento (3q+),253223204,True,13,4.25
50047341,,36.0,0.34285714285714286,3.0,meia praia,3. apartamento (3q+),227735361,True,41,4.78000020980835
944320965810800803,891.3958338709677,87.0,0.8285714285714286,4.0,meia praia,3. apartamento (3q+),421919557,True,30,5.0
32443120,,13.0,0.12380952380952381,2.0,meia praia,2. apartamento (2q),243707200,True,18,4.920000076293945
795495744056169046,926.7546791443851,66.0,0.6285714285714286,4.0,meia praia,3. apartamento (3q+),143734218,True,42,4.949999809265137
42362925,932.8746244465527,70.0,0.6666666666666666,4.0,meia praia,3. apartamento (3q+),158267412,True,64,4.940000057220459
1212360832616514334,,0.0,0.0,,meia praia,2. apartamento (2q),544446064,True,10,5.0
1044131048966503361,,0.0,0.0,,meia praia,3. apartamento (3q+),168122034,True,25,5.0
1309020875992364221,,0.0,0.0,,sertaozinho,2. apartamento (2q),554202873,False,13,5.0
747853702865716845,,0.0,0.0,,meia praia,3. apartamento (3q+),115900186,True,37,5.0
999239312611492112,,0.0,0.0,,centro,4. casa,478014584,False,9,5.0
1065486956234302859,,0.0,0.0,,centro,2. apartamento (2q),331691478,False,26,5.0
1272413241539554099,,0.0,0.0,,meia praia,3. apartamento (3q+),10844239,True,11,5.0
1018254817862621451,,0.0,0.0,,meia praia,3. apartamento (3q+),545089561,True,44,5.0
42423653,,0.0,0.0,,meia praia,3. apartamento (3q+),304326244,True,8,5.0
1040801115492293354,,0.0,0.0,,morretes,3. apartamento (3q+),489739884,False,10,5.0
41746198,,0.0,0.0,,meia praia,5. hotel/outros,329705343,True,37,5.0
772400737801615781,,0.0,0.0,,meia praia,3. apartamento (3q+),229240543,True,25,5.0
1250643283082134693,,0.0,0.0,,meia praia,3. apartamento (3q+),115900186,True,31,5.0
1248514191377483703,500.8159897360704,87.0,0.8285714285714286,4.0,centro,2. apartamento (2q),227777128,True,28,5.0
43030317,,0.0,0.0,,centro,4. casa,173095913,False,43,5.0
1147139259539364839,,0.0,0.0,,meia praia,2. apartamento (2q),296270545,True,23,5.0
1285021258116609716,,0.0,0.0,,tabuleiro dos oliveiras,2. apartamento (2q),348626533,True,9,5.0
1028215269299330056,,0.0,0.0,,meia praia,2. apartamento (2q),152893116,False,20,5.0
1298560254233402601,,0.0,0.0,,centro,3. apartamento (3q+),397135878,False,6,5.0
1313997746250290772,,0.0,0.0,,morretes,3. apartamento (3q+),265350197,False,8,5.0
995667875936233192,,0.0,0.0,,sertaozinho,5. hotel/outros,378326074,False,9,5.0
946451380352813662,,28.0,0.26666666666666666,2.0,meia praia,3. apartamento (3q+),263894682,True,34,5.0
1273337047695459816,,0.0,0.0,,meia praia,3. apartamento (3q+),513008299,False,9,5.0
1305411348950813553,,0.0,0.0,,leopoldo zarling,2. apartamento (2q),314685367,False,5,5.0
984264382270692556,,0.0,0.0,,meia praia,3. apartamento (3q+),537965072,True,7,5.0
53715659,,0.0,0.0,,meia praia,3. apartamento (3q+),434025161,False,8,5.0
1050857413300266721,635.6652929316888,58.0,0.5523809523809524,4.0,meia praia,3. apartamento (3q+),227777128,True,21,5.0
983864829707648186,,0.0,0.0,,meia praia,2. apartamento (2q),491964279,False,30,5.0
1303091650236798544,,0.0,0.0,,morretes,2. apartamento (2q),534536593,False,11,5.0
41470273,,0.0,0.0,,meia praia,2. apartamento (2q),326420934,True,10,4.840000152587891
1315233656046324612,,0.0,0.0,,meia praia,3. apartamento (3q+),657351611,True,9,5.0
826063757882656916,627.8141711229946,82.0,0.780952380952381,4.0,meia praia,1. apartamento compacto (0-1q),209153958,True,18,5.0
27704457,,0.0,0.0,,meia praia,2. apartamento (2q),209151883,True,12,5.0
905876922972974570,,0.0,0.0,,meia praia,3. apartamento (3q+),108479878,False,11,5.0
1069659858321218617,,0.0,0.0,,leopoldo zarling,4. casa,554398057,True,6,4.710000038146973
1028828653788779501,,0.0,0.0,,alto sao bento,5. hotel/outros,231649747,True,32,5.0
52305543,,0.0,0.0,,meia praia,3. apartamento (3q+),397869265,False,3,5.0
39363955,,57.0,0.5428571428571428,3.0,meia praia,2. apartamento (2q),264090279,True,20,5.0
48848529,956.6528458605663,87.0,0.8285714285714286,4.0,meia praia,3. apartamento (3q+),332627905,True,36,4.840000152587891
1194961001253133253,,0.0,0.0,,meia praia,2. apartamento (2q),535122527,False,9,5.0
1320251945059711672,,0.0,0.0,,meia praia,3. apartamento (3q+),203116788,False,11,5.0
1303193506330312884,,0.0,0.0,,meia praia,2. apartamento (2q),269489781,True,29,5.0
40960741,274.52736175115206,75.0,0.7142857142857143,4.0,meia praia,1. apartamento compacto (0-1q),227594061,True,7,4.5
1207940918769840398,398.547905734767,77.0,0.7333333333333333,4.0,centro,1. apartamento compacto (0-1q),227777128,True,31,5.0
11508986,,13.0,0.12380952380952381,2.0,centro,4. casa,60637188,True,18,4.869999885559082
12359589,,0.0,0.0,,meia praia,3. apartamento (3q+),24743808,True,28,4.739999771118164
47254288,,72.0,0.6857142857142857,3.0,meia praia,3. apartamento (3q+),15810104,True,30,4.96999979019165
47847374,,0.0,0.0,,meia praia,2. apartamento (2q),385095021,True,49,4.820000171661377
733873082801364150,,0.0,0.0,,morretes,2. apartamento (2q),261580249,True,18,5.0
1293564285008286134,,0.0,0.0,,meia praia,3. apartamento (3q+),156159180,True,18,5.0
716703779507124462,,72.0,0.6857142857142857,3.0,meia praia,2. apartamento (2q),130826485,True,41,4.800000190734863
47534961,,0.0,0.0,,meia praia,2. apartamento (2q),372209185,True,17,5.0
730437501239201082,680.67793765553,84.0,0.8,4.0,meia praia,3. apartamento (3q+),476875761,True,30,4.820000171661377
48150450,,0.0,0.0,,meia praia,4. casa,156636556,False,15,5.0
1035628196408986358,957.05,43.0,0.4095238095238095,4.0,centro,3. apartamento (3q+),227777128,True,31,5.0
46327705,,40.0,0.38095238095238093,2.0,meia praia,3. apartamento (3q+),100436759,True,38,5.0
45260461,,0.0,0.0,,meia praia,3. apartamento (3q+),365686369,True,24,5.0
1048785577617228176,,0.0,0.0,,meia praia,3. apartamento (3q+),160040353,False,10,5.0
1307358878486156704,,0.0,0.0,,meia praia,2. apartamento (2q),433813816,False,9,5.0
1226856286781952840,722.118116359447,86.0,0.819047619047619,4.0,centro,2. apartamento (2q),227777128,True,35,4.579999923706055
755046728170332800,,0.0,0.0,,meia praia,3. apartamento (3q+),325083115,True,17,4.0
883930877150990341,,5.0,0.047619047619047616,1.0,meia praia,5. hotel/outros,168122034,True,40,4.960000038146973
1282082825192778625,,0.0,0.0,,tabuleiro dos oliveiras,2. apartamento (2q),591203629,False,8,5.0
1284886308350762835,,0.0,0.0,,centro,3. apartamento (3q+),542689515,False,13,5.0
764595430991746598,,0.0,0.0,,meia praia,3. apartamento (3q+),488514783,True,7,4.889999866485596
54344715,,0.0,0.0,,centro,2. apartamento (2q),257934405,True,11,5.0
1057137469420115073,676.8430718475074,78.0,0.7428571428571429,4.0,morretes,2. apartamento (2q),227777128,True,26,4.960000038146973
805931746930977423,,0.0,0.0,,meia praia,3. apartamento (3q+),367477498,True,16,4.889999866485596
822407242041109663,,0.0,0.0,,morretes,2. apartamento (2q),498410904,True,9,5.0
1218223664268792610,,0.0,0.0,,meia praia,3. apartamento (3q+),593474672,False,17,5.0
781419662620839834,,0.0,0.0,,casa branca,2. apartamento (2q),106005867,True,59,3.0
1302893810172527030,,0.0,0.0,,meia praia,5. hotel/outros,342997828,False,8,5.0
40289385,,62.0,0.5904761904761905,3.0,alto sao bento,4. casa,309821176,True,32,4.670000076293945
1286849144880860521,,0.0,0.0,,meia praia,3. apartamento (3q+),479783411,True,12,5.0
816133717795107883,,0.0,0.0,,meia praia,3. apartamento (3q+),174064388,True,12,5.0
1309735537588066969,,0.0,0.0,,meia praia,2. apartamento (2q),171335633,False,8,5.0
1189332946247734534,,0.0,0.0,,meia praia,3. apartamento (3q+),586338752,False,9,5.0
17034886,969.0320454545455,46.0,0.4380952380952381,4.0,meia praia,4. casa,20614599,True,30,4.760000228881836
1063631850360870442,,0.0,0.0,,centro,3. apartamento (3q+),169848306,False,14,5.0
1308750692678694887,,0.0,0.0,,meia praia,3. apartamento (3q+),405655878,False,16,5.0
1304648120026910544,,0.0,0.0,,meia praia,3. apartamento (3q+),166769833,False,29,5.0
1059617467133711457,,0.0,0.0,,morretes,3. apartamento (3q+),553813769,True,22,5.0
815304864569530906,,0.0,0.0,,casa branca,4. casa,498584928,False,15,5.0
1057361282873491498,,0.0,0.0,,centro,2. apartamento (2q),157832796,False,14,5.0
881204142086821328,560.758547008547,68.0,0.6476190476190476,4.0,meia praia,3. apartamento (3q+),110135903,True,53,4.980000019073486
1022568413168693137,,0.0,0.0,,meia praia,2. apartamento (2q),422988455,True,9,4.670000076293945
1100991386372756521,802.8146601382489,95.0,0.9047619047619048,4.0,meia praia,2. apartamento (2q),564369168,True,12,5.0
1296646180963052154,,0.0,0.0,,casa branca,5. hotel/outros,203549288,True,9,5.0
1156353586623329135,,0.0,0.0,,centro,3. apartamento (3q+),343719644,False,14,5.0
1318155894441200282,,0.0,0.0,,meia praia,3. apartamento (3q+),668406052,False,11,5.0
552104897649888373,,0.0,0.0,,meia praia,3. apartamento (3q+),165452233,False,10,5.0
761359370805598508,,0.0,0.0,,centro,2. apartamento (2q),24314149,False,15,5.0
576683946972734575,,0.0,0.0,,meia praia,3. apartamento (3q+),566960346,True,54,5.0
45435621,,0.0,0.0,,meia praia,3. apartamento (3q+),335037395,True,59,4.400000095367432
1303841272149852162,,0.0,0.0,,meia praia,3. apartamento (3q+),665276363,False,9,5.0
1237787505353689867,,0.0,0.0,,meia praia,5. hotel/outros,323705482,False,15,5.0
1274725970776707713,,0.0,0.0,,centro,5. hotel/outros,657701336,True,4,5.0
39197724,,0.0,0.0,,meia praia,3. apartamento (3q+),148099479,True,37,4.900000095367432
1012336445612155115,,0.0,0.0,,meia praia,3. apartamento (3q+),534415083,False,13,5.0
1284878849418731692,,0.0,0.0,,meia praia,4. casa,543175517,False,7,5.0
1242114642313213767,,0.0,0.0,,casa branca,2. apartamento (2q),651131484,True,25,5.0
1203075817950465589,1426.25,72.0,0.6857142857142857,4.0,centro,3. apartamento (3q+),169848306,False,18,5.0
30711160,,0.0,0.0,,centro,3. apartamento (3q+),212032884,True,37,5.0
47195870,,0.0,0.0,,centro,2. apartamento (2q),82821456,False,9,5.0
46298558,552.4516129032259,54.0,0.5142857142857142,4.0,meia praia,2. apartamento (2q),374795641,True,25,5.0
1055163452693752832,617.9600439882698,72.0,0.6857142857142857,4.0,morretes,2. apartamento (2q),457744513,True,39,4.940000057220459
981794745903466594,,0.0,0.0,,meia praia,3. apartamento (3q+),279768824,False,42,5.0
1317704079987487935,,0.0,0.0,,meia praia,4. casa,668313060,False,5,5.0
35506843,,0.0,0.0,,centro,2. apartamento (2q),169848306,False,18,5.0
957349094500016515,558.7804232804233,82.0,0.780952380952381,4.0,centro,2. apartamento (2q),101612155,True,9,4.909999847412109
1104976765484255707,,0.0,0.0,,meia praia,3. apartamento (3q+),71007699,True,9,5.0
53914255,,47.0,0.44761904761904764,3.0,meia praia,2. apartamento (2q),104163128,True,20,5.0
53188113,,0.0,0.0,,meia praia,3. apartamento (3q+),430571281,True,47,5.0
1122097984724843177,,0.0,0.0,,meia praia,3. apartamento (3q+),372249102,True,39,5.0
1294083265290183087,,0.0,0.0,,centro,2. apartamento (2q),536353140,True,30,5.0
1046947641852323449,,0.0,0.0,,tabuleiro dos oliveiras,2. apartamento (2q),493874582,False,11,5.0
766477433167060017,,0.0,0.0,,meia praia,2. apartamento (2q),259274560,True,21,5.0
52530322,490.3715437788019,78.0,0.7428571428571429,4.0,meia praia,2. apartamento (2q),14958831,True,25,4.909999847412109
45002455,,26.0,0.24761904761904763,3.0,meia praia,2. apartamento (2q),214665567,True,28,4.650000095367432
37487828,486.25,49.0,0.4666666666666667,4.0,meia praia,3. apartamento (3q+),166209485,True,25,4.980000019073486
1268959934613271899,,0.0,0.0,,meia praia,2. apartamento (2q),400289246,False,25,5.0
769616108652112172,,33.0,0.3142857142857143,3.0,meia praia,2. apartamento (2q),488998008,True,41,5.0
958573890829458760,,0.0,0.0,,centro,2. apartamento (2q),24314149,True,30,5.0
780872235421635957,,44.0,0.41904761904761906,3.0,meia praia,2. apartamento (2q),63773778,True,26,5.0
41266951,,0.0,0.0,,meia praia,3. apartamento (3q+),35023031,True,51,5.0
53722008,,0.0,0.0,,meia praia,2. apartamento (2q),435098022,True,5,5.0
1117463021543380307,,0.0,0.0,,meia praia,2. apartamento (2q),296333236,True,7,4.0
1100720037663116812,898.7326388888889,66.0,0.6285714285714286,4.0,centro,3. apartamento (3q+),227777128,True,26,4.869999885559082
1195858349379362032,753.8389136904761,65.0,0.6190476190476191,4.0,centro,3. apartamento (3q+),157078457,True,36,4.710000038146973
52772728,,0.0,0.0,,meia praia,3. apartamento (3q+),337399262,False,17,5.0
20014261,,0.0,0.0,,meia praia,5. hotel/outros,20489673,True,17,4.289999961853027
560128678283668498,,0.0,0.0,,meia praia,3. apartamento (3q+),428246324,True,32,5.0
1121118876733525321,,0.0,0.0,,meia praia,3. apartamento (3q+),466908044,True,11,5.0
1056026073236053549,,0.0,0.0,,alto sao bento,4. casa,426126179,True,13,5.0
1161796266594364332,,31.0,0.29523809523809524,3.0,centro,1. apartamento compacto (0-1q),331956182,True,57,5.0
1282728206199802019,,0.0,0.0,,meia praia,2. apartamento (2q),474210964,False,9,5.0
1220219125770707254,,0.0,0.0,,meia praia,3. apartamento (3q+),593474672,True,12,5.0
1311544699481300377,,0.0,0.0,,meia praia,3. apartamento (3q+),666943245,False,15,5.0
16177778,780.3828208082241,92.0,0.8761904761904762,4.0,meia praia,3. apartamento (3q+),84162292,True,22,5.0
1182028381058524086,596.9566626785714,70.0,0.6666666666666666,4.0,centro,1. apartamento compacto (0-1q),227777128,True,38,5.0
1290655314948554194,,0.0,0.0,,meia praia,3. apartamento (3q+),265350197,False,7,5.0
1312442053889876195,,0.0,0.0,,canto da praia,2. apartamento (2q),667140646,False,8,5.0
1134157206541148942,,0.0,0.0,,meia praia,3. apartamento (3q+),520572832,True,33,5.0
1024067179174522246,210.3816052764977,70.0,0.6666666666666666,4.0,leopoldo zarling,4. casa,252615315,True,17,5.0
51023939,,0.0,0.0,,morretes,2. apartamento (2q),380356667,True,47,4.800000190734863
22901902,730.8021534916695,92.0,0.8761904761904762,4.0,meia praia,3. apartamento (3q+),62008227,True,22,4.929999828338623
1321642761318234538,,0.0,0.0,,morretes,3. apartamento (3q+),100266230,True,28,5.0
986245345084467584,816.4281394009216,86.0,0.819047619047619,4.0,meia praia,3. apartamento (3q+),420307559,True,33,5.0
52214716,1509.7265309330885,79.0,0.7523809523809524,4.0,meia praia,3. apartamento (3q+),108479878,True,29,5.0
977653453697214511,,0.0,0.0,,morretes,3. apartamento (3q+),372520768,True,46,5.0
996293079045974004,,0.0,0.0,,meia praia,3. apartamento (3q+),68068987,True,10,5.0
53904296,,0.0,0.0,,morretes,2. apartamento (2q),436662368,True,14,5.0
552771331403575384,,0.0,0.0,,meia praia,2. apartamento (2q),98143435,True,36,4.639999866485596
799207818293090675,,0.0,0.0,,centro,2. apartamento (2q),50676918,False,19,5.0
1125970477826966385,543.125998047235,68.0,0.6476190476190476,4.0,morretes,2. apartamento (2q),227777128,True,31,4.599999904632568
1053425333694349352,197.9508547008547,48.0,0.45714285714285713,4.0,varzea,4. casa,489522906,True,24,5.0
48145255,,0.0,0.0,,meia praia,3. apartamento (3q+),158825923,True,10,4.75
1283530072752672965,,0.0,0.0,,sertao do trombudo,4. casa,440326851,False,8,5.0
31454750,501.301731078905,59.0,0.5619047619047619,4.0,canto da praia,2. apartamento (2q),235532848,True,27,4.949999809265137
1297930390704189766,560.3043874807988,85.0,0.8095238095238095,4.0,meia praia,1. apartamento compacto (0-1q),227777128,True,29,5.0
39024482,,0.0,0.0,,meia praia,3. apartamento (3q+),298545921,False,13,5.0
734843676958831992,500.0,32.0,0.3047619047619048,4.0,meia praia,2. apartamento (2q),88356886,True,23,4.769999980926514
54145466,2000.0,90.0,0.8571428571428571,4.0,meia praia,3. apartamento (3q+),438960914,False,33,5.0
1286416941361791037,,0.0,0.0,,centro,5. hotel/outros,489198881,False,12,5.0
1279131214968804084,,0.0,0.0,,meia praia,3. apartamento (3q+),112244523,True,18,5.0
985757801553012255,,0.0,0.0,,meia praia,3. apartamento (3q+),223637551,True,9,5.0
798366093737390500,,0.0,0.0,,meia praia,3. apartamento (3q+),316072037,True,10,4.670000076293945
675242237586865339,525.6010753225806,77.0,0.7333333333333333,4.0,morretes,2. apartamento (2q),272771814,True,9,5.0
31971404,,0.0,0.0,,meia praia,4. casa,239715232,True,24,5.0
1039107969139777241,,0.0,0.0,,centro,2. apartamento (2q),169848306,False,13,5.0
1320237323905564772,,0.0,0.0,,alto sao bento,4. casa,309704680,False,10,5.0
760638778072787581,,0.0,0.0,,morretes,2. apartamento (2q),227518993,True,52,4.0
1234084273027568746,391.0693548387097,60.0,0.5714285714285714,4.0,centro,1. apartamento compacto (0-1q),227777128,True,38,4.769999980926514
22322959,,0.0,0.0,,meia praia,3. apartamento (3q+),107462496,True,15,5.0
15523493,684.6342105263158,58.0,0.5523809523809524,4.0,meia praia,3. apartamento (3q+),95888620,True,45,4.960000038146973
41790103,,0.0,0.0,,meia praia,5. hotel/outros,29542904,True,9,5.0
1305305832378400323,,0.0,0.0,,morretes,2. apartamento (2q),548206394,True,41,4.0
674574208902012105,,0.0,0.0,,meia praia,2. apartamento (2q),272771814,True,9,4.599999904632568
1057222458172567781,,0.0,0.0,,meia praia,5. hotel/outros,528200178,False,35,5.0
1248621643570122645,,0.0,0.0,,meia praia,3. apartamento (3q+),652794364,False,9,5.0
40583828,,0.0,0.0,,meia praia,1. apartamento compacto (0-1q),314466565,True,35,5.0
558719049557411759,,0.0,0.0,,centro,3. apartamento (3q+),344672250,False,8,5.0
1083633025910461931,,46.0,0.4380952380952381,3.0,meia praia,1. apartamento compacto (0-1q),560217184,True,42,4.849999904632568
1041935826250801258,,0.0,0.0,,meia praia,3. apartamento (3q+),162405981,False,8,5.0
995670124692789028,,0.0,0.0,,sertaozinho,5. hotel/outros,378326074,True,10,5.0
1001535818359576230,,0.0,0.0,,meia praia,2. apartamento (2q),535364923,True,37,5.0
30564287,,0.0,0.0,,meia praia,3. apartamento (3q+),52525604,False,10,5.0
1088514611356100982,,0.0,0.0,,centro,2. apartamento (2q),125824389,True,25,5.0
52776168,,0.0,0.0,,meia praia,3. apartamento (3q+),427257613,True,24,5.0
877369704935240972,,0.0,0.0,,morretes,4. casa,454083931,True,43,4.5
1158058099432766385,,0.0,0.0,,meia praia,5. hotel/outros,537447268,False,36,5.0
1033866064868877388,,0.0,0.0,,morretes,2. apartamento (2q),107441214,False,9,5.0
1321988636246787772,,0.0,0.0,,meia praia,3. apartamento (3q+),281127168,False,14,5.0
927428621188028958,,0.0,0.0,,meia praia,3. apartamento (3q+),40876651,False,15,5.0
54237040,694.6929805555556,66.0,0.6285714285714286,4.0,meia praia,3. apartamento (3q+),375615711,True,22,5.0
1049812703373748837,,0.0,0.0,,meia praia,2. apartamento (2q),477089238,True,21,5.0
1034050331755813941,,0.0,0.0,,meia praia,3. apartamento (3q+),545759490,False,7,5.0
1048773939396362640,,0.0,0.0,,varzea,5. hotel/outros,194792368,True,6,5.0
740566202542708128,,0.0,0.0,,meia praia,3. apartamento (3q+),483708697,True,26,5.0
45266833,,0.0,0.0,,meia praia,2. apartamento (2q),140443383,True,28,4.940000057220459
1034873975277447845,820.8420024193548,62.0,0.5904761904761905,4.0,meia praia,3. apartamento (3q+),227777128,True,24,4.880000114440918
1248596862601348230,,0.0,0.0,,meia praia,2. apartamento (2q),115900186,False,30,5.0
41457268,,0.0,0.0,,sertaozinho,4. casa,326233746,False,12,5.0
1015838718497361753,,0.0,0.0,,centro,4. casa,513264769,True,24,5.0
1086114368658410156,,0.0,0.0,,meia praia,3. apartamento (3q+),110012306,False,9,5.0
1004136807267956914,,0.0,0.0,,meia praia,3. apartamento (3q+),233036522,True,22,4.5
1279089582401296369,,0.0,0.0,,meia praia,3. apartamento (3q+),265350197,False,9,5.0
1303561207664284946,,0.0,0.0,,meia praia,2. apartamento (2q),661967771,False,6,5.0
32606991,599.2933691756272,77.0,0.7333333333333333,4.0,meia praia,3. apartamento (3q+),228954970,True,13,4.769999980926514
1280006395961997304,,0.0,0.0,,ilhota,4. casa,493048889,False,18,5.0
1281329818566296132,,0.0,0.0,,centro,4. casa,429578131,True,49,5.0
32717195,,0.0,0.0,,meia praia,2. apartamento (2q),185611592,True,29,4.860000133514404
45911573,,35.0,0.3333333333333333,3.0,meia praia,3. apartamento (3q+),232385898,True,47,4.820000171661377
1266062577521926245,,0.0,0.0,,centro,2. apartamento (2q),211198643,False,15,5.0
39821065,,0.0,0.0,,meia praia,2. apartamento (2q),306360509,True,38,4.800000190734863
1320250540462789208,,0.0,0.0,,meia praia,3. apartamento (3q+),265350197,False,8,5.0
1052997837078206652,,0.0,0.0,,alto sao bento,5. hotel/outros,551231763,True,21,5.0
1182804283264636293,,0.0,0.0,,meia praia,3. apartamento (3q+),581701013,True,30,5.0
1287226527119376780,,0.0,0.0,,meia praia,5. hotel/outros,200634073,False,5,5.0
1232592685705319269,,0.0,0.0,,meia praia,3. apartamento (3q+),397563348,True,11,5.0
1032678145615950549,,0.0,0.0,,meia praia,2. apartamento (2q),168411554,True,42,4.5
47291547,,0.0,0.0,,meia praia,3. apartamento (3q+),165888822,True,10,5.0
38695314,656.5959595959596,62.0,0.5904761904761905,4.0,meia praia,3. apartamento (3q+),136079481,True,42,4.849999904632568
32605581,,0.0,0.0,,centro,4. casa,245099122,False,15,5.0
1264669875935636914,,0.0,0.0,,meia praia,1. apartamento compacto (0-1q),369569262,True,21,4.5
802357806571870530,,55.0,0.5238095238095238,3.0,meia praia,3. apartamento (3q+),490367543,True,41,4.909999847412109
54068640,,0.0,0.0,,meia praia,2. apartamento (2q),319503302,True,61,4.829999923706055
47332563,,0.0,0.0,,ilhota,1. apartamento compacto (0-1q),73707795,True,22,4.980000019073486
1251590675610309191,,0.0,0.0,,meia praia,3. apartamento (3q+),552289167,False,10,5.0
1034687416607074951,,0.0,0.0,,meia praia,3. apartamento (3q+),548437041,True,41,5.0
710148129777546948,,0.0,0.0,,meia praia,2. apartamento (2q),478435329,False,30,5.0
1311034965460525209,,0.0,0.0,,centro,3. apartamento (3q+),493525990,False,9,5.0
1288426896350517271,,0.0,0.0,,meia praia,3. apartamento (3q+),465532494,True,6,5.0
40814978,,0.0,0.0,,meia praia,3. apartamento (3q+),317388385,True,12,4.670000076293945
50795879,,0.0,0.0,,meia praia,2. apartamento (2q),395975580,True,35,4.670000076293945
783430732452533853,,0.0,0.0,,meia praia,3. apartamento (3q+),438480526,False,25,5.0
936216057908307884,423.1061290322581,75.0,0.7142857142857143,4.0,morretes,4. casa,498276026,True,35,4.920000076293945
29870406,791.7587627889352,86.0,0.819047619047619,4.0,meia praia,3. apartamento (3q+),186109158,True,26,4.960000038146973
756343553290237088,,0.0,0.0,,casa branca,5. hotel/outros,155165410,True,45,5.0
22031263,,0.0,0.0,,meia praia,3. apartamento (3q+),158464110,True,35,4.599999904632568
53133732,802.5535714285714,82.0,0.780952380952381,4.0,meia praia,2. apartamento (2q),108479878,True,7,5.0
807898347637042057,,16.0,0.1523809523809524,2.0,morretes,3. apartamento (3q+),227845949,True,45,5.0
892662939259281401,,13.0,0.12380952380952381,1.0,meia praia,3. apartamento (3q+),313547090,True,48,4.789999961853027
1306603752778852557,,0.0,0.0,,meia praia,3. apartamento (3q+),498703342,False,7,5.0
982683513469295024,,0.0,0.0,,centro,2. apartamento (2q),115900186,True,31,5.0
746451645715267085,973.8075364823349,91.0,0.8666666666666667,4.0,meia praia,3. apartamento (3q+),167766185,True,25,5.0
1273217497778761783,,0.0,0.0,,meia praia,3. apartamento (3q+),230025902,True,31,4.0
31481283,,0.0,0.0,,meia praia,2. apartamento (2q),133520764,True,35,4.809999942779541
54067586,,0.0,0.0,,meia praia,3. apartamento (3q+),102517845,True,5,5.0
1054383289433926274,,0.0,0.0,,meia praia,4. casa,228402630,False,27,5.0
47783121,,52.0,0.49523809523809526,3.0,centro,2. apartamento (2q),385117347,True,33,4.889999866485596
1201692203719874406,,0.0,0.0,,meia praia,3. apartamento (3q+),307706004,False,17,5.0
46918524,,0.0,0.0,,meia praia,3. apartamento (3q+),91999091,False,16,5.0
1048753098917846841,,0.0,0.0,,meia praia,2. apartamento (2q),551408958,False,14,5.0
841215998174695163,,0.0,0.0,,meia praia,3. apartamento (3q+),475370954,True,37,4.829999923706055
913632017573912703,,0.0,0.0,,meia praia,5. hotel/outros,107450594,True,18,5.0
15754075,,37.0,0.3523809523809524,3.0,meia praia,3. apartamento (3q+),48408494,True,39,4.920000076293945
809618994803892975,,0.0,0.0,,meia praia,2. apartamento (2q),36820494,False,10,5.0
1319602504096489356,,0.0,0.0,,meia praia,3. apartamento (3q+),319893173,False,30,5.0
908830571966859122,,0.0,0.0,,meia praia,2. apartamento (2q),498410904,False,7,5.0
1318301175494168704,,0.0,0.0,,meia praia,3. apartamento (3q+),115900186,False,19,5.0
1286265881818788094,,0.0,0.0,,meia praia,4. casa,389650375,False,21,5.0
1229942592150628971,,25.0,0.23809523809523808,3.0,meia praia,2. apartamento (2q),221706412,True,37,4.920000076293945
742505084037069302,,0.0,0.0,,meia praia,2. apartamento (2q),64893490,True,19,4.800000190734863
1274893831604199444,,0.0,0.0,,morretes,4. casa,148251126,True,8,4.829999923706055
1237182629065742198,,0.0,0.0,,meia praia,3. apartamento (3q+),379944942,True,9,4.0
765288498172786471,,0.0,0.0,,morretes,2. apartamento (2q),340571146,True,21,5.0
1322058610737864863,,0.0,0.0,,centro,3. apartamento (3q+),115900186,False,24,5.0
972445456500197200,,0.0,0.0,,meia praia,4. casa,25984866,True,9,4.75
41532894,729.4997832738095,61.0,0.580952380952381,4.0,meia praia,3. apartamento (3q+),10550294,True,45,4.820000171661377
1294455678599538877,,0.0,0.0,,morretes,2. apartamento (2q),178291235,False,7,5.0
1203140233522044896,473.3901050509338,88.0,0.8380952380952381,4.0,centro,1. apartamento compacto (0-1q),590436495,True,50,5.0
37091958,,0.0,0.0,,meia praia,3. apartamento (3q+),232917938,True,22,4.829999923706055
1132738916863619348,,0.0,0.0,,meia praia,3. apartamento (3q+),391573461,False,9,5.0
21662762,354.1586538461538,36.0,0.34285714285714286,4.0,meia praia,3. apartamento (3q+),157664879,True,37,4.849999904632568
54167570,1405.611111111111,81.0,0.7714285714285715,4.0,meia praia,3. apartamento (3q+),307859306,True,34,5.0
1318358305368197236,,0.0,0.0,,meia praia,3. apartamento (3q+),104163128,False,23,5.0
1041532890691006495,,0.0,0.0,,meia praia,3. apartamento (3q+),108479878,True,10,5.0
32134287,633.392569124424,84.0,0.8,4.0,meia praia,2. apartamento (2q),240840442,True,50,4.960000038146973
1048804459244346908,789.1943164362519,82.0,0.780952380952381,4.0,morretes,2. apartamento (2q),307692057,True,12,4.699999809265137
1318955803281176209,,0.0,0.0,,sertao do trombudo,4. casa,668468620,True,9,5.0
34750953,,0.0,0.0,,meia praia,3. apartamento (3q+),262074393,False,7,5.0
670223715850712114,,0.0,0.0,,meia praia,5. hotel/outros,229296509,False,32,5.0
1060435599777553250,,0.0,0.0,,morretes,4. casa,554112771,True,9,5.0
730503580289648392,,10.0,0.09523809523809523,3.0,centro,2. apartamento (2q),482254048,True,18,4.880000114440918
796237214613896385,,0.0,0.0,,centro,3. apartamento (3q+),491938967,False,9,5.0
1063740586589206605,,0.0,0.0,,centro,2. apartamento (2q),169848306,False,27,5.0
1131113051724641680,,0.0,0.0,,meia praia,3. apartamento (3q+),169512508,True,6,5.0
16143113,,0.0,0.0,,meia praia,3. apartamento (3q+),105230015,True,8,5.0
1322763639061670902,,0.0,0.0,,meia praia,3. apartamento (3q+),661146047,False,41,5.0
53936201,,43.0,0.4095238095238095,3.0,meia praia,3. apartamento (3q+),25087975,True,24,4.760000228881836
1277624767934070213,,0.0,0.0,,meia praia,3. apartamento (3q+),926300,True,8,5.0
728052516779618527,,0.0,0.0,,meia praia,3. apartamento (3q+),234165177,False,16,5.0
38548630,,0.0,0.0,,morretes,3. apartamento (3q+),294098173,True,14,4.849999904632568
45898408,,0.0,0.0,,meia praia,1. apartamento compacto (0-1q),372065748,True,11,5.0
983188724209547131,868.9791666666666,74.0,0.7047619047619048,4.0,meia praia,3. apartamento (3q+),363548107,True,32,4.849999904632568
30617740,,71.0,0.6761904761904762,3.0,meia praia,3. apartamento (3q+),63155078,True,21,4.909999847412109
1205911286628781390,,0.0,0.0,,meia praia,2. apartamento (2q),482332424,False,20,5.0
1270235986758747345,,0.0,0.0,,meia praia,2. apartamento (2q),157197559,False,11,5.0
1287791655787727353,,0.0,0.0,,centro,2. apartamento (2q),494673379,False,10,5.0
24561061,,0.0,0.0,,centro,3. apartamento (3q+),113727835,False,12,5.0
1044223371798078486,842.8504962779157,70.0,0.6666666666666666,4.0,meia praia,3. apartamento (3q+),153811598,True,28,5.0
46220279,632.9446428571429,80.0,0.7619047619047619,4.0,meia praia,3. apartamento (3q+),374349951,True,40,4.880000114440918
47326216,1122.6958525345622,87.0,0.8285714285714286,4.0,meia praia,3. apartamento (3q+),242898450,True,40,5.0
1274894241105871317,,0.0,0.0,,meia praia,3. apartamento (3q+),475311372,True,16,5.0
982602069236081389,,0.0,0.0,,meia praia,2. apartamento (2q),108479878,True,10,5.0
47543180,,38.0,0.3619047619047619,3.0,centro,4. casa,338776641,True,32,4.809999942779541
1306508535936557508,,0.0,0.0,,centro,3. apartamento (3q+),222436787,False,10,5.0
1278119768108428371,,0.0,0.0,,meia praia,2. apartamento (2q),595606037,False,8,5.0
1258884444504804671,,0.0,0.0,,meia praia,1. apartamento compacto (0-1q),655187395,False,17,5.0
1171011645823000974,,0.0,0.0,,meia praia,3. apartamento (3q+),407285273,False,7,5.0
1305688005825332133,,0.0,0.0,,morretes,2. apartamento (2q),651518102,False,11,5.0
1272537775161574422,512.0583333333334,56.0,0.5333333333333333,4.0,meia praia,2. apartamento (2q),227777128,True,27,4.710000038146973
48142165,,0.0,0.0,,meia praia,3. apartamento (3q+),135376431,True,25,4.889999866485596
1108135208144452030,,0.0,0.0,,ilhota,2. apartamento (2q),231172295,False,15,5.0
39814682,,0.0,0.0,,meia praia,3. apartamento (3q+),298545921,False,10,5.0
1270459633014415142,,0.0,0.0,,meia praia,5. hotel/outros,657692599,True,19,5.0
739198477312738969,,0.0,0.0,,meia praia,1. apartamento compacto (0-1q),384880221,True,6,5.0
755919144976286654,,0.0,0.0,,meia praia,2. apartamento (2q),316540946,True,13,3.5999999046325684
1322703402005159802,,0.0,0.0,,meia praia,2. apartamento (2q),152459943,False,7,5.0
31169655,438.36928763440864,65.0,0.6190476190476191,4.0,meia praia,2. apartamento (2q),217210284,True,33,5.0
35934720,,10.0,0.09523809523809523,2.0,canto da praia,2. apartamento (2q),49344444,True,31,4.929999828338623
1289077469312907283,,0.0,0.0,,lameiro,5. hotel/outros,423744867,True,11,5.0
1310090738538206669,,0.0,0.0,,tabuleiro dos oliveiras,2. apartamento (2q),169848306,False,9,5.0
1284893098577004696,,0.0,0.0,,meia praia,4. casa,267606175,True,23,5.0
41082289,,0.0,0.0,,meia praia,4. casa,320812173,True,17,4.960000038146973
1048469765267504827,,0.0,0.0,,sertao do trombudo,4. casa,370637617,False,8,5.0
22682127,,0.0,0.0,,morretes,4. casa,20614599,True,22,4.429999828338623
1305978523883110707,,0.0,0.0,,meia praia,3. apartamento (3q+),104163128,False,20,5.0
783176147049485295,,0.0,0.0,,meia praia,3. apartamento (3q+),108479878,False,8,5.0
22810332,,65.0,0.6190476190476191,3.0,meia praia,1. apartamento compacto (0-1q),164192627,True,26,4.769999980926514
48941838,,46.0,0.4380952380952381,3.0,centro,2. apartamento (2q),381365841,True,34,4.480000019073486
1289225384262190911,,0.0,0.0,,centro,5. hotel/outros,486812874,False,10,5.0
1231082100384078450,,0.0,0.0,,meia praia,3. apartamento (3q+),548247228,True,11,5.0
40429589,,0.0,0.0,,meia praia,3. apartamento (3q+),298545921,False,1,5.0
51583825,,0.0,0.0,,meia praia,3. apartamento (3q+),388009725,False,15,5.0
997720726898572990,,0.0,0.0,,meia praia,3. apartamento (3q+),244098004,True,43,5.0
565022702671968934,,0.0,0.0,,meia praia,4. casa,47311819,True,9,5.0
44554623,,0.0,0.0,,meia praia,2. apartamento (2q),297670834,False,22,5.0
1074770986427430541,,0.0,0.0,,meia praia,3. apartamento (3q+),557976707,False,32,5.0
45923984,,28.0,0.26666666666666666,3.0,canto da praia,3. apartamento (3q+),372160183,True,24,4.940000057220459
1267962646968311018,,0.0,0.0,,meia praia,3. apartamento (3q+),657239754,True,10,5.0
46372862,425.89248271889403,74.0,0.7047619047619048,4.0,meia praia,2. apartamento (2q),53765443,True,45,4.900000095367432
1310775099463005440,,0.0,0.0,,morretes,4. casa,381604431,False,4,5.0
46598066,1037.5561160080645,85.0,0.8095238095238095,4.0,centro,2. apartamento (2q),162540682,True,57,5.0
664454396350780979,,0.0,0.0,,meia praia,3. apartamento (3q+),389522401,True,11,5.0
50493874,,0.0,0.0,,meia praia,3. apartamento (3q+),7194052,True,50,5.0
1167553427166603926,,0.0,0.0,,meia praia,3. apartamento (3q+),530968801,False,15,5.0
990551042161332765,,0.0,0.0,,centro,4. casa,191224958,False,11,5.0
995676380390590060,,0.0,0.0,,sertaozinho,5. hotel/outros,378326074,False,10,5.0
956604432039220915,,0.0,0.0,,meia praia,3. apartamento (3q+),39474900,True,44,5.0
27338000,,0.0,0.0,,meia praia,3. apartamento (3q+),170710320,True,16,5.0
47712788,,0.0,0.0,,meia praia,3. apartamento (3q+),384367499,True,17,4.670000076293945
1051607598322255002,,0.0,0.0,,meia praia,4. casa,307620413,True,18,4.329999923706055
41260111,1761.400071908602,85.0,0.8095238095238095,4.0,meia praia,3. apartamento (3q+),35023031,True,50,5.0
1031275935967978274,,0.0,0.0,,meia praia,3. apartamento (3q+),452740822,False,17,5.0
53611299,,0.0,0.0,,meia praia,3. apartamento (3q+),120239479,False,8,5.0
927433279584378305,,0.0,0.0,,meia praia,3. apartamento (3q+),40876651,False,17,5.0
48243472,,60.0,0.5714285714285714,3.0,centro,3. apartamento (3q+),131466104,True,79,5.0
40039627,351.82491039426526,84.0,0.8,4.0,centro,1. apartamento compacto (0-1q),137095078,True,50,4.840000152587891
1291617546855693110,,0.0,0.0,,meia praia,3. apartamento (3q+),480087454,False,7,5.0
46924699,,0.0,0.0,,meia praia,3. apartamento (3q+),125337984,True,36,4.900000095367432
1308299148518372973,,0.0,0.0,,ilhota,5. hotel/outros,44757813,True,15,5.0
988531716370611807,,0.0,0.0,,meia praia,3. apartamento (3q+),538856013,True,13,5.0
995125541556099782,,0.0,0.0,,meia praia,3. apartamento (3q+),498098226,False,12,5.0
1053522951026570547,685.8150021601383,86.0,0.819047619047619,4.0,canto da praia,2. apartamento (2q),193260069,True,42,4.829999923706055
1077461204066333262,,0.0,0.0,,meia praia,3. apartamento (3q+),558264960,True,46,5.0
1278501934376489748,,0.0,0.0,,meia praia,4. casa,78247164,False,8,5.0
1272538144359194105,,0.0,0.0,,meia praia,4. casa,487380123,False,10,5.0
762281119140381406,,0.0,0.0,,centro,3. apartamento (3q+),488113762,False,10,5.0
1046547202929220520,405.6656249642857,59.0,0.5619047619047619,4.0,meia praia,1. apartamento compacto (0-1q),172395511,True,34,4.869999885559082
53309335,,0.0,0.0,,meia praia,3. apartamento (3q+),247696441,True,34,5.0
1274731480570014997,,0.0,0.0,,centro,5. hotel/outros,657701336,False,5,5.0
32066948,,0.0,0.0,,meia praia,4. casa,240470371,True,62,4.929999828338623
49968308,,26.0,0.24761904761904763,3.0,meia praia,3. apartamento (3q+),286958538,True,29,5.0
53915734,,64.0,0.6095238095238096,3.0,morretes,2. apartamento (2q),15890874,True,51,4.75
48005532,,0.0,0.0,,meia praia,2. apartamento (2q),1271087,True,38,5.0
1208852730792445862,,0.0,0.0,,meia praia,2. apartamento (2q),592155592,False,9,5.0
1268130203855497700,,0.0,0.0,,meia praia,3. apartamento (3q+),541005658,False,11,5.0
1308106513769492093,,0.0,0.0,,tabuleiro dos oliveiras,2. apartamento (2q),567044473,False,24,5.0
962455307045450364,,0.0,0.0,,meia praia,3. apartamento (3q+),532964471,True,9,5.0
714437917071118647,,0.0,0.0,,meia praia,2. apartamento (2q),24729125,False,36,5.0
1316628348930374924,,0.0,0.0,,meia praia,2. apartamento (2q),108477136,True,31,5.0
742007693361015968,,0.0,0.0,,centro,3. apartamento (3q+),202564441,True,26,5.0
792083136178092817,,0.0,0.0,,morretes,4. casa,224061270,True,13,4.400000095367432
986230450715211958,,0.0,0.0,,meia praia,5. hotel/outros,40876651,False,12,5.0
1281346509418142210,,0.0,0.0,,morretes,2. apartamento (2q),660229145,False,11,5.0
782079961051823177,,0.0,0.0,,meia praia,3. apartamento (3q+),491214594,False,6,5.0
52474050,,22.0,0.20952380952380953,3.0,meia praia,2. apartamento (2q),424751659,True,33,4.929999828338623
1304316374891505715,,0.0,0.0,,meia praia,2. apartamento (2q),265350197,False,9,5.0
1271860126061296273,,0.0,0.0,,meia praia,3. apartamento (3q+),308901004,False,9,5.0
1177436051570848691,,0.0,0.0,,meia praia,3. apartamento (3q+),363548107,True,15,5.0
1287101738390870837,,0.0,0.0,,meia praia,2. apartamento (2q),54268554,True,9,5.0
991163210244349085,,0.0,0.0,,morretes,3. apartamento (3q+),334319002,False,7,5.0
52669723,,0.0,0.0,,meia praia,2. apartamento (2q),177331456,True,37,5.0
1262371850958835888,,0.0,0.0,,centro,3. apartamento (3q+),551968522,False,6,5.0
15632254,,0.0,0.0,,tabuleiro dos oliveiras,3. apartamento (3q+),100797063,True,51,5.0
762193482933523977,,0.0,0.0,,centro,2. apartamento (2q),50676918,False,18,5.0
751508894634281743,,0.0,0.0,,meia praia,2. apartamento (2q),464535142,True,10,5.0
1237089275859798305,,0.0,0.0,,meia praia,3. apartamento (3q+),599142177,True,9,5.0
9658725,,10.0,0.09523809523809523,2.0,meia praia,2. apartamento (2q),49924388,True,31,4.639999866485596
1248043584865153232,,0.0,0.0,,centro,5. hotel/outros,652638407,False,15,5.0
629724091250673746,666.5401006787331,71.0,0.6761904761904762,4.0,meia praia,2. apartamento (2q),227777128,True,34,4.71999979019165
42003334,614.1395324092741,65.0,0.6190476190476191,4.0,meia praia,3. apartamento (3q+),332727679,True,55,4.929999828338623
1083196219974177016,333.5113636363636,57.0,0.5428571428571428,4.0,casa branca,2. apartamento (2q),537395460,True,32,5.0
52365024,,0.0,0.0,,meia praia,1. apartamento compacto (0-1q),227594061,True,17,4.599999904632568
47741162,,0.0,0.0,,meia praia,3. apartamento (3q+),88653610,False,5,5.0
45699948,,0.0,0.0,,meia praia,2. apartamento (2q),370310179,True,49,4.650000095367432
1035498654598693145,,0.0,0.0,,morretes,2. apartamento (2q),14958831,True,8,5.0
1211518555449567763,,0.0,0.0,,meia praia,1. apartamento compacto (0-1q),154077834,False,16,5.0
1068143091756551281,,0.0,0.0,,meia praia,5. hotel/outros,556284396,False,11,5.0
30085847,582.4446376844824,86.0,0.819047619047619,4.0,meia praia,2. apartamento (2q),100594958,True,58,4.880000114440918
573122310094338767,,44.0,0.41904761904761906,2.0,meia praia,3. apartamento (3q+),128764932,True,45,4.929999828338623
1219485375936020945,,0.0,0.0,,meia praia,3. apartamento (3q+),257796278,False,10,5.0
1316280246615307193,,0.0,0.0,,meia praia,5. hotel/outros,486812874,False,10,5.0
763897237534221173,,0.0,0.0,,meia praia,3. apartamento (3q+),88508226,True,34,5.0
1224783765392086252,,0.0,0.0,,meia praia,2. apartamento (2q),233813969,False,13,5.0
1005958896607152946,,55.0,0.5238095238095238,3.0,casa branca,2. apartamento (2q),133449117,True,35,4.809999942779541
944343023898914960,,0.0,0.0,,meia praia,2. apartamento (2q),108479878,True,13,5.0
39455639,,0.0,0.0,,meia praia,3. apartamento (3q+),218514766,True,45,5.0
1132470928224766315,,0.0,0.0,,meia praia,3. apartamento (3q+),478949948,True,10,5.0
634097694532962487,,0.0,0.0,,meia praia,2. apartamento (2q),460713031,False,37,5.0
1298639034259987704,,0.0,0.0,,morretes,4. casa,398741456,True,9,5.0
1228293905005296104,,0.0,0.0,,morretes,2. apartamento (2q),597509137,False,18,5.0
857399330666911489,,0.0,0.0,,meia praia,2. apartamento (2q),172273927,False,9,5.0
30332330,378.8241910784528,56.0,0.5333333333333333,4.0,centro,2. apartamento (2q),227770961,True,39,4.670000076293945
1094272561864520505,,0.0,0.0,,meia praia,3. apartamento (3q+),196148459,False,43,5.0
1279816466116163356,,0.0,0.0,,centro,4. casa,658625939,True,8,5.0
41350901,,0.0,0.0,,centro,2. apartamento (2q),265440299,False,15,5.0
759946792186410316,,0.0,0.0,,casa branca,4. casa,485768969,False,6,5.0
22421937,,0.0,0.0,,morretes,5. hotel/outros,20614599,True,24,4.0
777361963604505120,,0.0,0.0,,varzea,2. apartamento (2q),435364340,False,10,5.0
1026336457624553804,,0.0,0.0,,meia praia,5. hotel/outros,491458280,True,31,5.0
41143904,,0.0,0.0,,tabuleiro dos oliveiras,1. apartamento compacto (0-1q),147971386,False,5,5.0
1124052077567202180,,20.0,0.19047619047619047,2.0,morretes,4. casa,229274315,True,32,5.0
46530405,1104.8673289583335,83.0,0.7904761904761904,4.0,morretes,3. apartamento (3q+),73082025,True,28,4.849999904632568
1310776606010734623,,0.0,0.0,,centro,3. apartamento (3q+),381365841,True,7,4.0
1254497855495646035,,0.0,0.0,,centro,4. casa,470059243,False,9,5.0
1308704983598175481,,0.0,0.0,,alto sao bento,5. hotel/outros,130014999,False,4,5.0
51405106,,74.0,0.7047619047619048,3.0,meia praia,3. apartamento (3q+),416325293,True,47,4.880000114440918
54020562,,29.0,0.2761904761904762,3.0,centro,4. casa,142692280,True,20,4.880000114440918
1315419697636240888,,0.0,0.0,,meia praia,1. apartamento compacto (0-1q),550110966,False,10,5.0
885372132705223062,,0.0,0.0,,meia praia,3. apartamento (3q+),489737906,False,8,5.0
715713871870273384,,0.0,0.0,,meia praia,3. apartamento (3q+),434570639,True,28,5.0
1040763172222042178,,0.0,0.0,,meia praia,2. apartamento (2q),482541826,True,10,4.829999923706055
53893648,,56.0,0.5333333333333333,3.0,meia praia,2. apartamento (2q),143699250,True,13,5.0
31972121,338.4508064516129,59.0,0.5619047619047619,4.0,meia praia,2. apartamento (2q),239715232,True,22,4.639999866485596
1014396911178096370,,0.0,0.0,,meia praia,3. apartamento (3q+),544233823,False,36,5.0
53458717,,51.0,0.4857142857142857,3.0,meia praia,3. apartamento (3q+),432871398,True,9,5.0
1242002119123644781,5703.148266129032,90.0,0.8571428571428571,4.0,meia praia,3. apartamento (3q+),232585108,False,18,5.0
1303472761237083371,,0.0,0.0,,meia praia,3. apartamento (3q+),653760193,False,8,5.0
791275721976210246,,0.0,0.0,,meia praia,2. apartamento (2q),452666358,True,17,5.0
742184034257552693,,0.0,0.0,,centro,2. apartamento (2q),367557872,True,37,5.0
53280294,,0.0,0.0,,meia praia,2. apartamento (2q),188535925,True,35,4.75
1162356825585869936,,0.0,0.0,,meia praia,3. apartamento (3q+),577872479,False,6,5.0
31505119,,0.0,0.0,,meia praia,2. apartamento (2q),236053936,True,18,4.139999866485596
1208718899534488031,436.88180623167153,90.0,0.8571428571428571,4.0,centro,1. apartamento compacto (0-1q),227777128,True,30,4.800000190734863
1126166296928293159,,0.0,0.0,,morretes,2. apartamento (2q),190067109,True,34,4.909999847412109
721754693718811881,,0.0,0.0,,meia praia,3. apartamento (3q+),475121056,False,7,5.0
52650644,707.5886814798105,75.0,0.7142857142857143,4.0,meia praia,3. apartamento (3q+),425473274,True,31,4.920000076293945
53175731,999.8179723502303,101.0,0.9619047619047619,4.0,meia praia,3. apartamento (3q+),235552021,True,48,5.0
972543924881751162,,0.0,0.0,,meia praia,2. apartamento (2q),311476223,False,9,5.0
38879639,,0.0,0.0,,meia praia,3. apartamento (3q+),162389169,False,11,5.0
17220254,,0.0,0.0,,meia praia,3. apartamento (3q+),30226390,True,23,5.0
28160414,,61.0,0.580952380952381,3.0,centro,3. apartamento (3q+),42526517,True,21,5.0
1050641697385417050,,0.0,0.0,,centro,3. apartamento (3q+),191574816,True,14,4.329999923706055
28932247,,50.0,0.47619047619047616,3.0,meia praia,4. casa,218078770,True,36,4.920000076293945
29816615,,0.0,0.0,,centro,4. casa,173095913,True,32,5.0
1310948023336116283,,0.0,0.0,,morretes,4. casa,666830412,False,5,5.0
40834982,,0.0,0.0,,centro,2. apartamento (2q),316565571,True,13,5.0
1181933658424522281,378.12690615835777,77.0,0.7333333333333333,4.0,centro,1. apartamento compacto (0-1q),227777128,True,32,4.789999961853027
30122734,,0.0,0.0,,morretes,4. casa,20614599,True,30,4.670000076293945
40153336,,0.0,0.0,,meia praia,3. apartamento (3q+),298545921,False,10,5.0
1061436825270212073,,0.0,0.0,,meia praia,3. apartamento (3q+),25087975,True,23,4.920000076293945
1278968671813436244,,0.0,0.0,,morretes,4. casa,595198454,False,11,5.0
1047723626454445067,1619.6840462857142,104.0,0.9904761904761905,4.0,meia praia,3. apartamento (3q+),547717764,True,40,5.0
1063686845680809516,,0.0,0.0,,meia praia,5. hotel/outros,162574240,True,24,5.0
1245817805597724403,,0.0,0.0,,morretes,2. apartamento (2q),165401176,True,19,5.0
29484679,,0.0,0.0,,centro,3. apartamento (3q+),62013342,True,37,3.5
1111132089439811745,,0.0,0.0,,centro,3. apartamento (3q+),108479878,False,12,5.0
40112253,,0.0,0.0,,meia praia,3. apartamento (3q+),4727992,True,14,5.0
813114083905510288,,0.0,0.0,,meia praia,3. apartamento (3q+),498050823,False,14,5.0
1051619621188294429,,0.0,0.0,,meia praia,2. apartamento (2q),171113814,True,39,5.0
1303160184992468256,,0.0,0.0,,meia praia,4. casa,511948051,False,31,5.0
27718978,,24.0,0.22857142857142856,2.0,meia praia,3. apartamento (3q+),195840129,True,38,4.820000171661377
52358821,673.6648374969683,84.0,0.8,4.0,canto da praia,4. casa,423800068,True,37,5.0
1258166269614896715,,0.0,0.0,,meia praia,2. apartamento (2q),652806624,True,9,5.0
1245758147203199538,,0.0,0.0,,meia praia,4. casa,227791529,True,9,5.0
1049228438693811811,,0.0,0.0,,meia praia,3. apartamento (3q+),231291077,False,38,5.0
1306722429222577526,,0.0,0.0,,meia praia,3. apartamento (3q+),224629639,False,44,5.0
1297423528519458578,,0.0,0.0,,meia praia,2. apartamento (2q),444979542,True,10,5.0
1313701095515926984,,0.0,0.0,,meia praia,2. apartamento (2q),25087975,True,20,5.0
1074026483494102863,,0.0,0.0,,meia praia,3. apartamento (3q+),121025006,False,6,5.0
987151159217066177,,0.0,0.0,,meia praia,3. apartamento (3q+),483902967,False,15,5.0
790752171303746450,565.5315092165898,87.0,0.8285714285714286,4.0,meia praia,2. apartamento (2q),125331845,True,13,5.0
1028459735528308500,,0.0,0.0,,meia praia,2. apartamento (2q),370183570,True,31,4.599999904632568
31308787,,0.0,0.0,,centro,2. apartamento (2q),115337089,True,23,4.800000190734863
859653300578357102,,57.0,0.5428571428571428,3.0,morretes,2. apartamento (2q),25984866,True,10,5.0
40246675,,44.0,0.41904761904761906,3.0,meia praia,2. apartamento (2q),110461611,True,43,4.820000171661377
724766767716860996,,0.0,0.0,,meia praia,3. apartamento (3q+),300611987,False,37,5.0
1030670260579878428,,0.0,0.0,,meia praia,3. apartamento (3q+),431638463,False,7,5.0
721143022842232721,,59.0,0.5619047619047619,3.0,meia praia,3. apartamento (3q+),154505641,True,12,4.460000038146973
1106810253351847214,,0.0,0.0,,meia praia,3. apartamento (3q+),560211906,True,8,5.0
47441628,,0.0,0.0,,meia praia,2. apartamento (2q),377206981,True,34,4.670000076293945
53863922,,0.0,0.0,,varzea,4. casa,202600428,True,19,4.5
1252081873768049454,,0.0,0.0,,meia praia,3. apartamento (3q+),404070916,False,8,5.0
1290181951881707927,,0.0,0.0,,meia praia,3. apartamento (3q+),589164711,True,7,5.0
1014765839935821941,,0.0,0.0,,meia praia,3. apartamento (3q+),169531952,False,10,5.0
994915784710952535,,0.0,0.0,,meia praia,3. apartamento (3q+),489737906,True,15,5.0
1320519261645360825,,0.0,0.0,,meia praia,5. hotel/outros,73068144,True,7,5.0
1165268442212832778,,0.0,0.0,,morretes,2. apartamento (2q),207639551,True,14,5.0
1064657282412012733,,0.0,0.0,,meia praia,3. apartamento (3q+),423171609,False,10,5.0
1051444662755236628,,0.0,0.0,,meia praia,3. apartamento (3q+),552000840,True,7,5.0
39105862,,0.0,0.0,,meia praia,3. apartamento (3q+),298545921,False,12,5.0
33385884,,0.0,0.0,,meia praia,3. apartamento (3q+),213219877,True,27,5.0
38345388,,0.0,0.0,,centro,3. apartamento (3q+),111187545,False,39,5.0
811053746893495263,489.4717741935484,66.0,0.6285714285714286,4.0,meia praia,3. apartamento (3q+),156106311,True,35,5.0
46926553,,0.0,0.0,,centro,2. apartamento (2q),243494106,True,17,4.0
9784227,,19.0,0.18095238095238095,1.0,meia praia,2. apartamento (2q),35566716,True,23,4.539999961853027
49241635,,0.0,0.0,,meia praia,2. apartamento (2q),157399374,True,31,4.860000133514404
28784429,,0.0,0.0,,meia praia,1. apartamento compacto (0-1q),216958144,True,17,4.710000038146973
1211529202735017123,,0.0,0.0,,meia praia,1. apartamento compacto (0-1q),154077834,False,16,5.0
1058556636299366889,,0.0,0.0,,meia praia,5. hotel/outros,528200178,False,33,5.0
1279961611855559084,,0.0,0.0,,meia praia,2. apartamento (2q),551446004,False,7,5.0
1244287743643160161,,0.0,0.0,,morretes,2. apartamento (2q),435722159,False,26,5.0
1179103047052148475,658.0934782608696,47.0,0.44761904761904764,4.0,meia praia,3. apartamento (3q+),227777128,True,26,4.5
1110150010928830427,,0.0,0.0,,meia praia,3. apartamento (3q+),549618829,True,12,5.0
1040578292859356067,,0.0,0.0,,meia praia,3. apartamento (3q+),549766988,True,8,5.0
1316850726790986703,,0.0,0.0,,meia praia,2. apartamento (2q),106958083,False,10,5.0
1291327601640024647,,0.0,0.0,,meia praia,3. apartamento (3q+),447598338,True,12,5.0
54368585,,0.0,0.0,,centro,2. apartamento (2q),441209799,True,7,4.710000038146973
1321772233259668704,,0.0,0.0,,morretes,2. apartamento (2q),526150243,False,10,5.0
1291467049168966563,,0.0,0.0,,meia praia,3. apartamento (3q+),563141044,False,13,5.0
1052877686323833185,,0.0,0.0,,meia praia,3. apartamento (3q+),13830974,False,42,5.0
549056203343531816,,48.0,0.45714285714285713,3.0,meia praia,3. apartamento (3q+),241110689,True,24,5.0
1108011865175693567,,0.0,0.0,,meia praia,3. apartamento (3q+),157399374,False,13,5.0
1006396584243125090,593.1144924020738,83.0,0.7904761904761904,4.0,centro,1. apartamento compacto (0-1q),137095078,True,52,4.800000190734863
41493620,775.5651331451613,98.0,0.9333333333333333,4.0,meia praia,2. apartamento (2q),326669607,True,28,5.0
1005962805287014804,,0.0,0.0,,meia praia,3. apartamento (3q+),542484669,True,14,4.599999904632568
46414876,,0.0,0.0,,centro,3. apartamento (3q+),82821456,True,8,3.0
1050137833718465675,,0.0,0.0,,centro,3. apartamento (3q+),235171870,False,26,5.0
50132160,,0.0,0.0,,meia praia,2. apartamento (2q),298545921,True,8,4.0
1058820330660898939,,0.0,0.0,,morretes,2. apartamento (2q),506292189,True,24,5.0
47252509,,0.0,0.0,,tabuleiro dos oliveiras,2. apartamento (2q),12495996,True,25,4.599999904632568
979873537122657344,,0.0,0.0,,morretes,2. apartamento (2q),537010795,False,11,5.0
1286081921383451505,,0.0,0.0,,meia praia,3. apartamento (3q+),657527113,True,16,5.0
42040998,,0.0,0.0,,meia praia,2. apartamento (2q),175710937,True,42,4.889999866485596
1207338410880339003,437.61557246543777,86.0,0.819047619047619,4.0,centro,1. apartamento compacto (0-1q),227777128,False,30,5.0
568791170009921084,,0.0,0.0,,centro,3. apartamento (3q+),107248804,True,29,4.710000038146973
786441399936695949,,0.0,0.0,,meia praia,3. apartamento (3q+),225143660,True,23,4.599999904632568
1274829509619951251,,0.0,0.0,,morretes,1. apartamento compacto (0-1q),420310155,True,23,5.0
1283577977387075425,,0.0,0.0,,meia praia,3. apartamento (3q+),10844239,False,10,5.0
1280480893558662063,,0.0,0.0,,meia praia,2. apartamento (2q),598548788,True,8,4.0
53061946,,0.0,0.0,,meia praia,3. apartamento (3q+),429416702,True,27,4.829999923706055
35769555,,0.0,0.0,,meia praia,3. apartamento (3q+),169900731,False,24,5.0
52670832,,13.0,0.12380952380952381,1.0,meia praia,3. apartamento (3q+),426361261,True,41,4.929999828338623
41147466,,45.0,0.42857142857142855,2.0,meia praia,1. apartamento compacto (0-1q),227013163,True,35,4.860000133514404
1272690338912432550,,0.0,0.0,,meia praia,3. apartamento (3q+),510357759,False,9,5.0
785784636475143410,,0.0,0.0,,meia praia,4. casa,308168835,True,7,5.0
52365560,,75.0,0.7142857142857143,3.0,meia praia,1. apartamento compacto (0-1q),227594061,True,14,4.800000190734863
1315850768550074764,,0.0,0.0,,meia praia,3. apartamento (3q+),667775411,False,10,5.0
1308238916550577232,,0.0,0.0,,meia praia,5. hotel/outros,511327694,False,8,5.0
37708447,,44.0,0.41904761904761906,3.0,meia praia,3. apartamento (3q+),178028206,True,54,4.989999771118164
1285613084580667244,,0.0,0.0,,tabuleiro dos oliveiras,2. apartamento (2q),10844239,False,15,5.0
784836681288428817,396.6666666666667,65.0,0.6190476190476191,4.0,casa branca,2. apartamento (2q),487523223,True,34,4.769999980926514
784933344932137170,,0.0,0.0,,meia praia,2. apartamento (2q),491936568,True,8,3.670000076293945
1227459805499079330,,0.0,0.0,,meia praia,3. apartamento (3q+),593474672,False,11,5.0
1274634755881062241,,0.0,0.0,,meia praia,3. apartamento (3q+),162121775,True,8,5.0
53235128,,0.0,0.0,,meia praia,3. apartamento (3q+),404481234,False,5,5.0
32087372,,0.0,0.0,,centro,2. apartamento (2q),231644904,False,9,5.0
1171049670344322120,,61.0,0.580952380952381,3.0,meia praia,3. apartamento (3q+),244081776,True,27,4.820000171661377
7908433,,0.0,0.0,,centro,3. apartamento (3q+),41700892,True,18,2.0
1288272518691593314,,0.0,0.0,,meia praia,3. apartamento (3q+),10844239,False,11,5.0
899100455740535590,,0.0,0.0,,meia praia,3. apartamento (3q+),25087975,True,17,4.5
1204292898244183231,,0.0,0.0,,meia praia,2. apartamento (2q),271072651,False,8,5.0
53962478,,0.0,0.0,,tabuleiro dos oliveiras,3. apartamento (3q+),437134351,True,10,4.670000076293945
1307872333003011643,,0.0,0.0,,morretes,4. casa,666136733,True,8,5.0
1280800255220890348,,0.0,0.0,,meia praia,3. apartamento (3q+),145439182,True,42,5.0
1254489827996538747,1194.8801342453917,74.0,0.7047619047619048,4.0,meia praia,3. apartamento (3q+),596915180,True,24,5.0
1320994692912931266,1319.9357142857143,99.0,0.9428571428571428,4.0,centro,2. apartamento (2q),227777128,False,38,5.0
848559008656826842,,0.0,0.0,,meia praia,3. apartamento (3q+),391416979,True,36,5.0
1306685327731040168,,0.0,0.0,,meia praia,3. apartamento (3q+),550687536,False,10,5.0
21295667,,53.0,0.5047619047619047,3.0,meia praia,3. apartamento (3q+),147436857,True,13,4.869999885559082
41420865,,0.0,0.0,,meia praia,3. apartamento (3q+),160207695,True,11,4.889999866485596
1280516098114627587,,0.0,0.0,,meia praia,2. apartamento (2q),417473895,False,7,5.0
973272705231391942,,45.0,0.42857142857142855,2.0,meia praia,2. apartamento (2q),96045548,True,45,4.920000076293945
1019790042382176128,,0.0,0.0,,morretes,2. apartamento (2q),225564103,False,11,5.0
1043521584839255151,,0.0,0.0,,meia praia,5. hotel/outros,142978320,True,18,5.0
1045916135727198441,,59.0,0.5619047619047619,3.0,meia praia,2. apartamento (2q),478019252,True,30,5.0
1301379564444588820,,0.0,0.0,,morretes,2. apartamento (2q),284333482,False,13,5.0
51602971,,0.0,0.0,,ilhota,2. apartamento (2q),221430579,True,7,5.0
1088677585197194975,,0.0,0.0,,meia praia,3. apartamento (3q+),561420786,False,31,5.0
1295949026927608659,,0.0,0.0,,meia praia,3. apartamento (3q+),146026844,True,9,5.0
1265175646256453272,,0.0,0.0,,meia praia,2. apartamento (2q),25087975,True,18,5.0
31984654,,0.0,0.0,,meia praia,4. casa,239800724,True,27,4.860000133514404
900757690500508426,710.3790322580645,60.0,0.5714285714285714,4.0,meia praia,2. apartamento (2q),108479878,True,9,4.949999809265137
1292943434213927466,,0.0,0.0,,meia praia,2. apartamento (2q),115900186,False,11,5.0
53226144,,0.0,0.0,,meia praia,3. apartamento (3q+),376213103,True,36,4.5
821574780923920105,,54.0,0.5142857142857142,3.0,meia praia,3. apartamento (3q+),439660269,True,37,5.0
927428463306244244,,0.0,0.0,,morretes,3. apartamento (3q+),40876651,False,15,5.0
808019784306489945,,0.0,0.0,,meia praia,3. apartamento (3q+),146316500,True,10,5.0
1062493272768761730,,0.0,0.0,,centro,4. casa,554717777,False,7,5.0
1319759274310554299,,0.0,0.0,,leopoldo zarling,2. apartamento (2q),515187929,True,30,5.0
39583346,556.25,50.0,0.47619047619047616,4.0,meia praia,3. apartamento (3q+),120964560,True,20,4.980000019073486
52059007,1003.443533682648,105.0,1.0,4.0,centro,2. apartamento (2q),3062823,True,66,5.0
821939538006222871,,0.0,0.0,,morretes,2. apartamento (2q),209357340,False,48,5.0
605589358786863903,,0.0,0.0,,meia praia,3. apartamento (3q+),110012306,True,48,4.940000057220459
52417933,,0.0,0.0,,meia praia,3. apartamento (3q+),228914327,True,53,5.0
1292189218941126475,,0.0,0.0,,meia praia,3. apartamento (3q+),662673899,False,16,5.0
53772254,,0.0,0.0,,morretes,2. apartamento (2q),435509246,True,30,4.860000133514404
1081079396935173040,,0.0,0.0,,casa branca,2. apartamento (2q),388282482,False,7,5.0
1319790591329298676,,0.0,0.0,,morretes,4. casa,668747166,True,6,4.0
1312462472768874352,,0.0,0.0,,meia praia,3. apartamento (3q+),667144011,False,7,5.0
1033307362565448159,,0.0,0.0,,meia praia,3. apartamento (3q+),548228073,True,31,5.0
12916558,,0.0,0.0,,meia praia,2. apartamento (2q),69191845,True,29,4.96999979019165
1309361779453704730,,0.0,0.0,,meia praia,5. hotel/outros,666482761,False,37,5.0
1270200031368317954,,0.0,0.0,,meia praia,2. apartamento (2q),657763903,False,10,5.0
42625075,1133.4576612903224,61.0,0.580952380952381,4.0,meia praia,3. apartamento (3q+),219606283,True,41,4.769999980926514
46710652,609.6451612903226,71.0,0.6761904761904762,4.0,meia praia,3. apartamento (3q+),333431124,True,15,4.940000057220459
1250588718856817262,,0.0,0.0,,meia praia,3. apartamento (3q+),122699535,True,7,5.0
40209404,377.7794947817837,73.0,0.6952380952380952,4.0,centro,1. apartamento compacto (0-1q),137095078,True,51,4.860000133514404
1263661422266747978,,0.0,0.0,,centro,3. apartamento (3q+),103841036,False,12,5.0
52758042,2883.12893625192,103.0,0.9809523809523809,4.0,meia praia,3. apartamento (3q+),108479878,True,41,5.0
837646263953285868,495.79334319923373,68.0,0.6476190476190476,4.0,meia praia,2. apartamento (2q),433491007,True,36,5.0
1248668269359700392,,0.0,0.0,,meia praia,3. apartamento (3q+),652811419,False,9,5.0
46724379,447.75389735546713,100.0,0.9523809523809523,4.0,meia praia,2. apartamento (2q),377630426,True,49,4.909999847412109
1202808115752579073,,0.0,0.0,,meia praia,1. apartamento compacto (0-1q),272771814,True,9,4.0
1314645874904397464,,0.0,0.0,,alto sao bento,4. casa,667653882,True,21,5.0
40635397,,0.0,0.0,,meia praia,5. hotel/outros,315036089,False,27,5.0
1270636967067286722,,0.0,0.0,,morretes,2. apartamento (2q),461405891,True,34,5.0
1070321901292245151,,0.0,0.0,,meia praia,2. apartamento (2q),542484669,True,8,5.0
40191152,1831.4877109158986,76.0,0.7238095238095238,4.0,meia praia,3. apartamento (3q+),99685826,True,33,5.0
1163078563965434837,,0.0,0.0,,meia praia,3. apartamento (3q+),567492349,False,10,5.0
1274124307205895648,,0.0,0.0,,meia praia,3. apartamento (3q+),115900186,False,30,5.0
1290748904415576815,,0.0,0.0,,centro,1. apartamento compacto (0-1q),259280631,True,15,5.0
1029597585777872278,,0.0,0.0,,meia praia,5. hotel/outros,522635516,False,22,5.0
1273591253351586030,,0.0,0.0,,meia praia,5. hotel/outros,212461808,False,12,5.0
1276119476031269336,,0.0,0.0,,ilhota,5. hotel/outros,401294782,False,18,5.0
763580356087428942,,0.0,0.0,,meia praia,3. apartamento (3q+),117887571,False,32,5.0
53472952,,0.0,0.0,,meia praia,3. apartamento (3q+),408202248,True,8,5.0
790006111813482352,425.7822580645161,68.0,0.6476190476190476,4.0,meia praia,2. apartamento (2q),168733553,True,9,5.0
29302246,375.9247311827957,58.0,0.5523809523809524,4.0,casa branca,2. apartamento (2q),130014999,True,34,4.909999847412109
1060214707285139869,,0.0,0.0,,meia praia,3. apartamento (3q+),376536266,False,10,5.0
1311811615123455309,,0.0,0.0,,meia praia,3. apartamento (3q+),425458749,False,7,5.0
1316959290447974699,,0.0,0.0,,meia praia,3. apartamento (3q+),448180798,False,14,5.0
15484946,,0.0,0.0,,meia praia,3. apartamento (3q+),218109022,True,14,4.860000133514404
953787921083237020,,0.0,0.0,,meia praia,2. apartamento (2q),108479878,True,11,3.0
1225552757674965717,,0.0,0.0,,meia praia,1. apartamento compacto (0-1q),593512123,False,9,5.0
1295584527100605957,,0.0,0.0,,casa branca,1. apartamento compacto (0-1q),11899954,True,22,5.0
767460583685499400,,0.0,0.0,,meia praia,3. apartamento (3q+),315313940,False,13,5.0
1135613574739937290,,0.0,0.0,,meia praia,3. apartamento (3q+),234335200,True,25,5.0
1264084742447517566,,0.0,0.0,,meia praia,3. apartamento (3q+),108479878,True,22,5.0
1278291694238862649,,0.0,0.0,,morretes,1. apartamento compacto (0-1q),560473060,False,10,5.0
670854595604806968,,0.0,0.0,,meia praia,3. apartamento (3q+),319665944,True,44,4.130000114440918
51683537,,28.0,0.26666666666666666,3.0,meia praia,2. apartamento (2q),201292310,True,39,5.0
51998239,,0.0,0.0,,meia praia,2. apartamento (2q),202533076,True,42,4.75
1218889785346856352,,30.0,0.2857142857142857,2.0,meia praia,2. apartamento (2q),308986574,True,19,4.699999809265137
1316195905735253523,,0.0,0.0,,meia praia,3. apartamento (3q+),316540946,False,8,5.0
971842566313878284,,0.0,0.0,,meia praia,3. apartamento (3q+),271656809,True,27,5.0
1295027232705287514,,0.0,0.0,,meia praia,2. apartamento (2q),71803476,True,7,5.0
780376166619260652,,44.0,0.41904761904761906,3.0,meia praia,3. apartamento (3q+),312224536,True,31,5.0
892721989592935461,453.2782738095238,49.0,0.4666666666666667,4.0,centro,2. apartamento (2q),504021760,True,33,5.0
41110950,,0.0,0.0,,meia praia,3. apartamento (3q+),311476223,False,23,5.0
53492577,,28.0,0.26666666666666666,2.0,meia praia,3. apartamento (3q+),433162432,True,17,4.929999828338623
41731856,,0.0,0.0,,morretes,4. casa,20614599,True,28,4.0
759487100003663236,,0.0,0.0,,meia praia,3. apartamento (3q+),487574267,True,37,5.0
828604972098195646,,0.0,0.0,,morretes,2. apartamento (2q),331769078,True,38,5.0
978410400232267791,,31.0,0.29523809523809524,1.0,centro,2. apartamento (2q),536674716,True,14,5.0
685180289283119897,,0.0,0.0,,meia praia,3. apartamento (3q+),211800302,True,32,5.0
1268126365088141700,,0.0,0.0,,ilhota,4. casa,657283229,True,0,5.0
16570256,,47.0,0.44761904761904764,3.0,meia praia,3. apartamento (3q+),109165105,True,7,4.769999980926514
1282062740450789673,,0.0,0.0,,meia praia,1. apartamento compacto (0-1q),427854454,True,46,4.860000133514404
1085691112267776871,,0.0,0.0,,centro,3. apartamento (3q+),252039796,False,20,5.0
1290814486929381558,,0.0,0.0,,meia praia,3. apartamento (3q+),482395736,True,23,5.0
553003292946748499,,0.0,0.0,,meia praia,2. apartamento (2q),443077455,True,28,4.5
1063718516191302378,,0.0,0.0,,centro,4. casa,555044563,True,15,5.0
52354467,,68.0,0.6476190476190476,3.0,meia praia,3. apartamento (3q+),31856877,True,37,4.900000095367432
1234757378137103445,,0.0,0.0,,alto sao bento,4. casa,598825789,False,23,5.0
720454649154858775,,0.0,0.0,,centro,3. apartamento (3q+),79048120,True,24,5.0
1055009941446428480,,0.0,0.0,,meia praia,2. apartamento (2q),311558107,False,9,5.0
47816646,518.4822196620584,73.0,0.6952380952380952,4.0,ilhota,2. apartamento (2q),162290634,True,42,4.840000152587891
1204248347415248238,,0.0,0.0,,meia praia,3. apartamento (3q+),547841177,False,11,5.0
1218841454732809540,,0.0,0.0,,meia praia,3. apartamento (3q+),593474672,False,11,5.0
42138941,1148.2142857142858,69.0,0.6571428571428571,4.0,meia praia,2. apartamento (2q),252425745,True,23,4.949999809265137
674910076938335548,,0.0,0.0,,meia praia,3. apartamento (3q+),419860156,False,25,5.0
41189223,,0.0,0.0,,meia praia,5. hotel/outros,142978320,True,20,5.0
51869457,,0.0,0.0,,meia praia,2. apartamento (2q),377608843,True,12,4.0
42704327,1259.729792267552,84.0,0.8,4.0,centro,3. apartamento (3q+),340165323,True,8,5.0
1307535773934264183,,0.0,0.0,,leopoldo zarling,2. apartamento (2q),559088996,True,7,5.0
42013117,,26.0,0.24761904761904763,3.0,meia praia,2. apartamento (2q),236385921,True,31,5.0
1004324051500331631,,0.0,0.0,,morretes,5. hotel/outros,276008409,True,9,5.0
27981528,512.8529411764706,61.0,0.580952380952381,4.0,casa branca,3. apartamento (3q+),50656328,True,40,4.929999828338623
1302915484972141963,,0.0,0.0,,meia praia,3. apartamento (3q+),492062922,True,30,4.0
21426355,,0.0,0.0,,meia praia,3. apartamento (3q+),147436857,True,15,4.5
52597268,,0.0,0.0,,meia praia,2. apartamento (2q),224990158,True,11,4.5
1313795256370645827,,0.0,0.0,,meia praia,4. casa,488110433,False,8,5.0
1184078920130796920,,70.0,0.6666666666666666,3.0,morretes,2. apartamento (2q),15890874,True,14,5.0
1302889068864518580,,0.0,0.0,,meia praia,1. apartamento compacto (0-1q),665034745,True,9,3.0
811709074422811670,,0.0,0.0,,meia praia,3. apartamento (3q+),187547742,True,9,5.0
1062221285605590578,668.7569120967742,82.0,0.780952380952381,4.0,centro,3. apartamento (3q+),211908900,True,11,5.0
41533462,591.2546082949309,71.0,0.6761904761904762,4.0,meia praia,3. apartamento (3q+),10550294,True,42,4.789999961853027
53645678,,61.0,0.580952380952381,3.0,meia praia,3. apartamento (3q+),173859664,True,42,5.0
1306809283526305081,,0.0,0.0,,centro,4. casa,665573189,False,5,5.0
47402735,510.71729390681,66.0,0.6285714285714286,4.0,centro,2. apartamento (2q),330683989,True,15,5.0
1052121945869515435,,0.0,0.0,,meia praia,3. apartamento (3q+),371957461,False,6,5.0
1077492316414499084,,0.0,0.0,,meia praia,3. apartamento (3q+),493784281,True,11,5.0
1304455775789322162,,0.0,0.0,,centro,3. apartamento (3q+),259203463,False,12,5.0
833867838148713852,,0.0,0.0,,meia praia,3. apartamento (3q+),437027272,False,29,5.0
946609581890906389,,37.0,0.3523809523809524,3.0,meia praia,3. apartamento (3q+),57580549,True,29,4.909999847412109
1019636890178600089,,0.0,0.0,,morretes,3. apartamento (3q+),162405981,False,14,5.0
1084601543056055517,,63.0,0.6,3.0,meia praia,3. apartamento (3q+),201616042,True,50,5.0
1298113105648056650,,0.0,0.0,,centro,1. apartamento compacto (0-1q),663373020,True,4,5.0
1260256348738959140,,0.0,0.0,,meia praia,2. apartamento (2q),468861865,True,8,5.0
1243536832385601423,,0.0,0.0,,meia praia,3. apartamento (3q+),84924129,True,14,5.0
996665133267528543,,0.0,0.0,,meia praia,2. apartamento (2q),496240216,True,25,5.0
1021217453140595481,460.31089743589746,46.0,0.4380952380952381,4.0,meia praia,5. hotel/outros,545794498,True,15,5.0
1301015174730972466,,0.0,0.0,,morretes,3. apartamento (3q+),542484669,True,7,5.0
1052110098791057231,739.0467741935483,53.0,0.5047619047619047,4.0,meia praia,2. apartamento (2q),227777128,True,20,4.630000114440918
983201825098689552,,0.0,0.0,,meia praia,2. apartamento (2q),231291077,False,40,5.0
1188639812430682567,,0.0,0.0,,meia praia,3. apartamento (3q+),310441201,False,11,5.0
845479200444650654,,0.0,0.0,,meia praia,2. apartamento (2q),504870443,True,9,3.0
997133250166986381,,0.0,0.0,,meia praia,3. apartamento (3q+),2542010,True,41,5.0
831740758559247685,,34.0,0.3238095238095238,2.0,meia praia,3. apartamento (3q+),475370954,True,35,5.0
31692474,,0.0,0.0,,meia praia,2. apartamento (2q),174218663,True,16,4.78000020980835
1320242771907724121,,0.0,0.0,,meia praia,2. apartamento (2q),492337240,False,8,5.0
1032603633256981746,,0.0,0.0,,meia praia,2. apartamento (2q),342639462,True,31,5.0
1321714725559830637,,0.0,0.0,,alto sao bento,4. casa,437298914,False,7,5.0
915147039928102783,,0.0,0.0,,centro,3. apartamento (3q+),111618591,True,19,5.0
40320100,,75.0,0.7142857142857143,3.0,morretes,2. apartamento (2q),62313742,True,54,4.960000038146973
1257288079722843094,,0.0,0.0,,centro,3. apartamento (3q+),654667093,True,31,4.75
1252064295819794717,,0.0,0.0,,meia praia,3. apartamento (3q+),180992995,True,8,5.0
1267324968498300527,,0.0,0.0,,meia praia,3. apartamento (3q+),585855067,True,14,5.0
47778811,,0.0,0.0,,centro,4. casa,225008032,True,10,5.0
1263718185850976352,,0.0,0.0,,morretes,2. apartamento (2q),38848097,True,62,5.0
1245608341070665271,,0.0,0.0,,meia praia,5. hotel/outros,258679257,True,7,5.0
16350860,,65.0,0.6190476190476191,3.0,meia praia,2. apartamento (2q),38708367,True,30,4.900000095367432
1295166056999070487,,0.0,0.0,,meia praia,3. apartamento (3q+),200426049,False,9,5.0
1038507931322981252,,0.0,0.0,,meia praia,3. apartamento (3q+),150183826,True,31,5.0
1321724828933253635,,0.0,0.0,,sertao do trombudo,4. casa,485344872,False,8,5.0
1235684940858034080,,0.0,0.0,,morretes,2. apartamento (2q),103440878,True,28,5.0
774893767784499277,,0.0,0.0,,meia praia,3. apartamento (3q+),108479878,True,9,5.0
1258033050318022499,,0.0,0.0,,meia praia,3. apartamento (3q+),274607875,False,10,5.0
1307414210396035125,,0.0,0.0,,centro,1. apartamento compacto (0-1q),259280631,True,15,5.0
1233428779577247122,,0.0,0.0,,meia praia,3. apartamento (3q+),462772427,True,13,5.0
791311171339807347,,0.0,0.0,,canto da praia,4. casa,203400373,False,22,5.0
4334911,,0.0,0.0,,meia praia,2. apartamento (2q),9053350,True,17,4.5
1320401171074397678,,0.0,0.0,,meia praia,4. casa,667956158,False,9,5.0
1198703061430420363,,40.0,0.38095238095238093,3.0,centro,1. apartamento compacto (0-1q),589186275,True,49,5.0
1099861730076178991,,0.0,0.0,,meia praia,5. hotel/outros,193852558,True,28,4.670000076293945
750727216214250664,,0.0,0.0,,casa branca,2. apartamento (2q),485942934,True,30,4.880000114440918
53659639,,0.0,0.0,,ilhota,3. apartamento (3q+),278487875,True,51,4.920000076293945
49458831,,0.0,0.0,,meia praia,3. apartamento (3q+),397869265,True,45,4.670000076293945
1297995073731505987,,0.0,0.0,,meia praia,2. apartamento (2q),223430707,True,12,5.0
1310723768119397365,,0.0,0.0,,meia praia,2. apartamento (2q),511873383,True,10,5.0
824505899246109397,,0.0,0.0,,meia praia,1. apartamento compacto (0-1q),489737906,True,9,5.0
1293790445530578814,,0.0,0.0,,meia praia,3. apartamento (3q+),306026832,True,48,5.0
1236346204565200349,,0.0,0.0,,centro,2. apartamento (2q),583707592,True,9,5.0
1322385498684680916,,0.0,0.0,,meia praia,3. apartamento (3q+),310441201,False,5,5.0
1057414783406807449,,0.0,0.0,,meia praia,3. apartamento (3q+),299041806,True,38,5.0
1282577030741754149,393.1607529569892,72.0,0.6857142857142857,4.0,centro,1. apartamento compacto (0-1q),227777128,True,32,4.139999866485596
1193491060115853150,,0.0,0.0,,meia praia,2. apartamento (2q),558894521,False,11,5.0
32020999,,0.0,0.0,,centro,3. apartamento (3q+),77577553,False,11,5.0
976232490273870209,,0.0,0.0,,centro,5. hotel/outros,102411265,True,10,5.0
1059695717144462622,,0.0,0.0,,centro,1. apartamento compacto (0-1q),551991664,False,8,5.0
818736543411409913,,0.0,0.0,,morretes,3. apartamento (3q+),146796136,True,37,5.0
1041978576015060383,,0.0,0.0,,tabuleiro dos oliveiras,2. apartamento (2q),290515686,True,14,5.0
1075327663234880571,,0.0,0.0,,meia praia,4. casa,558184639,False,10,5.0
40969000,,0.0,0.0,,morretes,3. apartamento (3q+),33233945,True,41,4.800000190734863
834894088253940194,,0.0,0.0,,centro,5. hotel/outros,502728316,True,45,5.0
53498029,,0.0,0.0,,meia praia,2. apartamento (2q),316540946,True,26,4.78000020980835
1293423265067963095,,0.0,0.0,,meia praia,3. apartamento (3q+),543175517,False,5,5.0
801271167231006592,,40.0,0.38095238095238093,2.0,meia praia,2. apartamento (2q),442511487,True,54,4.940000057220459
53673395,,0.0,0.0,,meia praia,2. apartamento (2q),231349656,True,22,4.860000133514404
41132407,,0.0,0.0,,meia praia,3. apartamento (3q+),321958177,True,48,4.0
38638326,652.7261636712749,80.0,0.7619047619047619,4.0,meia praia,3. apartamento (3q+),4678179,True,49,4.980000019073486
818022189335953041,,0.0,0.0,,meia praia,3. apartamento (3q+),499195919,False,7,5.0
1312945995548248214,,0.0,0.0,,meia praia,3. apartamento (3q+),667249617,False,29,5.0
1317427472349939673,1000.0,91.0,0.8666666666666667,4.0,centro,4. casa,491887423,False,9,5.0
1053008149558341270,,0.0,0.0,,meia praia,2. apartamento (2q),552289167,True,7,4.329999923706055
1310198838605428702,,0.0,0.0,,meia praia,3. apartamento (3q+),202862054,True,33,5.0
1049326819777203032,,0.0,0.0,,meia praia,1. apartamento compacto (0-1q),533844755,True,15,4.0
1285210356898297607,,0.0,0.0,,meia praia,5. hotel/outros,267606175,True,13,4.5
47438974,,0.0,0.0,,meia praia,3. apartamento (3q+),281590393,True,40,4.670000076293945
53605382,800.0,39.0,0.37142857142857144,4.0,centro,3. apartamento (3q+),224709540,True,54,4.920000076293945
40029462,,0.0,0.0,,meia praia,3. apartamento (3q+),56904992,False,18,5.0
1293504480087014303,,0.0,0.0,,meia praia,5. hotel/outros,229296509,True,22,4.5
50126529,,0.0,0.0,,meia praia,2. apartamento (2q),298545921,False,7,5.0
1132715317119729762,,0.0,0.0,,meia praia,3. apartamento (3q+),169512508,False,14,5.0
1036076122797230041,,0.0,0.0,,meia praia,3. apartamento (3q+),380602348,True,42,5.0
1041940042061951082,,0.0,0.0,,centro,2. apartamento (2q),480836598,True,8,4.599999904632568
1261881302898817783,,0.0,0.0,,morretes,2. apartamento (2q),655515728,True,7,5.0
52060773,,0.0,0.0,,morretes,4. casa,366300202,False,32,5.0
986229158443814071,,0.0,0.0,,meia praia,5. hotel/outros,40876651,False,16,5.0
1002236089961478005,,0.0,0.0,,meia praia,3. apartamento (3q+),162574240,True,43,5.0
1281869517160680829,,0.0,0.0,,meia praia,3. apartamento (3q+),561945089,False,10,5.0
52646204,,66.0,0.6285714285714286,3.0,meia praia,3. apartamento (3q+),37074549,True,35,5.0
1030509452142976566,,0.0,0.0,,casa branca,1. apartamento compacto (0-1q),174629659,True,41,5.0
1070904323883025927,,0.0,0.0,,meia praia,3. apartamento (3q+),557036025,False,6,5.0
37208458,,0.0,0.0,,centro,5. hotel/outros,280075695,True,22,4.670000076293945
1050222799566539931,,0.0,0.0,,meia praia,3. apartamento (3q+),280097990,True,31,5.0
1322499716276784108,,0.0,0.0,,meia praia,3. apartamento (3q+),285656313,False,35,5.0
40560834,738.4802068763092,90.0,0.8571428571428571,4.0,centro,2. apartamento (2q),137095078,True,56,4.860000133514404
1321267864417287720,,0.0,0.0,,meia praia,3. apartamento (3q+),435937608,False,11,5.0
52469454,,0.0,0.0,,meia praia,3. apartamento (3q+),404898794,True,53,4.78000020980835
8753204,,0.0,0.0,,canto da praia,4. casa,40991416,True,53,4.940000057220459
41310506,,0.0,0.0,,meia praia,1. apartamento compacto (0-1q),268665681,False,12,5.0
1002366861944342964,,0.0,0.0,,meia praia,3. apartamento (3q+),486996844,False,10,5.0
1208704132667695539,584.382517281106,95.0,0.9047619047619048,4.0,centro,1. apartamento compacto (0-1q),227777128,False,39,5.0
1045459185575382038,504.85599078341016,93.0,0.8857142857142857,4.0,morretes,2. apartamento (2q),323636986,True,36,5.0
53669499,,59.0,0.5619047619047619,3.0,meia praia,3. apartamento (3q+),25984866,True,17,4.900000095367432
1023056185859448284,,0.0,0.0,,meia praia,1. apartamento compacto (0-1q),123330809,True,18,5.0
48237766,,0.0,0.0,,meia praia,3. apartamento (3q+),177393041,True,34,5.0
779185345285397997,,0.0,0.0,,centro,3. apartamento (3q+),7287071,True,31,4.5
862330712753319323,,0.0,0.0,,meia praia,3. apartamento (3q+),259007703,False,8,5.0
21607605,857.1533802536231,47.0,0.44761904761904764,4.0,meia praia,3. apartamento (3q+),93056854,True,19,4.849999904632568
1305300195228438309,,0.0,0.0,,meia praia,5. hotel/outros,577062328,True,34,5.0
54058056,,0.0,0.0,,morretes,2. apartamento (2q),272771814,True,10,5.0
1281343553476595754,,0.0,0.0,,meia praia,3. apartamento (3q+),201616042,False,46,5.0
721635424816164605,757.2624446753247,59.0,0.5619047619047619,4.0,meia praia,3. apartamento (3q+),480585598,True,29,5.0
986217694270946924,,0.0,0.0,,meia praia,1. apartamento compacto (0-1q),272961395,True,18,5.0
40438783,,0.0,0.0,,alto sao bento,4. casa,312800700,False,11,5.0
31284638,967.3611111111111,40.0,0.38095238095238093,4.0,centro,3. apartamento (3q+),130899725,True,39,5.0
1254225649735122492,,0.0,0.0,,meia praia,2. apartamento (2q),653350981,True,30,5.0
1182694533857824250,,0.0,0.0,,meia praia,3. apartamento (3q+),558894521,False,9,5.0
46036384,369.34451754385964,58.0,0.5523809523809524,4.0,morretes,2. apartamento (2q),229738159,True,47,4.920000076293945
53717416,672.8053059395801,76.0,0.7238095238095238,4.0,meia praia,3. apartamento (3q+),227777128,True,24,4.5
21324331,,34.0,0.3238095238095238,2.0,meia praia,2. apartamento (2q),154361388,True,48,4.900000095367432
1005318923013871091,,0.0,0.0,,meia praia,3. apartamento (3q+),170042193,False,13,5.0
27022969,,60.0,0.5714285714285714,3.0,meia praia,3. apartamento (3q+),158715358,True,30,5.0
782548209247570691,,54.0,0.5142857142857142,3.0,meia praia,3. apartamento (3q+),363548107,True,44,4.940000057220459
784842998263544489,,0.0,0.0,,meia praia,5. hotel/outros,162515735,True,30,5.0
1120353092365123845,,0.0,0.0,,meia praia,3. apartamento (3q+),440313242,False,24,5.0
799251513158018593,,60.0,0.5714285714285714,3.0,morretes,3. apartamento (3q+),407863529,True,36,4.960000038146973
1153552657765472365,,35.0,0.3333333333333333,3.0,centro,2. apartamento (2q),25087975,True,14,5.0
1148360450191371304,,0.0,0.0,,meia praia,5. hotel/outros,452878441,False,9,5.0
1298089208997497330,,0.0,0.0,,centro,3. apartamento (3q+),169848306,False,6,5.0
1285674054114767622,,0.0,0.0,,meia praia,3. apartamento (3q+),661202841,False,39,5.0
53076658,,0.0,0.0,,varzea,4. casa,229738159,False,17,5.0
1318312639932328514,,0.0,0.0,,centro,2. apartamento (2q),234165177,False,13,5.0
633809099013662442,,42.0,0.4,3.0,meia praia,3. apartamento (3q+),365165683,True,9,4.980000019073486
47468878,,0.0,0.0,,meia praia,3. apartamento (3q+),382654895,False,36,5.0
48719693,,0.0,0.0,,meia praia,2. apartamento (2q),20366219,True,30,4.880000114440918
1306545959582020873,,0.0,0.0,,alto sao bento,4. casa,568697943,False,9,5.0
1139831117529014384,586.415034562212,82.0,0.780952380952381,4.0,tabuleiro dos oliveiras,3. apartamento (3q+),532186286,True,34,5.0
708045427082372124,1256.9854838709678,94.0,0.8952380952380953,4.0,centro,2. apartamento (2q),233212126,True,39,5.0
1213824251801309412,1158.5425933786078,72.0,0.6857142857142857,4.0,meia praia,3. apartamento (3q+),227777128,True,29,4.5
1313121404040146831,,0.0,0.0,,meia praia,3. apartamento (3q+),162405981,False,8,5.0
1084956409800718038,,0.0,0.0,,meia praia,2. apartamento (2q),16105306,False,38,5.0
988202244677112791,,0.0,0.0,,meia praia,2. apartamento (2q),538829706,True,12,5.0
16433733,,0.0,0.0,,meia praia,3. apartamento (3q+),107753235,True,11,4.099999904632568
1260119534147831091,,0.0,0.0,,morretes,5. hotel/outros,655451733,True,11,5.0
730934848762809144,,0.0,0.0,,meia praia,3. apartamento (3q+),482320632,True,39,4.670000076293945
1254096741071252185,,0.0,0.0,,centro,3. apartamento (3q+),295108642,False,8,5.0
558481029019897262,,0.0,0.0,,morretes,4. casa,20614599,False,23,5.0
745572996552080346,,0.0,0.0,,centro,3. apartamento (3q+),485047305,True,12,5.0
45910811,,0.0,0.0,,centro,3. apartamento (3q+),82821456,False,10,5.0
1074579695311638969,,0.0,0.0,,centro,2. apartamento (2q),93463825,True,38,5.0
769389251553220948,,0.0,0.0,,meia praia,2. apartamento (2q),488571961,True,43,4.820000171661377
758092376605605790,,0.0,0.0,,meia praia,3. apartamento (3q+),129653205,True,4,5.0
1178901329731775839,,0.0,0.0,,meia praia,3. apartamento (3q+),169512508,False,12,5.0
1225953904981320094,,0.0,0.0,,meia praia,2. apartamento (2q),554278783,True,39,4.0
1213193646257958999,,0.0,0.0,,meia praia,3. apartamento (3q+),491078440,True,50,5.0
815359504472587443,,0.0,0.0,,meia praia,3. apartamento (3q+),52982144,False,31,5.0
1030981527494824971,,27.0,0.2571428571428571,3.0,morretes,2. apartamento (2q),287171574,True,32,5.0
1284747495879515579,,0.0,0.0,,centro,3. apartamento (3q+),245194685,False,58,5.0
22400948,,0.0,0.0,,morretes,4. casa,20614599,True,29,4.5
771134836709283777,,15.0,0.14285714285714285,3.0,meia praia,3. apartamento (3q+),367477498,True,14,4.199999809265137
1312900333833141726,,0.0,0.0,,morretes,3. apartamento (3q+),529268905,False,9,5.0
1275739733166585174,,0.0,0.0,,meia praia,3. apartamento (3q+),108479878,False,9,5.0
18505349,,30.0,0.2857142857142857,2.0,centro,3. apartamento (3q+),113630743,True,49,4.829999923706055
53122209,,0.0,0.0,,meia praia,3. apartamento (3q+),430043694,True,48,5.0
999204416549665212,,0.0,0.0,,meia praia,2. apartamento (2q),489737906,True,9,5.0
32035183,,0.0,0.0,,centro,4. casa,240175683,True,17,4.820000171661377
21471023,,0.0,0.0,,meia praia,3. apartamento (3q+),94612437,False,9,5.0
803616124180331594,,0.0,0.0,,morretes,5. hotel/outros,224061270,True,28,4.0
1323262304813246840,,0.0,0.0,,morretes,5. hotel/outros,669723189,True,3,5.0
709346217026755868,,0.0,0.0,,meia praia,3. apartamento (3q+),416053142,True,8,4.690000057220459
980310639590708922,614.5227150537634,91.0,0.8666666666666667,4.0,meia praia,2. apartamento (2q),227777128,True,22,4.860000133514404
1041406659315540390,,0.0,0.0,,meia praia,3. apartamento (3q+),328037091,False,19,5.0
855593191687560480,,0.0,0.0,,meia praia,3. apartamento (3q+),505287830,True,15,4.889999866485596
1307990731854726273,,0.0,0.0,,centro,3. apartamento (3q+),564369168,False,8,5.0
841394344184198064,,31.0,0.29523809523809524,3.0,centro,3. apartamento (3q+),333991592,True,20,4.900000095367432
1186108413179366346,,0.0,0.0,,morretes,4. casa,579053443,True,27,3.75
12931525,,46.0,0.4380952380952381,3.0,meia praia,3. apartamento (3q+),22866354,True,39,4.849999904632568
16192299,,0.0,0.0,,centro,3. apartamento (3q+),105740437,True,30,4.920000076293945
1042891359278676628,,0.0,0.0,,meia praia,3. apartamento (3q+),493030222,False,33,5.0
16661542,,0.0,0.0,,morretes,4. casa,20614599,True,27,4.289999961853027
559902123122561436,,0.0,0.0,,centro,2. apartamento (2q),441209799,True,7,5.0
42602544,,0.0,0.0,,meia praia,2. apartamento (2q),237620710,True,6,4.710000038146973
1283982403734255309,542.5991359447005,67.0,0.638095238095238,4.0,centro,1. apartamento compacto (0-1q),227777128,True,36,4.909999847412109
815250550195229821,,0.0,0.0,,meia praia,1. apartamento compacto (0-1q),498566318,True,7,5.0
784714566938065959,,0.0,0.0,,meia praia,3. apartamento (3q+),417447381,False,7,5.0
1290672259081353958,,0.0,0.0,,morretes,5. hotel/outros,381604431,True,8,5.0
765352987934363967,,0.0,0.0,,meia praia,3. apartamento (3q+),488659125,True,25,5.0
979807633052942844,,0.0,0.0,,meia praia,3. apartamento (3q+),533109382,True,22,5.0
974676828545143124,,0.0,0.0,,centro,5. hotel/outros,40876651,False,13,5.0
1039154693965614296,,0.0,0.0,,meia praia,3. apartamento (3q+),227595936,True,7,5.0
986091250803335044,,0.0,0.0,,casa branca,2. apartamento (2q),538373412,False,11,5.0
1129240866521731428,,0.0,0.0,,meia praia,2. apartamento (2q),566410696,True,32,5.0
8325723,,0.0,0.0,,meia praia,3. apartamento (3q+),15484490,True,37,4.909999847412109
784598714032826222,1154.8204382936508,71.0,0.6761904761904762,4.0,meia praia,3. apartamento (3q+),491528799,True,11,4.869999885559082
599368528094352718,,24.0,0.22857142857142856,3.0,meia praia,3. apartamento (3q+),237271118,True,60,4.960000038146973
1322388174775746079,,0.0,0.0,,meia praia,3. apartamento (3q+),227352591,False,30,5.0
1028988415727336651,552.972295967742,70.0,0.6666666666666666,4.0,meia praia,1. apartamento compacto (0-1q),489737906,True,6,5.0
1320977847975808970,,0.0,0.0,,meia praia,2. apartamento (2q),237646163,False,32,5.0
739119927990563923,,0.0,0.0,,alto sao bento,2. apartamento (2q),226494357,True,10,5.0
48182966,,0.0,0.0,,centro,3. apartamento (3q+),170710320,False,24,5.0
1304420440489036276,,0.0,0.0,,morretes,4. casa,665407493,True,5,5.0
1309702240684831451,,0.0,0.0,,centro,2. apartamento (2q),287605458,False,12,5.0
42362968,,0.0,0.0,,centro,2. apartamento (2q),142692280,True,17,4.800000190734863
1288631745410289331,,0.0,0.0,,centro,5. hotel/outros,486812874,False,11,5.0
1055301475132487378,,0.0,0.0,,centro,2. apartamento (2q),540153551,True,34,5.0
628340205412932131,,12.0,0.11428571428571428,3.0,morretes,1. apartamento compacto (0-1q),13675693,True,45,4.960000038146973
1069442661178052272,,0.0,0.0,,meia praia,3. apartamento (3q+),310441201,False,7,5.0
586021359699432850,,0.0,0.0,,meia praia,3. apartamento (3q+),156159180,False,20,5.0
1323103434074226721,,0.0,0.0,,meia praia,2. apartamento (2q),108539420,True,11,5.0
1053019884849497334,,0.0,0.0,,meia praia,3. apartamento (3q+),552289167,False,8,5.0
769638600726888512,,0.0,0.0,,meia praia,2. apartamento (2q),434495047,False,5,5.0
936332699195593802,,0.0,0.0,,meia praia,2. apartamento (2q),420142305,True,11,5.0
940708826177293135,,0.0,0.0,,meia praia,5. hotel/outros,347018429,False,6,5.0
768288843904248283,,0.0,0.0,,tabuleiro dos oliveiras,2. apartamento (2q),230810493,True,30,4.75
30697520,,0.0,0.0,,meia praia,3. apartamento (3q+),127253121,True,37,5.0
593271297231369439,,0.0,0.0,,meia praia,3. apartamento (3q+),302692995,False,11,5.0
974459023862118567,,0.0,0.0,,meia praia,3. apartamento (3q+),226233309,False,29,5.0
1318119519475947447,,0.0,0.0,,meia praia,3. apartamento (3q+),424262730,False,8,5.0
46812114,,0.0,0.0,,meia praia,3. apartamento (3q+),344846604,True,30,5.0
1320326783400396215,,0.0,0.0,,meia praia,2. apartamento (2q),261384905,False,7,5.0
760805979001764233,,3.0,0.02857142857142857,1.0,meia praia,4. casa,487829416,True,41,4.78000020980835
739015384619300207,,58.0,0.5523809523809524,2.0,meia praia,3. apartamento (3q+),25984866,True,13,4.869999885559082
1168127800153462670,,0.0,0.0,,meia praia,3. apartamento (3q+),580553967,True,14,5.0
11008083,,0.0,0.0,,meia praia,3. apartamento (3q+),22892501,True,19,5.0
1259534245145609058,424.852975921659,60.0,0.5714285714285714,4.0,centro,1. apartamento compacto (0-1q),227777128,True,32,5.0
22367379,,0.0,0.0,,meia praia,2. apartamento (2q),163555140,True,14,4.949999809265137
1226369560634486253,,0.0,0.0,,meia praia,3. apartamento (3q+),176856095,False,19,5.0
1279733743094620459,,0.0,0.0,,meia praia,3. apartamento (3q+),547841177,True,8,1.0
894985131313802009,,68.0,0.6476190476190476,3.0,meia praia,3. apartamento (3q+),227777128,True,26,4.329999923706055
53337464,576.3833525345623,89.0,0.8476190476190476,4.0,meia praia,2. apartamento (2q),292810996,True,33,5.0
1072545209824901036,,0.0,0.0,,morretes,3. apartamento (3q+),168120538,False,13,5.0
604521043281534642,,27.0,0.2571428571428571,3.0,centro,3. apartamento (3q+),454189646,True,31,4.949999809265137
45935232,,0.0,0.0,,meia praia,2. apartamento (2q),309595586,False,9,5.0
1238321506456103932,,76.0,0.7238095238095238,3.0,centro,2. apartamento (2q),227777128,True,36,4.670000076293945
52582961,,0.0,0.0,,centro,2. apartamento (2q),91730241,True,28,4.670000076293945
986407426689940399,345.0328947368421,43.0,0.4095238095238095,4.0,meia praia,2. apartamento (2q),371795715,True,46,4.840000152587891
1289263958043683265,,0.0,0.0,,meia praia,3. apartamento (3q+),661009718,False,18,5.0
963040775940890055,687.5437586463134,81.0,0.7714285714285715,4.0,tabuleiro dos oliveiras,2. apartamento (2q),227777128,True,27,4.920000076293945
31891659,,0.0,0.0,,varzea,4. casa,171984936,True,9,4.0
38693604,559.5046082949309,85.0,0.8095238095238095,4.0,meia praia,3. apartamento (3q+),226638643,True,29,4.849999904632568
791313913845076166,,50.0,0.47619047619047616,3.0,meia praia,3. apartamento (3q+),493033982,True,50,5.0
991946075811076825,,0.0,0.0,,meia praia,3. apartamento (3q+),155369575,True,30,4.800000190734863
1270500625990390992,,0.0,0.0,,morretes,4. casa,381604431,False,6,5.0
1291985009511026813,,0.0,0.0,,casa branca,2. apartamento (2q),215406852,True,31,5.0
41822635,,0.0,0.0,,meia praia,3. apartamento (3q+),181283786,False,47,5.0
38569669,,0.0,0.0,,meia praia,3. apartamento (3q+),294279805,True,40,5.0
47844337,,0.0,0.0,,morretes,2. apartamento (2q),190172658,True,50,4.880000114440918
816531385836499020,,0.0,0.0,,meia praia,3. apartamento (3q+),105698234,True,53,5.0
1069710216126818337,,0.0,0.0,,morretes,2. apartamento (2q),321462557,True,11,5.0
20618105,,44.0,0.41904761904761906,3.0,meia praia,2. apartamento (2q),147375383,True,36,4.730000019073486
35826155,,20.0,0.19047619047619047,1.0,meia praia,2. apartamento (2q),269489781,True,39,4.909999847412109
37108379,,0.0,0.0,,centro,5. hotel/outros,278901567,False,8,5.0
45531969,,53.0,0.5047619047619047,3.0,meia praia,3. apartamento (3q+),43117008,True,27,5.0
1314471490376704385,,0.0,0.0,,morretes,2. apartamento (2q),667605343,False,33,5.0
1027088555597671969,,0.0,0.0,,meia praia,3. apartamento (3q+),547013980,True,40,5.0
1263748016799621791,,0.0,0.0,,meia praia,3. apartamento (3q+),265350197,False,8,5.0
47441042,,0.0,0.0,,meia praia,3. apartamento (3q+),382976439,True,17,4.0
1060712994513047104,438.3779683218668,78.0,0.7428571428571429,4.0,morretes,2. apartamento (2q),236312282,True,48,4.900000095367432
1321812028838591137,,0.0,0.0,,meia praia,3. apartamento (3q+),669305103,False,38,5.0
1038473014859458540,,0.0,0.0,,leopoldo zarling,4. casa,547952997,True,23,5.0
42154347,,0.0,0.0,,meia praia,1. apartamento compacto (0-1q),237620710,False,7,5.0
890108624797058843,,0.0,0.0,,meia praia,3. apartamento (3q+),108479878,True,11,5.0
1274679812745645557,557.10291218638,88.0,0.8380952380952381,4.0,centro,1. apartamento compacto (0-1q),227777128,True,38,4.860000133514404
756006202648492532,,0.0,0.0,,meia praia,3. apartamento (3q+),371424235,False,37,5.0
1317493588231563038,,0.0,0.0,,meia praia,2. apartamento (2q),579913957,True,39,5.0
1263250333930923451,,0.0,0.0,,ilhota,4. casa,299606237,True,27,5.0
54197754,,0.0,0.0,,centro,2. apartamento (2q),161767416,True,13,5.0
749236858009962576,,0.0,0.0,,morretes,3. apartamento (3q+),239484039,True,25,5.0
1085708494928220029,,0.0,0.0,,casa branca,2. apartamento (2q),436682532,False,41,5.0
1069655967488909794,,0.0,0.0,,meia praia,5. hotel/outros,246761770,False,14,5.0
47255498,,0.0,0.0,,meia praia,3. apartamento (3q+),381606331,True,32,5.0
1111649100941039100,,0.0,0.0,,meia praia,3. apartamento (3q+),564530653,False,10,5.0
787727349025737770,,0.0,0.0,,tabuleiro dos oliveiras,2. apartamento (2q),128770488,False,7,5.0
1069673755630628429,,0.0,0.0,,meia praia,4. casa,286906295,True,20,5.0
1227549458445970951,,0.0,0.0,,morretes,5. hotel/outros,559455555,True,11,5.0
975376794627405792,,0.0,0.0,,meia praia,2. apartamento (2q),536004494,True,19,5.0
16253828,1639.092252870685,73.0,0.6952380952380952,4.0,meia praia,3. apartamento (3q+),94785537,True,23,4.960000038146973
14872547,,64.0,0.6095238095238096,3.0,meia praia,2. apartamento (2q),38708367,True,36,4.690000057220459
790431243381422888,953.0478110599078,104.0,0.9904761904761905,4.0,meia praia,3. apartamento (3q+),245132330,True,27,5.0
44165129,,0.0,0.0,,meia praia,3. apartamento (3q+),298545921,True,12,5.0
28342148,,0.0,0.0,,meia praia,2. apartamento (2q),160724693,False,11,5.0
1311436396574665693,,0.0,0.0,,meia praia,2. apartamento (2q),474851318,True,13,5.0
1010164576908019973,,0.0,0.0,,meia praia,3. apartamento (3q+),91999091,False,6,5.0
52813149,,0.0,0.0,,meia praia,3. apartamento (3q+),44507062,True,32,4.579999923706055
1287957791965762724,,0.0,0.0,,meia praia,3. apartamento (3q+),656267968,True,12,5.0
1274733643327589564,,0.0,0.0,,centro,5. hotel/outros,657701336,False,5,5.0
45673726,,0.0,0.0,,meia praia,3. apartamento (3q+),370021283,False,28,5.0
730644723519092285,,0.0,0.0,,meia praia,5. hotel/outros,482274506,True,29,5.0
1023309988162338565,,0.0,0.0,,meia praia,3. apartamento (3q+),546199104,False,48,5.0
1273992109121182190,,0.0,0.0,,meia praia,3. apartamento (3q+),201616042,True,46,5.0
1286333977654822712,,0.0,0.0,,meia praia,3. apartamento (3q+),543175517,False,5,5.0
17570590,1640.1900537634408,68.0,0.6476190476190476,4.0,meia praia,3. apartamento (3q+),10844239,True,56,4.820000171661377
16792099,,0.0,0.0,,morretes,4. casa,20614599,True,26,4.670000076293945
885573307899615788,,0.0,0.0,,meia praia,2. apartamento (2q),108479878,True,11,5.0
580589381711973141,,52.0,0.49523809523809526,3.0,morretes,2. apartamento (2q),378773794,True,37,5.0
577333685681759877,560.9945054945055,38.0,0.3619047619047619,4.0,meia praia,2. apartamento (2q),448386175,True,31,4.849999904632568
1062640898662664328,,0.0,0.0,,meia praia,4. casa,537252538,False,8,5.0
1310742028524584660,,0.0,0.0,,centro,5. hotel/outros,665573189,False,10,5.0
1285538056394050628,1054.0780913978494,97.0,0.9238095238095239,4.0,centro,2. apartamento (2q),227777128,True,34,4.670000076293945
1102350809508113139,,0.0,0.0,,morretes,2. apartamento (2q),549766988,False,11,5.0
45711835,,13.0,0.12380952380952381,1.0,meia praia,3. apartamento (3q+),364423090,True,43,4.940000057220459
39837003,,0.0,0.0,,casa branca,5. hotel/outros,50656328,True,10,4.960000038146973
17294276,968.508064516129,47.0,0.44761904761904764,4.0,meia praia,3. apartamento (3q+),116665407,True,26,4.949999809265137
29761442,,11.0,0.10476190476190476,2.0,meia praia,3. apartamento (3q+),114511450,True,55,4.960000038146973
734774611454860165,,64.0,0.6095238095238096,3.0,meia praia,3. apartamento (3q+),374285557,True,39,4.900000095367432
1223218190223719061,,0.0,0.0,,meia praia,3. apartamento (3q+),558703188,False,7,5.0
1078340136924118349,,0.0,0.0,,meia praia,2. apartamento (2q),558714655,False,16,5.0
19034009,,0.0,0.0,,meia praia,2. apartamento (2q),117019974,True,35,4.949999809265137
1202208549414487818,,0.0,0.0,,meia praia,2. apartamento (2q),272771814,True,8,5.0
794947375713324843,,0.0,0.0,,meia praia,3. apartamento (3q+),237648912,False,14,5.0
1058193595817353204,,33.0,0.3142857142857143,3.0,tabuleiro dos oliveiras,2. apartamento (2q),277188310,True,47,5.0
1219327432735332574,,0.0,0.0,,meia praia,2. apartamento (2q),593474672,True,12,5.0
1062396271225190263,,0.0,0.0,,morretes,1. apartamento compacto (0-1q),20614599,False,3,5.0
771730426994820566,,0.0,0.0,,morretes,2. apartamento (2q),489737906,False,10,5.0
1248089779912826997,,0.0,0.0,,centro,5. hotel/outros,162434797,True,8,5.0
1145617872827607513,,0.0,0.0,,morretes,2. apartamento (2q),384143262,True,11,5.0
40678671,,0.0,0.0,,meia praia,2. apartamento (2q),199730961,True,40,5.0
1070895497744991848,,0.0,0.0,,centro,4. casa,128770488,False,14,5.0
32585103,468.0735294117647,57.0,0.5428571428571428,4.0,meia praia,2. apartamento (2q),5726206,True,30,4.909999847412109
1130433234974669219,,0.0,0.0,,meia praia,3. apartamento (3q+),25087975,True,7,5.0
1025356251415331533,393.093137254902,36.0,0.34285714285714286,4.0,morretes,2. apartamento (2q),224034525,True,35,5.0
709245197514952702,,0.0,0.0,,meia praia,3. apartamento (3q+),108479878,False,9,5.0
1289338795775178059,,0.0,0.0,,morretes,4. casa,457964666,True,9,1.0
1216732772582825156,,0.0,0.0,,meia praia,2. apartamento (2q),558894521,False,9,5.0
937816682872398000,,0.0,0.0,,centro,2. apartamento (2q),240428142,False,33,5.0
52965209,,0.0,0.0,,meia praia,3. apartamento (3q+),178688636,True,44,5.0
1316258631420873788,,0.0,0.0,,meia praia,2. apartamento (2q),305471791,False,11,5.0
30269941,,0.0,0.0,,meia praia,3. apartamento (3q+),227340794,True,24,5.0
1070419520917155794,,0.0,0.0,,casa branca,2. apartamento (2q),546773227,True,29,5.0
1066086425420423269,,0.0,0.0,,centro,4. casa,549335134,False,7,5.0
54387208,,0.0,0.0,,meia praia,3. apartamento (3q+),244993579,False,15,5.0
1063673865276513492,,0.0,0.0,,centro,1. apartamento compacto (0-1q),169848306,True,8,5.0
40391575,,7.0,0.06666666666666667,1.0,morretes,2. apartamento (2q),304829392,True,15,4.78000020980835
47050907,,0.0,0.0,,meia praia,1. apartamento compacto (0-1q),163719561,True,9,4.78000020980835
1311819847706319025,,0.0,0.0,,centro,2. apartamento (2q),483760167,False,9,5.0
1256594551359425163,,0.0,0.0,,tabuleiro dos oliveiras,5. hotel/outros,553535120,False,10,5.0
1287958272064925979,,0.0,0.0,,meia praia,3. apartamento (3q+),115900186,False,14,5.0
46926474,,0.0,0.0,,centro,2. apartamento (2q),243494106,True,15,4.829999923706055
809317557821633854,,0.0,0.0,,meia praia,1. apartamento compacto (0-1q),250182151,False,13,5.0
1275424888010985336,,0.0,0.0,,meia praia,3. apartamento (3q+),265350197,False,8,5.0
31878628,,0.0,0.0,,meia praia,2. apartamento (2q),238932071,True,15,5.0
1319805592763041500,,0.0,0.0,,meia praia,3. apartamento (3q+),305696307,False,7,5.0
525472560929976068,1044.4591005760367,87.0,0.8285714285714286,4.0,meia praia,3. apartamento (3q+),435690796,True,38,4.940000057220459
39151183,,0.0,0.0,,meia praia,3. apartamento (3q+),298545921,False,11,5.0
1207864392976162235,549.6450718530197,98.0,0.9333333333333333,4.0,centro,1. apartamento compacto (0-1q),219316956,True,15,5.0
844404773672380302,,0.0,0.0,,sertao do trombudo,4. casa,502527203,True,54,5.0
1323402748711514203,,0.0,0.0,,meia praia,5. hotel/outros,73068144,True,16,2.5
802182013088218373,,0.0,0.0,,meia praia,3. apartamento (3q+),495493144,True,37,4.829999923706055
802922826036667371,,64.0,0.6095238095238096,3.0,meia praia,3. apartamento (3q+),236833168,True,18,5.0
50059423,,40.0,0.38095238095238093,3.0,meia praia,2. apartamento (2q),182050913,True,48,4.929999828338623
1096224406959211567,,0.0,0.0,,meia praia,3. apartamento (3q+),371256840,True,20,5.0
39715668,248.35416666666666,65.0,0.6190476190476191,4.0,casa branca,2. apartamento (2q),305132451,True,18,4.940000057220459
1273418796300868015,,0.0,0.0,,tabuleiro dos oliveiras,2. apartamento (2q),658499208,True,31,4.0
46116173,,31.0,0.29523809523809524,3.0,meia praia,2. apartamento (2q),92782985,True,30,4.949999809265137
1323218032841264799,,0.0,0.0,,varzea,5. hotel/outros,166020592,False,9,5.0
939698664229028471,347.5837053571429,39.0,0.37142857142857144,4.0,morretes,2. apartamento (2q),526864320,True,23,4.949999809265137
1018861232450784289,,0.0,0.0,,morretes,2. apartamento (2q),442513612,True,35,5.0
1066914720488800402,,0.0,0.0,,meia praia,3. apartamento (3q+),323641346,False,8,5.0
1182070530301053205,583.5743436219165,76.0,0.7238095238095238,4.0,centro,1. apartamento compacto (0-1q),227777128,True,35,4.920000076293945
994187384136169442,,0.0,0.0,,meia praia,3. apartamento (3q+),115900186,True,30,5.0
15909831,,78.0,0.7428571428571429,3.0,meia praia,3. apartamento (3q+),101640501,True,45,4.940000057220459
779693856770376018,,0.0,0.0,,meia praia,5. hotel/outros,491058195,False,9,5.0
1044426964136235800,,0.0,0.0,,centro,5. hotel/outros,389277279,True,46,4.860000133514404
1122567171503565314,,0.0,0.0,,tabuleiro dos oliveiras,1. apartamento compacto (0-1q),349286873,False,17,5.0
844864653127085626,906.069856993338,76.0,0.7238095238095238,4.0,meia praia,3. apartamento (3q+),53499566,True,22,5.0
53031891,,0.0,0.0,,meia praia,2. apartamento (2q),429305362,True,11,3.75
671197701971960715,,0.0,0.0,,centro,4. casa,412321792,False,8,5.0
1018009430361037830,,0.0,0.0,,meia praia,2. apartamento (2q),201183053,False,10,5.0
30922946,203.30913978494624,71.0,0.6761904761904762,4.0,meia praia,5. hotel/outros,168195965,True,49,4.980000019073486
761791400447949684,,0.0,0.0,,casa branca,3. apartamento (3q+),238674947,False,15,5.0
40920962,,0.0,0.0,,meia praia,2. apartamento (2q),88653610,False,5,5.0
35251479,,0.0,0.0,,centro,3. apartamento (3q+),23708576,True,15,4.690000057220459
776868780194110778,,0.0,0.0,,meia praia,2. apartamento (2q),489737906,False,7,5.0
40576710,564.3649193548388,59.0,0.5619047619047619,4.0,meia praia,4. casa,312877252,True,18,4.800000190734863
572368704250611987,,36.0,0.34285714285714286,3.0,meia praia,2. apartamento (2q),187183025,True,42,4.860000133514404
46222390,469.50384024577573,73.0,0.6952380952380952,4.0,meia praia,2. apartamento (2q),174214314,True,35,4.829999923706055
976945230870631103,,0.0,0.0,,meia praia,3. apartamento (3q+),511014698,True,45,4.800000190734863
1056582819102883602,,0.0,0.0,,morretes,2. apartamento (2q),512550832,False,42,5.0
1314789151621799910,,0.0,0.0,,meia praia,5. hotel/outros,505113543,True,8,5.0
38980085,872.7898329493087,90.0,0.8571428571428571,4.0,meia praia,3. apartamento (3q+),18945210,True,36,5.0
48042920,,0.0,0.0,,ilhota,4. casa,382593935,False,20,5.0
1320556897418384859,,0.0,0.0,,meia praia,2. apartamento (2q),663202433,False,12,5.0
16804726,,0.0,0.0,,meia praia,3. apartamento (3q+),111737756,False,12,5.0
824716714835061158,,0.0,0.0,,meia praia,3. apartamento (3q+),42908726,True,16,5.0
1237872426515152443,,0.0,0.0,,meia praia,3. apartamento (3q+),145824321,False,23,5.0
1313144034274766322,,0.0,0.0,,morretes,3. apartamento (3q+),385831829,False,11,5.0
1040784559215923309,,0.0,0.0,,meia praia,4. casa,549819315,True,17,4.5
38899673,524.1524601676605,78.0,0.7428571428571429,4.0,morretes,2. apartamento (2q),31885329,True,29,5.0
51507847,,16.0,0.1523809523809524,3.0,meia praia,3. apartamento (3q+),291010584,True,43,5.0
703538637731385185,400.91470810541307,76.0,0.7238095238095238,4.0,meia praia,2. apartamento (2q),115375904,True,25,4.820000171661377
1209010210831577821,1122.4038461538462,77.0,0.7333333333333333,4.0,centro,3. apartamento (3q+),550084557,False,41,5.0
819714618271533438,,0.0,0.0,,centro,2. apartamento (2q),50676918,False,8,5.0
792184367926408145,,57.0,0.5428571428571428,3.0,meia praia,2. apartamento (2q),266264213,True,10,5.0
1306807353529683202,,0.0,0.0,,meia praia,3. apartamento (3q+),84811719,False,9,5.0
1039148529762696570,,0.0,0.0,,leopoldo zarling,2. apartamento (2q),232585108,True,16,5.0
1294169573187469017,,0.0,0.0,,centro,2. apartamento (2q),663137426,True,41,5.0
680309785259567235,,0.0,0.0,,varzea,4. casa,253005568,True,37,5.0
53825192,824.4578079178885,50.0,0.47619047619047616,4.0,meia praia,3. apartamento (3q+),416640660,True,43,4.889999866485596
1285186073711689347,,0.0,0.0,,meia praia,5. hotel/outros,267606175,True,13,5.0
41705158,,0.0,0.0,,morretes,2. apartamento (2q),329276848,True,7,4.900000095367432
1076283050930905812,,0.0,0.0,,meia praia,4. casa,239069600,False,10,5.0
1089848297340886677,,0.0,0.0,,meia praia,2. apartamento (2q),503752106,False,10,5.0
46237789,,0.0,0.0,,morretes,4. casa,20614599,True,15,4.5
705167970678992594,,0.0,0.0,,meia praia,2. apartamento (2q),428530480,True,36,4.880000114440918
1320160052256466425,,0.0,0.0,,meia praia,3. apartamento (3q+),10844239,False,14,5.0
561392888536380944,,0.0,0.0,,meia praia,3. apartamento (3q+),294065583,False,9,5.0
1304604335965216750,,0.0,0.0,,centro,3. apartamento (3q+),173252898,True,8,5.0
20863370,,18.0,0.17142857142857143,2.0,meia praia,3. apartamento (3q+),148104047,True,38,4.880000114440918
1284112270868624978,,0.0,0.0,,centro,1. apartamento compacto (0-1q),298904635,True,45,5.0
54287612,600.8555558333333,63.0,0.6,4.0,centro,2. apartamento (2q),330683989,True,18,4.900000095367432
1209995062310858711,,0.0,0.0,,meia praia,2. apartamento (2q),25984866,True,6,5.0
10340400,,6.0,0.05714285714285714,1.0,meia praia,3. apartamento (3q+),10735772,True,36,4.929999828338623
1122484070806000083,,0.0,0.0,,meia praia,2. apartamento (2q),118409509,True,21,5.0
36632832,600.4510869565217,74.0,0.7047619047619048,4.0,meia praia,3. apartamento (3q+),274985150,True,24,4.849999904632568
834645644371228115,,38.0,0.3619047619047619,2.0,centro,5. hotel/outros,502728316,True,44,4.929999828338623
1258552591163936031,,0.0,0.0,,alto sao bento,4. casa,655094890,False,14,5.0
17434239,,0.0,0.0,,meia praia,3. apartamento (3q+),117321897,True,41,4.909999847412109
1056441270202826833,,0.0,0.0,,meia praia,3. apartamento (3q+),497239104,True,7,5.0
563923122447968990,,0.0,0.0,,meia praia,3. apartamento (3q+),171583124,False,41,5.0
1287289583582915738,,0.0,0.0,,meia praia,3. apartamento (3q+),227595936,False,8,5.0
22208899,,0.0,0.0,,meia praia,3. apartamento (3q+),10884438,True,32,3.0
1251662764548638555,,0.0,0.0,,canto da praia,4. casa,433948228,False,48,5.0
1310910867031688625,,0.0,0.0,,meia praia,3. apartamento (3q+),202862054,True,33,5.0
19484857,,0.0,0.0,,meia praia,3. apartamento (3q+),88653610,False,14,5.0
40636229,,0.0,0.0,,meia praia,3. apartamento (3q+),88653610,False,7,5.0
41593259,,0.0,0.0,,meia praia,2. apartamento (2q),138416888,False,53,5.0
954569872271554009,,0.0,0.0,,meia praia,2. apartamento (2q),108479878,False,11,5.0
40236441,,47.0,0.44761904761904764,3.0,morretes,4. casa,106009433,True,25,4.900000095367432
1320102250145284179,,0.0,0.0,,meia praia,2. apartamento (2q),89530790,False,11,5.0
53697976,,0.0,0.0,,meia praia,3. apartamento (3q+),389650375,False,40,5.0
846453708877796469,,0.0,0.0,,meia praia,3. apartamento (3q+),499082910,True,10,5.0
1277120737684715722,,0.0,0.0,,meia praia,2. apartamento (2q),477129691,True,24,5.0
1297381884801826260,,0.0,0.0,,meia praia,3. apartamento (3q+),659396593,False,10,5.0
1206616023790805525,,0.0,0.0,,meia praia,2. apartamento (2q),517416800,False,23,5.0
1061867942571538346,,0.0,0.0,,meia praia,3. apartamento (3q+),554551418,True,40,5.0
1276994081745483373,,0.0,0.0,,meia praia,3. apartamento (3q+),659275139,False,27,5.0
1284365865529385073,,0.0,0.0,,meia praia,3. apartamento (3q+),169512508,False,8,5.0
734707774394612996,1412.2377232142858,53.0,0.5047619047619047,4.0,meia praia,3. apartamento (3q+),426641992,True,60,5.0
1320244297875951003,,0.0,0.0,,casa branca,2. apartamento (2q),115334486,False,8,5.0
1313034607802481095,,0.0,0.0,,meia praia,3. apartamento (3q+),667273939,True,14,5.0
1056714372479342999,,0.0,0.0,,meia praia,3. apartamento (3q+),497239104,False,8,5.0
1053078341808957766,,0.0,0.0,,morretes,2. apartamento (2q),552322476,False,10,5.0
37183669,,0.0,0.0,,casa branca,2. apartamento (2q),101559197,True,29,4.820000171661377
53448627,,26.0,0.24761904761904763,3.0,meia praia,3. apartamento (3q+),230786695,True,17,5.0
44153810,,48.0,0.45714285714285713,2.0,alto sao bento,2. apartamento (2q),155422184,True,19,4.909999847412109
1314387592587159598,,0.0,0.0,,tabuleiro dos oliveiras,2. apartamento (2q),498051781,False,5,5.0
53599319,,0.0,0.0,,meia praia,4. casa,434062035,True,8,5.0
53133078,,0.0,0.0,,meia praia,3. apartamento (3q+),157555666,True,42,4.75
31103520,,0.0,0.0,,meia praia,3. apartamento (3q+),109164509,False,21,5.0
1199587121851873718,,0.0,0.0,,alto sao bento,5. hotel/outros,130014999,False,6,5.0
1281374746325498940,,0.0,0.0,,meia praia,3. apartamento (3q+),486590519,False,13,5.0
766788707373767791,,40.0,0.38095238095238093,3.0,meia praia,3. apartamento (3q+),99937934,True,15,4.909999847412109
580407424598756855,,23.0,0.21904761904761905,3.0,meia praia,3. apartamento (3q+),175710937,True,35,5.0
569254356071404463,,0.0,0.0,,centro,3. apartamento (3q+),437084713,False,0,5.0
1284184965610419280,,0.0,0.0,,meia praia,3. apartamento (3q+),105561896,True,55,5.0
1078261284424187966,,0.0,0.0,,centro,3. apartamento (3q+),307308667,False,19,5.0
40351988,,52.0,0.49523809523809526,3.0,meia praia,3. apartamento (3q+),25547312,True,36,4.909999847412109
1091369081991245399,,0.0,0.0,,morretes,3. apartamento (3q+),361331225,True,11,5.0
41981095,,0.0,0.0,,meia praia,3. apartamento (3q+),332331773,False,32,5.0
11567423,841.6019736842105,67.0,0.638095238095238,4.0,centro,3. apartamento (3q+),61107521,True,48,4.880000114440918
782698200172395257,,0.0,0.0,,meia praia,5. hotel/outros,491580564,True,12,5.0
1061476831992709667,,0.0,0.0,,meia praia,3. apartamento (3q+),554409211,False,8,5.0
1309667855765227447,,0.0,0.0,,meia praia,3. apartamento (3q+),108479878,False,22,5.0
1314729269633513523,,0.0,0.0,,meia praia,4. casa,547841177,True,6,5.0
1323259402993093234,,0.0,0.0,,varzea,4. casa,194792368,False,6,5.0
1283961557256501933,,0.0,0.0,,morretes,2. apartamento (2q),536118759,False,8,5.0
978840394466382129,,0.0,0.0,,meia praia,3. apartamento (3q+),475121056,False,10,5.0
762916089194134311,1012.0,104.0,0.9904761904761905,4.0,centro,2. apartamento (2q),485340941,True,9,5.0
1193347652334673191,,66.0,0.6285714285714286,3.0,meia praia,3. apartamento (3q+),416640660,True,34,5.0
1281942401940101122,,0.0,0.0,,alto sao bento,5. hotel/outros,130014999,True,11,4.0
1040086591203443519,,0.0,0.0,,meia praia,3. apartamento (3q+),549670099,True,30,5.0
48413303,,0.0,0.0,,centro,3. apartamento (3q+),188897667,True,22,5.0
1265295313956605287,409.81635676178655,79.0,0.7523809523809524,4.0,centro,1. apartamento compacto (0-1q),227777128,False,30,5.0
1287750974185241054,,0.0,0.0,,meia praia,3. apartamento (3q+),479378925,False,6,5.0
1061760018903434391,,0.0,0.0,,meia praia,2. apartamento (2q),554516659,True,11,5.0
892881566791794062,,0.0,0.0,,meia praia,3. apartamento (3q+),108479878,True,13,4.5
770135470713734104,,0.0,0.0,,meia praia,3. apartamento (3q+),489439063,False,15,5.0
1034871022051200160,,0.0,0.0,,meia praia,2. apartamento (2q),113456671,True,43,5.0
1050695563362835747,,0.0,0.0,,tabuleiro dos oliveiras,4. casa,271767655,True,26,4.5
1042761419992983867,,0.0,0.0,,centro,2. apartamento (2q),321644580,True,11,5.0
40400432,597.8306451612904,64.0,0.6095238095238096,4.0,ilhota,3. apartamento (3q+),49547377,True,43,4.820000171661377
1066545050089987954,470.25873655913983,81.0,0.7714285714285715,4.0,meia praia,2. apartamento (2q),166763317,True,42,5.0
792571277294268451,,0.0,0.0,,meia praia,3. apartamento (3q+),493030222,False,13,5.0
1285258394122828809,,0.0,0.0,,meia praia,5. hotel/outros,267606175,False,13,5.0
31443878,,0.0,0.0,,meia praia,3. apartamento (3q+),110189550,True,53,4.949999809265137
735257283376748431,,0.0,0.0,,ilhota,3. apartamento (3q+),483133100,True,16,5.0
1105311689904411621,,0.0,0.0,,meia praia,3. apartamento (3q+),496650927,False,56,5.0
1054495267819919793,,0.0,0.0,,meia praia,3. apartamento (3q+),481819885,False,7,5.0
46550767,,47.0,0.44761904761904764,3.0,meia praia,3. apartamento (3q+),162121775,True,30,4.809999942779541
1305831278324186957,,0.0,0.0,,centro,3. apartamento (3q+),194792368,False,3,5.0
41786765,,13.0,0.12380952380952381,2.0,meia praia,3. apartamento (3q+),167138552,True,20,4.840000152587891
9327293,,33.0,0.3142857142857143,3.0,meia praia,3. apartamento (3q+),48408494,True,33,4.960000038146973
1315873889497529964,,0.0,0.0,,meia praia,1. apartamento compacto (0-1q),435175625,True,7,4.5
12359560,,51.0,0.4857142857142857,3.0,meia praia,3. apartamento (3q+),24743808,True,23,4.789999961853027
44535734,,0.0,0.0,,meia praia,2. apartamento (2q),360259846,False,25,5.0
1066179672592682596,,0.0,0.0,,alto sao bento,2. apartamento (2q),552147283,False,28,5.0
53986731,,15.0,0.14285714285714285,1.0,centro,3. apartamento (3q+),431890947,True,43,4.940000057220459
1003109218241323629,,0.0,0.0,,meia praia,3. apartamento (3q+),542016808,False,13,5.0
1053450485992715258,,0.0,0.0,,centro,2. apartamento (2q),160894245,True,27,4.0
779706062189433696,,0.0,0.0,,morretes,4. casa,491061585,False,26,5.0
1249514642418701429,,0.0,0.0,,centro,3. apartamento (3q+),80563430,True,16,5.0
1258863337814966892,,0.0,0.0,,casa branca,2. apartamento (2q),460785459,True,27,5.0
39820601,,33.0,0.3142857142857143,2.0,meia praia,2. apartamento (2q),204156283,True,18,4.739999771118164
666688976538823328,,0.0,0.0,,meia praia,3. apartamento (3q+),108479878,True,10,4.860000133514404
1265370363028714118,404.99035244922345,84.0,0.8,4.0,centro,1. apartamento compacto (0-1q),227777128,True,30,5.0
1307441126204445779,,0.0,0.0,,morretes,4. casa,381604431,False,7,5.0
684175737491387722,,0.0,0.0,,varzea,4. casa,436951335,True,8,4.710000038146973
958843937087035776,,0.0,0.0,,meia praia,3. apartamento (3q+),192992782,True,7,4.800000190734863
1223298154582279095,,0.0,0.0,,meia praia,3. apartamento (3q+),265350197,False,11,5.0
22531967,,0.0,0.0,,centro,3. apartamento (3q+),40289577,False,36,5.0
1006595840509483072,,0.0,0.0,,morretes,2. apartamento (2q),489737906,False,8,5.0
1287180065951019381,,0.0,0.0,,alto sao bento,4. casa,289797859,True,28,4.860000133514404
1312372350540984887,,0.0,0.0,,meia praia,3. apartamento (3q+),438621102,False,7,5.0
1060253210101894661,,0.0,0.0,,meia praia,2. apartamento (2q),452192631,True,31,4.900000095367432
1297002657786809873,,0.0,0.0,,meia praia,3. apartamento (3q+),237996840,True,9,5.0
47264359,,0.0,0.0,,meia praia,3. apartamento (3q+),102517845,True,7,5.0
1043497443334655968,,42.0,0.4,2.0,centro,2. apartamento (2q),125705698,True,52,4.860000133514404
828307537051457546,,0.0,0.0,,meia praia,5. hotel/outros,24729125,True,17,5.0
766156195693050227,,53.0,0.5047619047619047,3.0,meia praia,3. apartamento (3q+),108479878,True,10,4.940000057220459
16662563,,62.0,0.5904761904761905,3.0,meia praia,3. apartamento (3q+),25984866,True,24,4.880000114440918
1012231847285880827,,0.0,0.0,,meia praia,3. apartamento (3q+),543825664,False,8,5.0
45512442,617.1985479797979,61.0,0.580952380952381,4.0,centro,3. apartamento (3q+),80526805,True,11,4.800000190734863
1156781537062859668,,0.0,0.0,,centro,4. casa,577615778,True,35,4.96999979019165
45726200,1522.5104166666667,45.0,0.42857142857142855,4.0,meia praia,3. apartamento (3q+),108479878,True,23,5.0
527368588316891258,,0.0,0.0,,centro,2. apartamento (2q),162678666,True,34,4.860000133514404
1292076494703109140,,0.0,0.0,,morretes,4. casa,662637544,False,1,5.0
48254075,,20.0,0.19047619047619047,2.0,meia praia,2. apartamento (2q),59078946,True,35,4.849999904632568
1240643134903046008,,0.0,0.0,,meia praia,3. apartamento (3q+),236042553,True,7,5.0
1016568511063529821,,0.0,0.0,,meia praia,3. apartamento (3q+),268438066,True,17,5.0
1038053437487514538,,0.0,0.0,,meia praia,3. apartamento (3q+),386785808,False,43,5.0
1302418579673981667,,0.0,0.0,,morretes,2. apartamento (2q),664934430,False,9,5.0
45803876,545.6046633941094,78.0,0.7428571428571429,4.0,meia praia,3. apartamento (3q+),31856877,True,46,5.0
14884678,,42.0,0.4,2.0,meia praia,3. apartamento (3q+),46714863,True,27,4.699999809265137
964579064376617710,747.4022360703813,74.0,0.7047619047619048,4.0,meia praia,3. apartamento (3q+),227777128,True,23,5.0
41762297,1676.2754736303123,96.0,0.9142857142857143,4.0,sertaozinho,4. casa,374311060,True,23,5.0
1208690202721738211,,0.0,0.0,,morretes,1. apartamento compacto (0-1q),383199167,True,6,5.0
734317980236725351,,0.0,0.0,,meia praia,3. apartamento (3q+),113859732,True,32,5.0
46048941,,34.0,0.3238095238095238,3.0,meia praia,2. apartamento (2q),88028074,True,50,4.909999847412109
990753381537113233,,0.0,0.0,,meia praia,2. apartamento (2q),480171025,True,25,5.0
1241358686262226420,,0.0,0.0,,meia praia,3. apartamento (3q+),433408048,False,5,5.0
1248542115027053727,,0.0,0.0,,centro,3. apartamento (3q+),373002269,True,39,5.0
610155932497817911,,65.0,0.6190476190476191,3.0,canto da praia,2. apartamento (2q),25984866,True,16,4.880000114440918
53990080,,0.0,0.0,,meia praia,3. apartamento (3q+),229230321,False,36,5.0
39789650,,0.0,0.0,,meia praia,2. apartamento (2q),126518059,True,20,4.75
782494656199337158,,0.0,0.0,,ilhota,2. apartamento (2q),325527342,True,21,4.679999828338623
1312606525920978616,,0.0,0.0,,meia praia,2. apartamento (2q),281127168,True,12,5.0
1187061700423806804,568.8668010752689,75.0,0.7142857142857143,4.0,centro,1. apartamento compacto (0-1q),227777128,True,41,5.0
967442825122503004,,0.0,0.0,,meia praia,3. apartamento (3q+),528254274,True,37,4.5
1208735754877396448,434.9715260545906,83.0,0.7904761904761904,4.0,centro,1. apartamento compacto (0-1q),227777128,True,31,5.0
52437705,,0.0,0.0,,meia praia,2. apartamento (2q),156165095,True,8,5.0
45911990,,26.0,0.24761904761904763,3.0,morretes,3. apartamento (3q+),341718421,True,48,4.949999809265137
1203003652162530323,,0.0,0.0,,meia praia,2. apartamento (2q),79179066,True,27,4.889999866485596
45768161,666.266835016835,83.0,0.7904761904761904,4.0,meia praia,3. apartamento (3q+),116665407,True,10,4.820000171661377
1318341646949848198,,0.0,0.0,,meia praia,1. apartamento compacto (0-1q),272771814,True,10,5.0
1044724334704468537,,0.0,0.0,,tabuleiro dos oliveiras,3. apartamento (3q+),213534263,True,41,5.0
821655940167878176,,0.0,0.0,,meia praia,3. apartamento (3q+),22570269,False,32,5.0
47130787,,0.0,0.0,,meia praia,3. apartamento (3q+),380780941,True,13,4.5
914999722763333589,,0.0,0.0,,meia praia,3. apartamento (3q+),465450907,False,7,5.0
551461385062038076,,0.0,0.0,,meia praia,3. apartamento (3q+),442825290,False,14,5.0
1066105364930743053,,0.0,0.0,,morretes,4. casa,119300619,True,13,4.829999923706055
1279732570135680973,,0.0,0.0,,tabuleiro dos oliveiras,4. casa,377200160,False,8,5.0
51403736,168.68269230769232,55.0,0.5238095238095238,4.0,meia praia,5. hotel/outros,416312700,True,33,5.0
11044577,385.0022380952381,55.0,0.5238095238095238,4.0,centro,1. apartamento compacto (0-1q),35641044,True,46,4.380000114440918
39629644,,27.0,0.2571428571428571,3.0,meia praia,3. apartamento (3q+),61417713,True,42,4.949999809265137
36136004,,0.0,0.0,,meia praia,3. apartamento (3q+),271799023,True,42,5.0
787195284335262595,,63.0,0.6,3.0,meia praia,3. apartamento (3q+),307340152,True,11,5.0
1242981323241444070,,0.0,0.0,,centro,3. apartamento (3q+),145230656,False,16,5.0
1249371220066552412,531.1621442125237,69.0,0.6571428571428571,4.0,centro,1. apartamento compacto (0-1q),227777128,True,34,4.920000076293945
46604700,345.3671274423963,87.0,0.8285714285714286,4.0,ilhota,1. apartamento compacto (0-1q),73707795,True,22,5.0
1305843824199247411,,0.0,0.0,,meia praia,3. apartamento (3q+),370754002,True,9,5.0
1014418701938150991,,0.0,0.0,,centro,3. apartamento (3q+),164366607,False,12,5.0
783879004243392314,684.3690823402778,81.0,0.7714285714285715,4.0,meia praia,3. apartamento (3q+),229805594,True,38,4.670000076293945
1299279663008925083,,0.0,0.0,,meia praia,3. apartamento (3q+),430585151,True,23,5.0
1063105649097848850,,0.0,0.0,,meia praia,4. casa,551991664,False,5,5.0
1045157338035795486,,0.0,0.0,,morretes,2. apartamento (2q),550726498,True,19,4.5
36452039,,0.0,0.0,,meia praia,3. apartamento (3q+),274071036,True,19,5.0
760947613603556887,,0.0,0.0,,alto sao bento,2. apartamento (2q),378227749,True,45,5.0
24754306,,0.0,0.0,,centro,3. apartamento (3q+),187152268,True,27,5.0
44277119,,0.0,0.0,,morretes,2. apartamento (2q),356926235,True,23,4.5
1055739043688411409,,0.0,0.0,,meia praia,3. apartamento (3q+),491458280,False,10,5.0
30032994,407.34932920536636,57.0,0.5428571428571428,4.0,meia praia,2. apartamento (2q),39445866,True,30,5.0
39498604,,0.0,0.0,,meia praia,3. apartamento (3q+),303429324,True,25,4.5
21077682,823.6801676843318,57.0,0.5428571428571428,4.0,meia praia,3. apartamento (3q+),151919621,True,32,4.96999979019165
1072517073581411088,,0.0,0.0,,meia praia,2. apartamento (2q),87471056,True,11,5.0
30153564,,55.0,0.5238095238095238,3.0,meia praia,2. apartamento (2q),220704302,True,46,4.900000095367432
1241431920371635947,,0.0,0.0,,meia praia,2. apartamento (2q),286900037,True,18,5.0
46119574,,0.0,0.0,,centro,3. apartamento (3q+),82821456,False,9,5.0
694063005500099848,,0.0,0.0,,meia praia,3. apartamento (3q+),475121056,False,5,5.0
1284017614218114612,,0.0,0.0,,leopoldo zarling,4. casa,529268905,False,11,5.0
836836653828097445,,0.0,0.0,,meia praia,3. apartamento (3q+),236336116,True,27,4.860000133514404
798475021925579344,,48.0,0.45714285714285713,3.0,morretes,2. apartamento (2q),170835881,True,40,4.900000095367432
1310761836598013860,,0.0,0.0,,tabuleiro dos oliveiras,4. casa,666785689,False,8,5.0
1316053057404845789,,0.0,0.0,,tabuleiro dos oliveiras,4. casa,665624582,True,8,5.0
1258908908552806926,,0.0,0.0,,meia praia,3. apartamento (3q+),493784281,False,12,5.0
35520112,,0.0,0.0,,meia praia,2. apartamento (2q),213815652,True,20,4.25
46970731,,0.0,0.0,,meia praia,3. apartamento (3q+),379732980,False,26,5.0
1189331897618015345,737.6563270737327,86.0,0.819047619047619,4.0,centro,2. apartamento (2q),227777128,True,37,4.820000171661377
1249211268837274869,,0.0,0.0,,meia praia,3. apartamento (3q+),652941482,False,11,5.0
1073771138941507010,,0.0,0.0,,meia praia,2. apartamento (2q),557595031,True,6,5.0
43601494,,0.0,0.0,,centro,5. hotel/outros,348080892,True,23,5.0
1097203193949693989,,0.0,0.0,,meia praia,5. hotel/outros,154206531,True,20,5.0
1303037995885447859,,0.0,0.0,,meia praia,2. apartamento (2q),25984866,True,11,4.5
1299141322658958069,,0.0,0.0,,meia praia,3. apartamento (3q+),132774899,True,29,5.0
1298060332962663411,,0.0,0.0,,centro,1. apartamento compacto (0-1q),663520940,True,16,5.0
1054265461023254222,524.1342592592592,67.0,0.638095238095238,4.0,meia praia,1. apartamento compacto (0-1q),334145183,True,55,5.0
38191694,,0.0,0.0,,meia praia,2. apartamento (2q),227735361,True,55,4.840000152587891
1285226211884391167,,0.0,0.0,,meia praia,5. hotel/outros,267606175,True,13,5.0
42452666,,0.0,0.0,,centro,3. apartamento (3q+),190350501,True,32,5.0
985042369672942275,,0.0,0.0,,meia praia,3. apartamento (3q+),430293932,False,9,5.0
46107837,,0.0,0.0,,ilhota,2. apartamento (2q),117691672,True,19,5.0
1244216647299197138,,0.0,0.0,,meia praia,3. apartamento (3q+),593474672,False,11,5.0
1294573808914208053,,0.0,0.0,,meia praia,3. apartamento (3q+),108479878,False,27,5.0
1194289561715207569,,0.0,0.0,,morretes,2. apartamento (2q),587744895,True,8,4.920000076293945
21078841,,0.0,0.0,,meia praia,3. apartamento (3q+),88653610,False,0,5.0
1321022086036905023,891.1394113556069,91.0,0.8666666666666667,4.0,centro,2. apartamento (2q),227777128,False,36,5.0
1303573690157181526,,0.0,0.0,,meia praia,3. apartamento (3q+),665200396,False,9,5.0
1321969665885525873,,0.0,0.0,,meia praia,3. apartamento (3q+),562693686,True,7,5.0
1050436179639408484,,0.0,0.0,,meia praia,3. apartamento (3q+),93553587,False,39,5.0
1310891711408211450,,0.0,0.0,,meia praia,3. apartamento (3q+),657351611,True,29,5.0
22428369,,0.0,0.0,,meia praia,3. apartamento (3q+),46714863,True,43,5.0
1268188605720765255,,0.0,0.0,,centro,3. apartamento (3q+),592931521,True,9,5.0
1046281051880780245,,0.0,0.0,,morretes,2. apartamento (2q),532489847,False,17,5.0
39810748,,0.0,0.0,,meia praia,3. apartamento (3q+),69047277,False,20,5.0
38998610,195.0,68.0,0.6476190476190476,4.0,meia praia,4. casa,149172647,True,37,4.849999904632568
1037004838842410100,,35.0,0.3333333333333333,3.0,meia praia,1. apartamento compacto (0-1q),96045548,True,42,4.579999923706055
1312957646658225653,,0.0,0.0,,canto da praia,2. apartamento (2q),663720083,False,6,5.0
1242885282115776239,,0.0,0.0,,meia praia,3. apartamento (3q+),593474672,False,13,5.0
1305069739006468111,,0.0,0.0,,meia praia,3. apartamento (3q+),567717951,False,38,5.0
53841961,,0.0,0.0,,meia praia,3. apartamento (3q+),434570639,True,33,5.0
668715506986619718,,45.0,0.42857142857142855,3.0,meia praia,3. apartamento (3q+),184451914,True,41,4.940000057220459
726824755593769251,,0.0,0.0,,meia praia,3. apartamento (3q+),481564218,True,34,5.0
937784845189626298,,0.0,0.0,,meia praia,5. hotel/outros,40876651,False,11,5.0
47966333,,0.0,0.0,,meia praia,3. apartamento (3q+),152391768,True,48,4.949999809265137
1074829679064875721,,6.0,0.05714285714285714,1.0,meia praia,3. apartamento (3q+),177228547,True,34,5.0
1058608574256056822,,0.0,0.0,,meia praia,3. apartamento (3q+),310441201,True,7,5.0
621626596784793972,,43.0,0.4095238095238095,2.0,meia praia,3. apartamento (3q+),423069187,True,33,5.0
50561328,,13.0,0.12380952380952381,2.0,meia praia,3. apartamento (3q+),310053678,True,20,4.78000020980835
1018988231816821881,,0.0,0.0,,meia praia,3. apartamento (3q+),542270763,True,42,5.0
1029566381255289346,,0.0,0.0,,meia praia,3. apartamento (3q+),547512468,False,14,5.0
53314692,,60.0,0.5714285714285714,3.0,centro,1. apartamento compacto (0-1q),303112828,True,40,4.579999923706055
978956556263109793,,0.0,0.0,,tabuleiro dos oliveiras,2. apartamento (2q),481130369,True,38,5.0
957850854349366173,,0.0,0.0,,tabuleiro dos oliveiras,2. apartamento (2q),180954666,True,31,5.0
1052895085056584824,,0.0,0.0,,meia praia,3. apartamento (3q+),230350086,True,31,5.0
51742599,,0.0,0.0,,meia praia,3. apartamento (3q+),419177053,True,31,5.0
797261187302809924,563.4598286290322,75.0,0.7142857142857143,4.0,centro,2. apartamento (2q),347330547,True,11,5.0
764692834916104045,,0.0,0.0,,morretes,2. apartamento (2q),327101480,True,9,4.0
53643568,,25.0,0.23809523809523808,3.0,meia praia,3. apartamento (3q+),106009433,True,45,5.0
536767025073932298,,0.0,0.0,,morretes,2. apartamento (2q),84934849,True,12,4.329999923706055
810817897123849056,,0.0,0.0,,meia praia,5. hotel/outros,109848803,True,9,5.0
1004910078575857573,,27.0,0.2571428571428571,3.0,meia praia,3. apartamento (3q+),195698497,True,41,5.0
1278402651447247510,,0.0,0.0,,centro,3. apartamento (3q+),15497138,True,11,5.0
1043599286749467076,,62.0,0.5904761904761905,3.0,morretes,2. apartamento (2q),87293045,True,33,5.0
1053030252161966865,280.7416474654378,83.0,0.7904761904761904,4.0,casa branca,2. apartamento (2q),436682532,True,42,5.0
1296486250925136982,,0.0,0.0,,meia praia,3. apartamento (3q+),324937058,False,9,5.0
1309957278392046161,,0.0,0.0,,meia praia,3. apartamento (3q+),315968304,False,9,5.0
892626164290483045,,0.0,0.0,,meia praia,3. apartamento (3q+),489737906,True,8,4.0
1279886461171365732,,0.0,0.0,,morretes,2. apartamento (2q),373533581,True,10,5.0
663206784662825327,,0.0,0.0,,meia praia,3. apartamento (3q+),327092499,True,28,4.139999866485596
3977675,,55.0,0.5238095238095238,3.0,meia praia,1. apartamento compacto (0-1q),20614599,True,21,4.619999885559082
1321064167200107186,,0.0,0.0,,morretes,2. apartamento (2q),655446947,False,8,5.0
1297703553282099427,,0.0,0.0,,alto sao bento,2. apartamento (2q),554202873,True,8,4.5
772261416620745030,841.0592470859312,82.0,0.780952380952381,4.0,meia praia,3. apartamento (3q+),479754082,True,26,5.0
1095231396684061228,,0.0,0.0,,casa branca,3. apartamento (3q+),558514647,False,9,5.0
28889043,,0.0,0.0,,centro,3. apartamento (3q+),126304434,True,17,4.5
1303756660115417355,,0.0,0.0,,tabuleiro dos oliveiras,2. apartamento (2q),665090893,True,29,3.0
1021069474943551711,,0.0,0.0,,meia praia,3. apartamento (3q+),157399374,False,30,5.0
31560419,,47.0,0.44761904761904764,3.0,centro,2. apartamento (2q),225009501,True,39,5.0
993657929672148104,,0.0,0.0,,meia praia,3. apartamento (3q+),413985995,True,8,5.0
45889892,670.0,60.0,0.5714285714285714,4.0,meia praia,2. apartamento (2q),99610787,True,42,4.980000019073486
1298534026763641217,,0.0,0.0,,meia praia,3. apartamento (3q+),426885428,False,7,5.0
15549803,948.25,45.0,0.42857142857142855,4.0,morretes,3. apartamento (3q+),74618839,True,43,4.929999828338623
1257280185796580133,,0.0,0.0,,morretes,3. apartamento (3q+),413017013,False,16,5.0
1275531280106913427,,0.0,0.0,,meia praia,3. apartamento (3q+),142304517,True,26,5.0
1242636559252630512,,0.0,0.0,,centro,1. apartamento compacto (0-1q),251980558,False,50,5.0
761435242184281814,,0.0,0.0,,meia praia,2. apartamento (2q),215724709,True,15,4.880000114440918
39507664,,39.0,0.37142857142857144,3.0,meia praia,3. apartamento (3q+),197029123,True,30,4.840000152587891
1313073144404552593,,0.0,0.0,,meia praia,3. apartamento (3q+),555056664,True,30,5.0
1056816282920055514,,63.0,0.6,3.0,meia praia,3. apartamento (3q+),25984866,True,10,4.929999828338623
1006520154239574601,,0.0,0.0,,meia praia,2. apartamento (2q),489737906,False,7,5.0
31084280,,0.0,0.0,,meia praia,3. apartamento (3q+),232233138,True,23,5.0
1314800180043022973,,0.0,0.0,,casa branca,2. apartamento (2q),538054323,True,9,5.0
43769569,,0.0,0.0,,meia praia,1. apartamento compacto (0-1q),349810128,True,21,5.0
16618715,761.0021697388634,88.0,0.8380952380952381,4.0,meia praia,3. apartamento (3q+),43778102,True,33,4.920000076293945
20555680,,19.0,0.18095238095238095,1.0,centro,1. apartamento compacto (0-1q),110419832,True,16,4.829999923706055
1257238720663706122,,0.0,0.0,,meia praia,2. apartamento (2q),115900186,False,8,5.0
1977915,,67.0,0.638095238095238,3.0,meia praia,3. apartamento (3q+),10159650,True,56,4.880000114440918
1316787254143531676,,0.0,0.0,,morretes,2. apartamento (2q),454153739,False,6,5.0
1046646292156945457,,0.0,0.0,,meia praia,5. hotel/outros,142978320,True,19,5.0
23787711,400.0,90.0,0.8571428571428571,4.0,meia praia,3. apartamento (3q+),178454858,True,26,5.0
47221333,,0.0,0.0,,centro,2. apartamento (2q),381347375,True,22,4.269999980926514
1184272240544685353,,0.0,0.0,,meia praia,5. hotel/outros,584920080,False,12,5.0
1289123372092092457,,0.0,0.0,,alto sao bento,5. hotel/outros,130014999,False,4,5.0
45687710,,79.0,0.7523809523809524,3.0,meia praia,2. apartamento (2q),370169853,True,18,4.909999847412109
38843637,,0.0,0.0,,meia praia,3. apartamento (3q+),174889749,True,8,5.0
46334353,,0.0,0.0,,meia praia,3. apartamento (3q+),374349951,True,48,4.900000095367432
21552865,,29.0,0.2761904761904762,3.0,meia praia,2. apartamento (2q),118671435,True,29,4.960000038146973
48443223,,0.0,0.0,,morretes,2. apartamento (2q),381305522,True,19,4.829999923706055
1275736151334341563,,0.0,0.0,,meia praia,3. apartamento (3q+),108479878,False,35,5.0
1310384858110128384,,0.0,0.0,,meia praia,3. apartamento (3q+),489737906,False,7,5.0
1058564342891815711,,0.0,0.0,,meia praia,3. apartamento (3q+),368341452,True,23,5.0
1291504859858473422,,0.0,0.0,,meia praia,3. apartamento (3q+),662184419,False,40,5.0
1082655898196675925,,0.0,0.0,,meia praia,5. hotel/outros,491458280,True,20,5.0
26570136,721.9315421230715,82.0,0.780952380952381,4.0,meia praia,3. apartamento (3q+),199793253,True,41,4.860000133514404
976784814346753011,,0.0,0.0,,meia praia,3. apartamento (3q+),160557430,True,51,4.5
1269636598524749154,391.3753362903226,76.0,0.7238095238095238,4.0,centro,1. apartamento compacto (0-1q),227777128,True,28,4.21999979019165
8287843,550.3125,78.0,0.7428571428571429,4.0,meia praia,2. apartamento (2q),43698182,True,23,4.880000114440918
1294195836141803854,,0.0,0.0,,meia praia,3. apartamento (3q+),110012306,False,18,5.0
857402047530007620,,0.0,0.0,,meia praia,2. apartamento (2q),507536174,True,23,5.0
1210080672553000893,,0.0,0.0,,meia praia,2. apartamento (2q),592485372,True,9,3.0
543584528464360785,,60.0,0.5714285714285714,3.0,meia praia,2. apartamento (2q),23490099,True,33,4.920000076293945
30318082,,0.0,0.0,,meia praia,3. apartamento (3q+),151399458,False,15,5.0
833539958060734092,,0.0,0.0,,sertao do trombudo,4. casa,502527203,True,23,4.0
46414639,,0.0,0.0,,centro,3. apartamento (3q+),82821456,False,8,5.0
903070216803880261,,0.0,0.0,,meia praia,2. apartamento (2q),517416800,False,31,5.0
51990592,976.5284711309524,60.0,0.5714285714285714,4.0,meia praia,3. apartamento (3q+),378513320,True,42,4.929999828338623
987948094559838706,,0.0,0.0,,sertaozinho,5. hotel/outros,378326074,False,12,5.0
1078513687570405295,,0.0,0.0,,meia praia,3. apartamento (3q+),493784281,False,9,5.0
1247055321694361431,,0.0,0.0,,meia praia,2. apartamento (2q),596330885,False,11,5.0
41761142,397.1078431372549,43.0,0.4095238095238095,4.0,meia praia,2. apartamento (2q),329907586,True,43,4.769999980926514
825921973978902012,,0.0,0.0,,meia praia,5. hotel/outros,80987532,False,16,5.0
959168173915968666,,0.0,0.0,,meia praia,3. apartamento (3q+),244410519,True,35,5.0
41799727,,0.0,0.0,,meia praia,2. apartamento (2q),49798089,True,17,5.0
1263664156575372222,,0.0,0.0,,meia praia,3. apartamento (3q+),228920121,True,11,5.0
53280090,,0.0,0.0,,meia praia,3. apartamento (3q+),168212622,True,34,4.78000020980835
48080102,,45.0,0.42857142857142855,3.0,meia praia,3. apartamento (3q+),387057033,True,12,4.940000057220459
1273425441748538565,,0.0,0.0,,morretes,2. apartamento (2q),137866534,True,19,5.0
665236915472525453,,0.0,0.0,,tabuleiro dos oliveiras,2. apartamento (2q),468028496,True,53,4.880000114440918
32185033,1255.8035714285716,41.0,0.3904761904761905,4.0,sertao do trombudo,4. casa,241491790,True,52,4.929999828338623
1086823206539291587,,0.0,0.0,,meia praia,3. apartamento (3q+),558894521,False,12,5.0
1310042490915137463,,0.0,0.0,,meia praia,2. apartamento (2q),665889545,False,9,5.0
1206741304807052353,,0.0,0.0,,centro,3. apartamento (3q+),252284126,True,10,4.75
46250277,,0.0,0.0,,meia praia,3. apartamento (3q+),88653610,False,8,5.0
47440042,,0.0,0.0,,meia praia,3. apartamento (3q+),382599340,True,8,4.0
1283618903500404258,,0.0,0.0,,tabuleiro dos oliveiras,2. apartamento (2q),234319258,True,12,5.0
40532740,,40.0,0.38095238095238093,3.0,meia praia,2. apartamento (2q),313823117,True,31,4.960000038146973
716703713524347583,,0.0,0.0,,meia praia,2. apartamento (2q),130826485,True,36,5.0
871084107630048364,,54.0,0.5142857142857142,3.0,meia praia,2. apartamento (2q),510357759,True,19,5.0
15791567,,35.0,0.3333333333333333,3.0,meia praia,3. apartamento (3q+),102161096,True,11,4.090000152587891
1082546397191273981,,0.0,0.0,,centro,2. apartamento (2q),178094975,False,11,5.0
38640237,,0.0,0.0,,meia praia,2. apartamento (2q),295153552,True,27,5.0
1146337291578567263,,0.0,0.0,,meia praia,3. apartamento (3q+),324911592,False,40,5.0
40769516,,0.0,0.0,,centro,4. casa,245099122,False,12,5.0
43379132,502.9166666666667,26.0,0.24761904761904763,4.0,meia praia,2. apartamento (2q),92121131,True,29,4.980000019073486
1023322932190965616,,0.0,0.0,,morretes,3. apartamento (3q+),546202070,False,8,5.0
754338132668025654,,0.0,0.0,,meia praia,3. apartamento (3q+),363090188,True,29,4.860000133514404
46479624,,0.0,0.0,,meia praia,3. apartamento (3q+),150591069,True,7,5.0
1173260792743932663,,36.0,0.34285714285714286,3.0,meia praia,3. apartamento (3q+),567717951,True,32,5.0
29252506,,0.0,0.0,,casa branca,2. apartamento (2q),212961822,True,30,5.0
1309507261190883248,,0.0,0.0,,meia praia,3. apartamento (3q+),509004890,False,24,5.0
46896012,,65.0,0.6190476190476191,3.0,meia praia,3. apartamento (3q+),142120218,True,31,4.929999828338623
17013106,1866.4351851851852,59.0,0.5619047619047619,4.0,morretes,3. apartamento (3q+),114065429,True,37,4.659999847412109
1258956190525569719,,0.0,0.0,,meia praia,3. apartamento (3q+),497486968,False,41,5.0
1298410358969446170,,0.0,0.0,,meia praia,2. apartamento (2q),664055958,False,8,5.0
1259659982464249183,,0.0,0.0,,meia praia,2. apartamento (2q),178817819,False,10,5.0
21293473,,0.0,0.0,,meia praia,1. apartamento compacto (0-1q),154077834,False,16,5.0
1060303363292443230,,0.0,0.0,,varzea,4. casa,554066122,False,12,5.0
674566887638611404,550.0,42.0,0.4,4.0,meia praia,3. apartamento (3q+),158295070,True,42,5.0
826688649202200978,,0.0,0.0,,morretes,2. apartamento (2q),380331154,True,23,5.0
1295814483068338684,,0.0,0.0,,meia praia,3. apartamento (3q+),380788045,True,15,5.0
988209846458628227,,0.0,0.0,,morretes,3. apartamento (3q+),538576718,True,9,5.0
1295619045700290262,,0.0,0.0,,meia praia,2. apartamento (2q),462391327,False,28,5.0
51177541,,0.0,0.0,,meia praia,3. apartamento (3q+),108479878,True,19,4.800000190734863
1271651870449452940,,0.0,0.0,,meia praia,3. apartamento (3q+),74885634,False,20,5.0
1020352360748829864,,0.0,0.0,,centro,3. apartamento (3q+),251122607,True,7,5.0
1315170793056402402,,0.0,0.0,,meia praia,3. apartamento (3q+),227612174,False,10,5.0
41731457,,0.0,0.0,,meia praia,1. apartamento compacto (0-1q),20614599,True,18,4.5
1294439015861379459,,0.0,0.0,,meia praia,3. apartamento (3q+),106820527,False,24,5.0
1062531273496862060,,0.0,0.0,,morretes,2. apartamento (2q),513008299,False,7,5.0
703678241822238330,,60.0,0.5714285714285714,3.0,meia praia,2. apartamento (2q),477089238,True,33,4.929999828338623
1050053859273199330,,0.0,0.0,,alto sao bento,4. casa,426126179,True,12,5.0
889307162854480804,,0.0,0.0,,meia praia,5. hotel/outros,513098913,True,30,5.0
974641366404745810,,0.0,0.0,,meia praia,5. hotel/outros,40876651,False,11,5.0
1050981045499188524,,0.0,0.0,,meia praia,2. apartamento (2q),81645144,True,25,5.0
552951849918263899,,0.0,0.0,,morretes,2. apartamento (2q),443145137,True,7,5.0
965310801955633109,,63.0,0.6,3.0,meia praia,2. apartamento (2q),232698226,True,12,5.0
1303180624424137587,,0.0,0.0,,meia praia,3. apartamento (3q+),374349951,True,24,5.0
1311521479092057264,,0.0,0.0,,meia praia,5. hotel/outros,246761770,False,15,5.0
793703191791372209,,0.0,0.0,,centro,2. apartamento (2q),493556271,True,6,5.0
1263690672732785750,,0.0,0.0,,tabuleiro dos oliveiras,3. apartamento (3q+),107271093,True,32,5.0
904512525045117852,602.8438550420168,43.0,0.4095238095238095,4.0,meia praia,3. apartamento (3q+),193868620,True,38,5.0
40777141,,9.0,0.08571428571428572,2.0,meia praia,3. apartamento (3q+),10345238,True,47,4.800000190734863
22514231,466.30434782608694,36.0,0.34285714285714286,4.0,centro,2. apartamento (2q),140421589,True,25,4.820000171661377
994050613738555329,,0.0,0.0,,meia praia,3. apartamento (3q+),151161136,False,18,5.0
1057823197232677783,,0.0,0.0,,alto sao bento,2. apartamento (2q),466096049,True,13,4.5
1062460880319807251,,0.0,0.0,,tabuleiro dos oliveiras,4. casa,554715462,False,15,5.0
790518755885066166,825.625,51.0,0.4857142857142857,4.0,centro,3. apartamento (3q+),492846054,True,25,5.0
27397473,,0.0,0.0,,meia praia,3. apartamento (3q+),109184469,True,18,4.75
1101585118067937280,,0.0,0.0,,meia praia,3. apartamento (3q+),564513783,False,9,5.0
1218991049874355381,,0.0,0.0,,centro,3. apartamento (3q+),203365259,False,30,5.0
1260799506532685081,,0.0,0.0,,meia praia,4. casa,339844922,False,10,5.0
1257368703930215344,,0.0,0.0,,meia praia,3. apartamento (3q+),236336116,False,7,5.0
1254367793260264188,,0.0,0.0,,sertao do trombudo,4. casa,654152251,False,8,5.0
31380471,902.233055351906,78.0,0.7428571428571429,4.0,meia praia,3. apartamento (3q+),235012783,True,47,4.670000076293945
28029195,,0.0,0.0,,meia praia,3. apartamento (3q+),91326176,True,47,5.0
21103807,1075.0720046082947,71.0,0.6761904761904762,4.0,meia praia,3. apartamento (3q+),152170176,True,21,4.96999979019165
1269744096051808853,,0.0,0.0,,meia praia,3. apartamento (3q+),385831829,False,13,5.0
1303593007044032483,,0.0,0.0,,meia praia,3. apartamento (3q+),661009718,False,15,5.0
766523470893238581,,0.0,0.0,,centro,3. apartamento (3q+),153043758,True,8,4.0
927426464522828770,,0.0,0.0,,meia praia,5. hotel/outros,40876651,False,15,5.0
53682994,,0.0,0.0,,meia praia,3. apartamento (3q+),111995006,True,44,5.0
53567582,,0.0,0.0,,meia praia,3. apartamento (3q+),108479878,True,8,5.0
792567012140217848,,0.0,0.0,,meia praia,3. apartamento (3q+),159561676,False,7,5.0
1306071127428219225,,0.0,0.0,,meia praia,5. hotel/outros,225143660,False,7,5.0
1300042401669433590,,0.0,0.0,,meia praia,3. apartamento (3q+),663585391,False,9,5.0
1170581686192011483,,0.0,0.0,,meia praia,2. apartamento (2q),133520764,True,30,4.860000133514404
1237097584529010572,,0.0,0.0,,meia praia,5. hotel/outros,358696096,False,28,5.0
1312524247058689796,,0.0,0.0,,meia praia,3. apartamento (3q+),285615748,True,28,5.0
1204202556611988459,,0.0,0.0,,sertao do trombudo,4. casa,537106601,True,13,5.0
1183341386353396185,,0.0,0.0,,meia praia,3. apartamento (3q+),244534705,False,11,5.0
1072539500992627353,,0.0,0.0,,meia praia,3. apartamento (3q+),112626821,True,19,5.0
1063705737261985613,,0.0,0.0,,varzea,4. casa,323789095,True,5,4.25
1077455073809832287,,0.0,0.0,,meia praia,2. apartamento (2q),539737694,True,9,5.0
43468529,,0.0,0.0,,centro,3. apartamento (3q+),346582211,True,29,5.0
30855028,,0.0,0.0,,centro,3. apartamento (3q+),230686227,True,22,4.480000019073486
44895797,,13.0,0.12380952380952381,2.0,meia praia,3. apartamento (3q+),220836478,True,9,4.880000114440918
966471403166364931,,0.0,0.0,,meia praia,3. apartamento (3q+),433162432,True,7,4.829999923706055
1182043782165637473,527.9247492545405,75.0,0.7142857142857143,4.0,centro,1. apartamento compacto (0-1q),227777128,True,38,4.820000171661377
5443557,795.6642425115208,82.0,0.780952380952381,4.0,canto da praia,4. casa,23425701,True,54,4.869999885559082
46719903,,0.0,0.0,,meia praia,3. apartamento (3q+),328765192,True,44,4.960000038146973
1230649714487579642,,0.0,0.0,,meia praia,3. apartamento (3q+),176856095,False,15,5.0
1092843074590526105,,0.0,0.0,,meia praia,2. apartamento (2q),249492694,False,10,5.0
1317451954002590597,,0.0,0.0,,morretes,2. apartamento (2q),543187577,False,41,5.0
51861410,,18.0,0.17142857142857143,2.0,varzea,4. casa,153773579,True,23,4.960000038146973
1278411303068620572,,0.0,0.0,,meia praia,3. apartamento (3q+),659602228,True,18,5.0
1036307863666955691,,0.0,0.0,,meia praia,5. hotel/outros,40876651,False,13,5.0
1079128911247438973,,0.0,0.0,,casa branca,2. apartamento (2q),559123309,True,7,5.0
1321156671231129227,,0.0,0.0,,morretes,2. apartamento (2q),172995530,False,37,5.0
557386903732882183,,53.0,0.5047619047619047,3.0,meia praia,3. apartamento (3q+),442491043,True,10,5.0
30910938,,56.0,0.5333333333333333,3.0,meia praia,2. apartamento (2q),165032197,True,43,4.929999828338623
963200943747370218,,0.0,0.0,,canto da praia,4. casa,533159371,True,23,5.0
806702099486447309,647.292261904762,68.0,0.6476190476190476,4.0,meia praia,3. apartamento (3q+),117542880,True,12,5.0
1303904813387687115,,0.0,0.0,,morretes,5. hotel/outros,147723620,True,31,5.0
53008127,369.6388888888889,56.0,0.5333333333333333,4.0,meia praia,3. apartamento (3q+),424702301,True,32,4.849999904632568
1269069420492148422,,0.0,0.0,,meia praia,3. apartamento (3q+),169160527,False,16,5.0
1318064312179983511,,0.0,0.0,,centro,1. apartamento compacto (0-1q),447273123,True,31,5.0
53445765,,58.0,0.5523809523809524,3.0,meia praia,2. apartamento (2q),432757385,True,28,5.0
54370587,,0.0,0.0,,meia praia,2. apartamento (2q),296517732,True,18,4.75
1056570271629206534,,0.0,0.0,,meia praia,4. casa,217024658,True,28,5.0
963906476261332664,,0.0,0.0,,meia praia,2. apartamento (2q),178241975,True,35,5.0
720383944790760874,,0.0,0.0,,centro,2. apartamento (2q),480354853,True,42,4.929999828338623
1315383023701906919,,0.0,0.0,,morretes,2. apartamento (2q),665547200,False,7,5.0
1269002689013489472,,0.0,0.0,,meia praia,3. apartamento (3q+),115900186,False,33,5.0
1313887191033564319,,0.0,0.0,,meia praia,3. apartamento (3q+),657351611,False,21,5.0
1261073229588827579,,0.0,0.0,,meia praia,5. hotel/outros,595919522,True,4,5.0
1011429683225365524,,0.0,0.0,,meia praia,3. apartamento (3q+),489737906,False,16,5.0
1195817681118454177,,0.0,0.0,,meia praia,5. hotel/outros,587657794,False,4,5.0
698609052948535659,,0.0,0.0,,meia praia,3. apartamento (3q+),151279792,True,46,5.0
1187772975255244525,375.55886183755763,67.0,0.638095238095238,4.0,centro,1. apartamento compacto (0-1q),227777128,True,28,4.869999885559082
1186527192047619776,,0.0,0.0,,tabuleiro dos oliveiras,4. casa,439614208,True,5,4.0
1058777213156843238,,26.0,0.24761904761904763,3.0,meia praia,1. apartamento compacto (0-1q),431113548,True,19,5.0
46298683,,0.0,0.0,,meia praia,3. apartamento (3q+),170775875,True,24,4.0
1040664783789355948,,0.0,0.0,,meia praia,3. apartamento (3q+),385831829,True,10,5.0
30491733,805.4755607142857,63.0,0.6,4.0,meia praia,3. apartamento (3q+),83604067,True,53,4.940000057220459
52864004,,0.0,0.0,,meia praia,3. apartamento (3q+),428009359,True,37,4.25
37709918,,0.0,0.0,,meia praia,3. apartamento (3q+),123884090,False,21,5.0
1314398128960750476,,0.0,0.0,,meia praia,3. apartamento (3q+),401278899,False,13,5.0
1288436009394308547,,0.0,0.0,,meia praia,3. apartamento (3q+),226884521,True,24,4.5
1268360369138084164,,0.0,0.0,,meia praia,3. apartamento (3q+),430231263,False,10,5.0
1268175742888206281,,0.0,0.0,,meia praia,3. apartamento (3q+),147436857,False,9,5.0
53384633,,0.0,0.0,,morretes,2. apartamento (2q),325211040,True,20,4.920000076293945
728531681504670920,163.14583324999998,37.0,0.3523809523809524,4.0,tabuleiro dos oliveiras,2. apartamento (2q),459954966,True,35,4.840000152587891
1019453731090411731,463.0475230414747,85.0,0.8095238095238095,4.0,meia praia,1. apartamento compacto (0-1q),256850283,True,15,5.0
1169576861766557489,,0.0,0.0,,meia praia,3. apartamento (3q+),580911640,True,26,4.0
1301642727552567702,,0.0,0.0,,alto sao bento,5. hotel/outros,130014999,False,4,5.0
1246519122613872366,,0.0,0.0,,centro,3. apartamento (3q+),80563430,False,16,5.0
1297215706620685519,,0.0,0.0,,casa branca,4. casa,232345130,True,11,5.0
1040468720599464619,,0.0,0.0,,meia praia,2. apartamento (2q),549742729,True,7,5.0
754796838418506202,620.60101010101,68.0,0.6476190476190476,4.0,meia praia,3. apartamento (3q+),164952277,True,26,5.0
1212415662189091963,,0.0,0.0,,morretes,2. apartamento (2q),1388770,True,31,5.0
1292133136651238520,,0.0,0.0,,meia praia,3. apartamento (3q+),21106845,False,12,5.0
54352601,,0.0,0.0,,meia praia,3. apartamento (3q+),111082626,True,34,5.0
995677914874740936,,0.0,0.0,,sertaozinho,5. hotel/outros,378326074,False,10,5.0
780389629228308190,,0.0,0.0,,centro,4. casa,491083045,True,8,5.0
31740594,,0.0,0.0,,meia praia,3. apartamento (3q+),238065241,True,16,4.440000057220459
994303225569719796,,0.0,0.0,,meia praia,2. apartamento (2q),540217131,True,13,4.400000095367432
1225971691879804463,,0.0,0.0,,meia praia,3. apartamento (3q+),562642132,False,9,5.0
47385736,,0.0,0.0,,ilhota,4. casa,143362426,True,32,4.800000190734863
758758164947604865,158.62222222222223,82.0,0.780952380952381,4.0,meia praia,5. hotel/outros,528643050,True,4,4.860000133514404
1094352618245433600,,0.0,0.0,,meia praia,2. apartamento (2q),263412357,True,13,5.0
1056410885508086196,,0.0,0.0,,alto sao bento,4. casa,553087461,False,12,5.0
15106253,,0.0,0.0,,meia praia,3. apartamento (3q+),48661616,True,19,4.849999904632568
956676934234107014,,24.0,0.22857142857142856,3.0,meia praia,3. apartamento (3q+),97303436,True,48,4.940000057220459
1290151602510667000,,0.0,0.0,,morretes,2. apartamento (2q),5351312,True,14,5.0
1321663743479638993,,0.0,0.0,,varzea,4. casa,666779486,False,10,5.0
40666404,,0.0,0.0,,casa branca,4. casa,315273196,True,49,4.980000019073486
28071688,,41.0,0.3904761904761905,3.0,meia praia,3. apartamento (3q+),128771488,True,33,4.769999980926514
1268700777743246137,,0.0,0.0,,meia praia,3. apartamento (3q+),108479878,True,21,5.0
1031938290013047428,641.4379992319508,82.0,0.780952380952381,4.0,meia praia,2. apartamento (2q),227777128,True,23,5.0
54246694,700.0,89.0,0.8476190476190476,4.0,meia praia,3. apartamento (3q+),439901451,True,29,5.0
30086402,,0.0,0.0,,casa branca,3. apartamento (3q+),168019026,True,27,4.670000076293945
988662267344953993,,0.0,0.0,,meia praia,3. apartamento (3q+),108479878,False,11,5.0
910815231577364751,571.8020833333333,65.0,0.6190476190476191,4.0,meia praia,1. apartamento compacto (0-1q),370609096,True,17,4.96999979019165
1013015809551990146,,0.0,0.0,,meia praia,3. apartamento (3q+),36333760,True,13,4.0
1260829862590826054,,0.0,0.0,,morretes,2. apartamento (2q),501418829,True,45,5.0
1202112826227726232,,0.0,0.0,,meia praia,3. apartamento (3q+),263532723,False,36,5.0
681139047695558927,,47.0,0.44761904761904764,3.0,morretes,2. apartamento (2q),304829392,True,9,4.730000019073486
1191543560489849934,,0.0,0.0,,sertao do trombudo,4. casa,271855548,True,14,5.0
745721701947116393,,0.0,0.0,,casa branca,2. apartamento (2q),472433291,False,11,5.0
1236324650857979589,,0.0,0.0,,meia praia,3. apartamento (3q+),488387857,False,8,5.0
45456914,,0.0,0.0,,centro,3. apartamento (3q+),152352055,False,25,5.0
818513037989175149,,0.0,0.0,,morretes,2. apartamento (2q),331769078,True,45,5.0
559430665216139427,,0.0,0.0,,meia praia,5. hotel/outros,139478367,True,51,5.0
1218776899039658891,,0.0,0.0,,meia praia,3. apartamento (3q+),593474672,False,13,5.0
771054676372745506,,0.0,0.0,,centro,4. casa,202600428,False,7,5.0
1050749872031768842,,0.0,0.0,,meia praia,2. apartamento (2q),551861623,True,25,4.670000076293945
1284110666632259028,532.800677886863,77.0,0.7333333333333333,4.0,centro,1. apartamento compacto (0-1q),227777128,False,35,5.0
1252753408221770788,,0.0,0.0,,meia praia,3. apartamento (3q+),378513320,True,34,5.0
13522176,,32.0,0.3047619047619048,3.0,meia praia,3. apartamento (3q+),77681146,True,37,4.829999923706055
21397811,745.4858870967741,68.0,0.6476190476190476,4.0,meia praia,3. apartamento (3q+),92806193,True,41,4.889999866485596
1286868505765445574,,0.0,0.0,,tabuleiro dos oliveiras,4. casa,661088490,True,23,5.0
37744392,744.7298378456221,79.0,0.7523809523809524,4.0,meia praia,3. apartamento (3q+),265805292,True,36,5.0
1242302594456760963,,0.0,0.0,,meia praia,3. apartamento (3q+),201292310,True,26,5.0
725287076784390348,,0.0,0.0,,meia praia,2. apartamento (2q),248697693,True,49,5.0
989345231542781584,,0.0,0.0,,meia praia,3. apartamento (3q+),108479878,True,11,5.0
1096373335316071895,,0.0,0.0,,meia praia,3. apartamento (3q+),563243548,True,12,4.5
860109707700434700,,0.0,0.0,,meia praia,3. apartamento (3q+),157399374,False,35,5.0
1302385137743714245,,0.0,0.0,,meia praia,2. apartamento (2q),533354065,False,7,5.0
1015891835742611992,,0.0,0.0,,centro,5. hotel/outros,113275089,False,23,5.0
1281447974687781532,,0.0,0.0,,meia praia,1. apartamento compacto (0-1q),657311884,True,20,5.0
41548025,,0.0,0.0,,meia praia,3. apartamento (3q+),326293155,False,7,5.0
828238115992749496,,0.0,0.0,,meia praia,3. apartamento (3q+),310441201,False,9,5.0
1254392084331548457,,0.0,0.0,,meia praia,3. apartamento (3q+),654160255,False,9,5.0
41235599,,0.0,0.0,,centro,3. apartamento (3q+),230549767,True,24,4.829999923706055
836385234465202348,,48.0,0.45714285714285713,3.0,meia praia,3. apartamento (3q+),104163128,True,23,5.0
1294181566192305296,,0.0,0.0,,meia praia,1. apartamento compacto (0-1q),179052784,False,12,5.0
38800430,,34.0,0.3238095238095238,3.0,meia praia,3. apartamento (3q+),296809674,True,51,4.980000019073486
39532664,,0.0,0.0,,meia praia,3. apartamento (3q+),273774996,True,15,4.619999885559082
1266717192483343855,,62.0,0.5904761904761905,3.0,meia praia,2. apartamento (2q),145863045,True,24,5.0
47198796,,0.0,0.0,,casa branca,4. casa,369902333,True,15,4.789999961853027
21743476,,56.0,0.5333333333333333,3.0,meia praia,3. apartamento (3q+),127219435,True,59,4.78000020980835
1091408953130822622,322.79233870967744,48.0,0.45714285714285713,4.0,centro,2. apartamento (2q),562062085,True,31,5.0
1208757855935244741,392.6175981950845,82.0,0.780952380952381,4.0,centro,1. apartamento compacto (0-1q),227777128,False,30,5.0
52883365,,0.0,0.0,,morretes,2. apartamento (2q),428153687,True,37,4.5
1213961040337895184,,0.0,0.0,,morretes,3. apartamento (3q+),593615527,True,38,5.0
990873537741639580,,0.0,0.0,,meia praia,3. apartamento (3q+),108479878,False,10,5.0
1091165192621837341,,0.0,0.0,,centro,2. apartamento (2q),336068611,False,16,5.0
1053851019443958006,502.64516129032256,90.0,0.8571428571428571,4.0,centro,2. apartamento (2q),552458835,True,37,4.869999885559082
1292178168042903576,,0.0,0.0,,morretes,4. casa,596027465,True,26,5.0
1214464056304542513,712.1839141705069,87.0,0.8285714285714286,4.0,centro,2. apartamento (2q),227777128,True,37,5.0
1288225902205385857,,0.0,0.0,,meia praia,2. apartamento (2q),270088654,False,12,5.0
22258063,,0.0,0.0,,meia praia,3. apartamento (3q+),103981192,True,20,4.329999923706055
1292976440894819617,,0.0,0.0,,meia praia,3. apartamento (3q+),484280876,True,34,5.0
39989789,,0.0,0.0,,centro,3. apartamento (3q+),103243197,True,26,5.0
1310200744046984553,,0.0,0.0,,morretes,2. apartamento (2q),567717951,True,35,5.0
777658866189629109,,0.0,0.0,,meia praia,2. apartamento (2q),2143734,True,40,5.0
45910560,,0.0,0.0,,centro,3. apartamento (3q+),82821456,False,11,5.0
1294828688904090711,,0.0,0.0,,sertao do trombudo,4. casa,226297333,True,9,5.0
37347085,493.93339966485127,90.0,0.8571428571428571,4.0,meia praia,3. apartamento (3q+),264282150,True,46,4.710000038146973
39837626,,23.0,0.21904761904761905,1.0,meia praia,3. apartamento (3q+),106051867,True,19,5.0
863830918159371125,357.31710192697767,67.0,0.638095238095238,4.0,casa branca,3. apartamento (3q+),137095078,True,13,4.730000019073486
1305912340453612514,,0.0,0.0,,meia praia,3. apartamento (3q+),576104050,True,22,5.0
950059146531590785,,17.0,0.1619047619047619,2.0,tabuleiro dos oliveiras,2. apartamento (2q),325303111,True,37,4.880000114440918
767407262472265686,783.7175047438329,73.0,0.6952380952380952,4.0,meia praia,3. apartamento (3q+),287334477,True,21,5.0
53581602,,70.0,0.6666666666666666,3.0,centro,3. apartamento (3q+),368521605,True,30,5.0
821346339368769003,,0.0,0.0,,sertao do trombudo,4. casa,497677907,True,45,5.0
1288588610295836762,,0.0,0.0,,morretes,2. apartamento (2q),661873585,False,17,5.0
1076774325481778005,,0.0,0.0,,meia praia,3. apartamento (3q+),558277021,True,20,5.0
1056566030515743391,,0.0,0.0,,morretes,3. apartamento (3q+),162405981,False,8,5.0
1267332355220608617,660.4010656682028,69.0,0.6571428571428571,4.0,meia praia,2. apartamento (2q),38393697,True,39,5.0
41556526,,0.0,0.0,,tabuleiro dos oliveiras,1. apartamento compacto (0-1q),273331651,True,24,4.849999904632568
1270320558298150233,,0.0,0.0,,meia praia,3. apartamento (3q+),389987204,False,16,5.0
1272538182016914519,,0.0,0.0,,centro,2. apartamento (2q),34806865,True,49,5.0
774835101488402035,,0.0,0.0,,meia praia,3. apartamento (3q+),108479878,True,16,5.0
1319557868224326182,,0.0,0.0,,centro,2. apartamento (2q),540895269,True,21,5.0
979822999058425359,,0.0,0.0,,meia praia,2. apartamento (2q),445202588,True,18,4.710000038146973
15706749,,0.0,0.0,,meia praia,2. apartamento (2q),101432487,True,32,4.829999923706055
1262982199583014782,704.9423835125449,83.0,0.7904761904761904,4.0,centro,2. apartamento (2q),227777128,True,35,4.670000076293945
37989675,396.1906158357771,63.0,0.6,4.0,meia praia,2. apartamento (2q),288114147,True,11,4.849999904632568
1318157437821801284,,0.0,0.0,,meia praia,3. apartamento (3q+),26849113,False,35,5.0
832123000813215722,507.46111751152074,87.0,0.8285714285714286,4.0,meia praia,1. apartamento compacto (0-1q),272771814,True,11,4.849999904632568
873904497165304605,,0.0,0.0,,centro,2. apartamento (2q),169848306,True,12,5.0
1272260793182499350,,45.0,0.42857142857142855,3.0,morretes,2. apartamento (2q),133754844,True,36,5.0
54055912,,0.0,0.0,,meia praia,3. apartamento (3q+),177393041,True,26,5.0
618150693526656201,,48.0,0.45714285714285713,3.0,meia praia,2. apartamento (2q),291557375,True,31,4.860000133514404
1116425778520469842,,0.0,0.0,,meia praia,3. apartamento (3q+),545793013,True,10,5.0
979694178358433783,,0.0,0.0,,centro,5. hotel/outros,233485538,True,48,5.0
1094439132432767000,,0.0,0.0,,canto da praia,4. casa,158408860,True,49,4.329999923706055
49838353,,0.0,0.0,,meia praia,3. apartamento (3q+),401930390,True,52,4.710000038146973
1262886232299960378,,0.0,0.0,,centro,3. apartamento (3q+),324595100,True,10,5.0
1081972140987250431,629.4189516129032,63.0,0.6,4.0,meia praia,2. apartamento (2q),227777128,True,21,4.559999942779541
628311049816808766,,0.0,0.0,,meia praia,3. apartamento (3q+),426677805,False,3,5.0
832593035712862671,,0.0,0.0,,meia praia,3. apartamento (3q+),412552037,False,11,5.0
952906500922625842,,0.0,0.0,,meia praia,1. apartamento compacto (0-1q),282602332,True,46,5.0
776544149666899830,,0.0,0.0,,meia praia,5. hotel/outros,371131601,True,13,5.0
1066890753033004221,,0.0,0.0,,meia praia,3. apartamento (3q+),371957461,False,7,5.0
23108026,669.2492319508449,74.0,0.7047619047619048,4.0,meia praia,2. apartamento (2q),171684111,True,13,4.639999866485596
1012492340641180651,,0.0,0.0,,meia praia,3. apartamento (3q+),115900186,True,37,4.75
1263217493560717612,,0.0,0.0,,centro,3. apartamento (3q+),156871714,False,17,5.0
1194075983394113187,,0.0,0.0,,meia praia,2. apartamento (2q),556894631,False,21,5.0
39131762,,0.0,0.0,,meia praia,2. apartamento (2q),298545921,True,11,5.0
1102303506285191628,,0.0,0.0,,meia praia,3. apartamento (3q+),545104809,True,38,5.0
44196773,,0.0,0.0,,meia praia,2. apartamento (2q),123884090,False,14,5.0
1218973882572470900,,0.0,0.0,,meia praia,3. apartamento (3q+),593474672,False,12,5.0
36298189,,0.0,0.0,,meia praia,3. apartamento (3q+),157399374,True,28,4.880000114440918
1057298537539146203,,0.0,0.0,,morretes,2. apartamento (2q),154304140,False,13,5.0
1305723919394214968,,0.0,0.0,,meia praia,3. apartamento (3q+),399381518,True,33,5.0
1029927598666112399,,0.0,0.0,,meia praia,3. apartamento (3q+),89024461,True,32,4.670000076293945
873125740517449213,476.96512096774194,84.0,0.8,4.0,morretes,2. apartamento (2q),227777128,True,24,4.840000152587891
1294324900978572403,,0.0,0.0,,meia praia,2. apartamento (2q),654793174,True,38,5.0
30755946,,0.0,0.0,,centro,5. hotel/outros,173095913,True,35,4.889999866485596
42219953,,0.0,0.0,,meia praia,2. apartamento (2q),335354388,True,17,4.639999866485596
40910065,598.2578571428571,88.0,0.8380952380952381,4.0,meia praia,1. apartamento compacto (0-1q),318699493,True,37,5.0
1273371214479475254,,0.0,0.0,,meia praia,4. casa,493784281,False,10,5.0
774060818755528184,,0.0,0.0,,meia praia,3. apartamento (3q+),490118704,True,12,5.0
1081242440625947235,,0.0,0.0,,meia praia,3. apartamento (3q+),515987068,True,15,5.0
1298159312080141485,,0.0,0.0,,meia praia,3. apartamento (3q+),108479878,False,10,5.0
1234854942843643576,,0.0,0.0,,meia praia,3. apartamento (3q+),446108750,False,8,5.0
1290710956551561929,,0.0,0.0,,centro,2. apartamento (2q),265350197,False,7,5.0
1226846054624436877,710.3272177419356,93.0,0.8857142857142857,4.0,centro,2. apartamento (2q),227777128,True,36,4.860000133514404
1051481374779167805,,0.0,0.0,,centro,2. apartamento (2q),488113762,False,9,5.0
966687088388761169,793.5483870967741,97.0,0.9238095238095239,4.0,meia praia,3. apartamento (3q+),157834736,True,31,5.0
764594928509928066,,0.0,0.0,,meia praia,3. apartamento (3q+),488514783,False,8,5.0
984790656508975357,,0.0,0.0,,meia praia,2. apartamento (2q),108479878,False,12,5.0
1004639989908402291,,0.0,0.0,,meia praia,2. apartamento (2q),456504598,False,8,5.0
39721124,,0.0,0.0,,meia praia,3. apartamento (3q+),127864271,True,35,5.0
1322113651529436162,,0.0,0.0,,meia praia,5. hotel/outros,73068144,False,7,5.0
28410850,532.8682907894737,76.0,0.7238095238095238,4.0,centro,1. apartamento compacto (0-1q),115337089,True,23,4.849999904632568
998524736276497831,,0.0,0.0,,meia praia,3. apartamento (3q+),417447381,False,7,5.0
1091265213844771501,,0.0,0.0,,alto sao bento,2. apartamento (2q),133647571,True,10,5.0
1257475064962985099,,0.0,0.0,,meia praia,2. apartamento (2q),654856152,False,14,5.0
1274113216241261516,,0.0,0.0,,meia praia,3. apartamento (3q+),201616042,False,48,5.0
46119923,,0.0,0.0,,centro,3. apartamento (3q+),82821456,False,9,5.0
1271976168616688272,,0.0,0.0,,centro,2. apartamento (2q),236747488,False,8,5.0
17511306,1007.7954814990512,62.0,0.5904761904761905,4.0,meia praia,4. casa,3773012,True,29,4.849999904632568
1276876271755772492,,0.0,0.0,,casa branca,2. apartamento (2q),87293045,True,9,5.0
53340772,,69.0,0.6571428571428571,3.0,meia praia,3. apartamento (3q+),147956363,True,37,5.0
1288579754592033151,,0.0,0.0,,ilhota,5. hotel/outros,312939718,False,34,5.0
1295017112354125087,,0.0,0.0,,meia praia,2. apartamento (2q),175948630,False,9,5.0
1063982447676370951,,0.0,0.0,,centro,2. apartamento (2q),490112565,True,27,4.670000076293945
799416164363141517,,0.0,0.0,,meia praia,4. casa,167003893,False,10,5.0
1048551226044145540,,0.0,0.0,,meia praia,3. apartamento (3q+),551383328,True,40,5.0
980642326401425672,,0.0,0.0,,centro,3. apartamento (3q+),115900186,True,35,5.0
1313912109489456358,,0.0,0.0,,morretes,4. casa,496750251,False,23,5.0
1318174922191887812,,0.0,0.0,,centro,3. apartamento (3q+),559088996,False,5,5.0
51825638,670.20625,74.0,0.7047619047619048,4.0,meia praia,3. apartamento (3q+),368433422,True,8,5.0
695682678491300843,,0.0,0.0,,meia praia,2. apartamento (2q),386131983,True,11,5.0
1034744128218003504,,0.0,0.0,,meia praia,2. apartamento (2q),433992771,True,8,5.0
1057349559495676134,,0.0,0.0,,meia praia,3. apartamento (3q+),481819885,True,9,5.0
787361488757051131,,0.0,0.0,,centro,3. apartamento (3q+),216915022,False,13,5.0
1083478584557196767,,0.0,0.0,,meia praia,2. apartamento (2q),560182888,False,18,5.0
1086226123812140134,,0.0,0.0,,centro,4. casa,554715462,False,10,5.0
739006815344684109,,0.0,0.0,,meia praia,3. apartamento (3q+),111241128,True,48,5.0
1292945994882872233,,0.0,0.0,,sertao do trombudo,4. casa,413060241,False,8,5.0
1304404694000639638,,0.0,0.0,,morretes,2. apartamento (2q),662506680,True,13,5.0
46854533,,0.0,0.0,,meia praia,2. apartamento (2q),330624480,False,11,5.0
1287181259883706860,,0.0,0.0,,casa branca,2. apartamento (2q),87293045,False,9,5.0
1019041007385326527,,43.0,0.4095238095238095,3.0,meia praia,2. apartamento (2q),108479878,True,9,4.900000095367432
22306996,,30.0,0.2857142857142857,2.0,meia praia,2. apartamento (2q),107201107,True,38,5.0
1057777398171376301,,0.0,0.0,,tabuleiro dos oliveiras,5. hotel/outros,194792368,True,5,5.0
1050357191604236754,,0.0,0.0,,meia praia,2. apartamento (2q),551781399,True,52,5.0
52433968,,0.0,0.0,,meia praia,3. apartamento (3q+),424402464,True,37,5.0
569727477825054356,,0.0,0.0,,meia praia,3. apartamento (3q+),222416842,False,42,5.0
1174263938200349649,528.5836880184331,89.0,0.8476190476190476,4.0,centro,1. apartamento compacto (0-1q),555400325,True,63,4.909999847412109
1251624845796760916,,0.0,0.0,,morretes,4. casa,170440405,True,5,5.0
1211444250585349363,,0.0,0.0,,meia praia,3. apartamento (3q+),280097990,True,36,4.880000114440918
982642009007231841,257.528748718638,52.0,0.49523809523809526,4.0,centro,1. apartamento compacto (0-1q),134087687,True,17,4.880000114440918
1233370107101543516,423.1540322580645,60.0,0.5714285714285714,4.0,centro,1. apartamento compacto (0-1q),227777128,True,38,5.0
1220486999657134587,,0.0,0.0,,varzea,4. casa,595414523,False,10,5.0
767303976773437303,,0.0,0.0,,meia praia,3. apartamento (3q+),485344872,False,13,5.0
758709951594179266,,0.0,0.0,,meia praia,2. apartamento (2q),99823795,True,36,5.0
1173454138951663467,,0.0,0.0,,centro,2. apartamento (2q),412321792,True,32,5.0
1190674276723780626,,0.0,0.0,,meia praia,2. apartamento (2q),176856095,False,16,5.0
1315843176541999716,,0.0,0.0,,meia praia,2. apartamento (2q),219172555,False,6,5.0
53603293,,0.0,0.0,,meia praia,2. apartamento (2q),434091777,True,11,5.0
734991572208138176,261.7546082949309,83.0,0.7904761904761904,4.0,centro,1. apartamento compacto (0-1q),157832796,True,9,4.949999809265137
39133572,,0.0,0.0,,meia praia,2. apartamento (2q),235469516,False,11,5.0
54067163,,0.0,0.0,,canto da praia,1. apartamento compacto (0-1q),438193481,True,44,4.849999904632568
944199836585616806,,0.0,0.0,,meia praia,2. apartamento (2q),528066209,True,10,5.0
1079020200354869279,,0.0,0.0,,morretes,2. apartamento (2q),556848802,False,14,5.0
1319052943695390684,,0.0,0.0,,tabuleiro dos oliveiras,3. apartamento (3q+),307961896,False,27,5.0
1205971101659299009,,0.0,0.0,,meia praia,3. apartamento (3q+),391427706,False,23,5.0
1277433462144327255,,0.0,0.0,,meia praia,2. apartamento (2q),116665407,False,7,5.0
47558531,774.355163385002,90.0,0.8571428571428571,4.0,meia praia,3. apartamento (3q+),383909653,True,44,4.929999828338623
1231258846701164070,,0.0,0.0,,morretes,2. apartamento (2q),87109099,True,24,5.0
52874992,,0.0,0.0,,meia praia,3. apartamento (3q+),63860112,True,27,4.670000076293945
950071725057458527,,0.0,0.0,,meia praia,5. hotel/outros,491458280,True,19,5.0
46732171,,0.0,0.0,,meia praia,3. apartamento (3q+),152518192,True,31,5.0
1272513450174682572,,0.0,0.0,,meia praia,2. apartamento (2q),263755589,False,31,5.0
1298771012972286379,,0.0,0.0,,morretes,2. apartamento (2q),131818585,True,32,5.0
1219597802580113056,562.5819874787776,78.0,0.7428571428571429,4.0,centro,1. apartamento compacto (0-1q),227777128,True,40,4.829999923706055
857423070522811614,,0.0,0.0,,meia praia,2. apartamento (2q),175710937,True,43,5.0
1294927813283467468,,0.0,0.0,,centro,3. apartamento (3q+),660732563,False,7,5.0
9020559,,0.0,0.0,,meia praia,3. apartamento (3q+),46714863,True,27,4.75
31141252,,38.0,0.3619047619047619,3.0,meia praia,2. apartamento (2q),139474155,True,47,4.960000038146973
1315135179041078348,,0.0,0.0,,meia praia,3. apartamento (3q+),415730130,False,8,5.0
40449599,623.8737344402277,72.0,0.6857142857142857,4.0,meia praia,3. apartamento (3q+),177501787,True,50,4.849999904632568
1314469487970224033,,0.0,0.0,,meia praia,3. apartamento (3q+),515187929,False,29,5.0
739663897909156017,725.0,72.0,0.6857142857142857,4.0,meia praia,2. apartamento (2q),83542300,True,22,4.929999828338623
942057172413556286,,39.0,0.37142857142857144,3.0,meia praia,5. hotel/outros,527469085,True,8,5.0
995658810433202014,,0.0,0.0,,meia praia,2. apartamento (2q),540524272,True,33,5.0
1310093328154719841,,0.0,0.0,,morretes,2. apartamento (2q),552105336,True,12,5.0
52107212,,0.0,0.0,,ilhota,4. casa,303262564,False,24,5.0
710739184958846083,,0.0,0.0,,meia praia,5. hotel/outros,13438026,True,33,5.0
1311150015781996959,,0.0,0.0,,meia praia,3. apartamento (3q+),652763358,True,9,4.5
808167363475289022,,0.0,0.0,,morretes,2. apartamento (2q),319874387,True,34,5.0
682678593442961196,,0.0,0.0,,meia praia,4. casa,472414791,True,36,4.199999809265137
1286885346606821954,,0.0,0.0,,tabuleiro dos oliveiras,2. apartamento (2q),552105336,True,9,5.0
47032923,,0.0,0.0,,morretes,3. apartamento (3q+),228737392,False,47,5.0
630326155301078742,,37.0,0.3523809523809524,3.0,meia praia,2. apartamento (2q),367477498,True,12,4.880000114440918
1310205478580856656,,0.0,0.0,,meia praia,5. hotel/outros,100747811,False,13,5.0
36908385,,27.0,0.2571428571428571,2.0,meia praia,3. apartamento (3q+),104163128,True,24,4.820000171661377
1298521696353871732,,0.0,0.0,,meia praia,5. hotel/outros,73068144,True,26,5.0
777535236265957213,,0.0,0.0,,meia praia,3. apartamento (3q+),280009660,False,11,5.0
30314062,,0.0,0.0,,casa branca,2. apartamento (2q),7932101,True,25,4.860000133514404
1269556442442986416,,0.0,0.0,,meia praia,2. apartamento (2q),378896003,True,13,5.0
30402651,,63.0,0.6,3.0,meia praia,2. apartamento (2q),40710259,True,21,5.0
968213956640500474,477.25531134498965,82.0,0.780952380952381,4.0,morretes,2. apartamento (2q),55102257,True,39,5.0
1313192226174263411,,0.0,0.0,,meia praia,3. apartamento (3q+),562693686,False,13,5.0
47222306,198.61290322580646,47.0,0.44761904761904764,4.0,morretes,1. apartamento compacto (0-1q),381366415,True,50,4.96999979019165
38699498,,0.0,0.0,,centro,5. hotel/outros,173095913,True,9,5.0
1032037416009523135,,37.0,0.3523809523809524,3.0,areal,4. casa,291609302,True,44,5.0
802997767575123539,,0.0,0.0,,meia praia,3. apartamento (3q+),110694444,True,13,5.0
54367133,,0.0,0.0,,meia praia,3. apartamento (3q+),441188454,True,4,4.0
29739100,736.2160045218895,89.0,0.8476190476190476,4.0,meia praia,3. apartamento (3q+),221607457,True,30,5.0
771366912915633484,,0.0,0.0,,meia praia,3. apartamento (3q+),104554119,True,19,5.0
47512442,,0.0,0.0,,meia praia,2. apartamento (2q),319938308,True,16,5.0
659262137039564317,,0.0,0.0,,meia praia,3. apartamento (3q+),382654895,False,10,5.0
1029871571812460364,,0.0,0.0,,meia praia,2. apartamento (2q),115900186,True,26,5.0
28155872,,25.0,0.23809523809523808,2.0,meia praia,3. apartamento (3q+),204047075,True,18,4.619999885559082
577547502503396579,658.0744047619048,58.0,0.5523809523809524,4.0,meia praia,2. apartamento (2q),448455470,True,40,4.849999904632568
1045645052596927627,,0.0,0.0,,centro,3. apartamento (3q+),428394737,False,11,5.0
1193018470753061448,,0.0,0.0,,meia praia,3. apartamento (3q+),108479878,False,10,5.0
734169053874890548,,0.0,0.0,,meia praia,3. apartamento (3q+),422667807,True,30,4.860000133514404
1315142436521613012,,0.0,0.0,,meia praia,1. apartamento compacto (0-1q),107697812,False,22,5.0
1257913840027045858,,0.0,0.0,,meia praia,3. apartamento (3q+),176856095,False,15,5.0
52164313,,0.0,0.0,,centro,4. casa,426809635,True,53,5.0
32965564,,0.0,0.0,,centro,3. apartamento (3q+),45671121,True,20,4.289999961853027
713617442222928787,,0.0,0.0,,meia praia,3. apartamento (3q+),399231387,False,9,5.0
797846744052893154,,0.0,0.0,,casa branca,2. apartamento (2q),327738954,True,35,5.0
1044248176977498506,,0.0,0.0,,meia praia,3. apartamento (3q+),17692445,True,12,5.0
762341762809211072,,0.0,0.0,,centro,3. apartamento (3q+),161496256,True,35,5.0
1005940465349194255,,0.0,0.0,,alto sao bento,1. apartamento compacto (0-1q),231649747,True,29,4.829999923706055
1318162382615121900,,0.0,0.0,,meia praia,3. apartamento (3q+),558894521,False,13,5.0
1315402405706071677,,0.0,0.0,,meia praia,2. apartamento (2q),387828542,False,27,5.0
1298079782772415239,,0.0,0.0,,morretes,2. apartamento (2q),659526411,True,8,5.0
786807324710664147,,52.0,0.49523809523809526,3.0,meia praia,3. apartamento (3q+),416640660,True,45,4.849999904632568
1060030042730634983,,0.0,0.0,,morretes,4. casa,553955755,True,6,4.0
16321793,553.7250384024578,74.0,0.7047619047619048,4.0,meia praia,3. apartamento (3q+),106547408,True,36,4.96999979019165
34976786,,0.0,0.0,,meia praia,3. apartamento (3q+),209157920,True,27,5.0
53972959,923.6388431317205,73.0,0.6952380952380952,4.0,meia praia,3. apartamento (3q+),58396235,True,38,4.769999980926514
1280559161534348023,586.3663594470047,86.0,0.819047619047619,4.0,centro,1. apartamento compacto (0-1q),227777128,False,38,5.0
561577604914431329,,0.0,0.0,,meia praia,3. apartamento (3q+),237620710,True,7,4.0
1281758835621348169,,0.0,0.0,,meia praia,2. apartamento (2q),115900186,False,30,5.0
49050392,,46.0,0.4380952380952381,2.0,meia praia,3. apartamento (3q+),162106468,True,15,4.949999809265137
1305114061221278336,,0.0,0.0,,meia praia,5. hotel/outros,665560632,False,4,5.0
565917175006296984,,0.0,0.0,,meia praia,2. apartamento (2q),137858264,True,10,4.690000057220459
15934309,,70.0,0.6666666666666666,3.0,meia praia,3. apartamento (3q+),103411225,True,14,4.940000057220459
1294899215568571898,,0.0,0.0,,meia praia,3. apartamento (3q+),177393041,True,27,5.0
1291614741660749995,,0.0,0.0,,meia praia,5. hotel/outros,661146047,True,29,5.0
1267255743308437769,,0.0,0.0,,ilhota,4. casa,194347953,False,42,5.0
39600423,,0.0,0.0,,meia praia,3. apartamento (3q+),298545921,True,10,5.0
1232611334186837116,,0.0,0.0,,meia praia,3. apartamento (3q+),376546706,False,7,5.0
29510428,,0.0,0.0,,meia praia,3. apartamento (3q+),186109158,True,15,5.0
676838365540390245,,20.0,0.19047619047619047,1.0,meia praia,2. apartamento (2q),275635094,True,8,5.0
804322899195148210,,0.0,0.0,,meia praia,5. hotel/outros,11695736,True,35,5.0
1211548591438099722,,0.0,0.0,,meia praia,3. apartamento (3q+),108479878,True,9,5.0
1016100494032497541,351.0260714285714,78.0,0.7428571428571429,4.0,sertaozinho,4. casa,171631709,True,31,4.940000057220459
1308674095345519931,,0.0,0.0,,meia praia,5. hotel/outros,495867378,False,8,5.0
43300431,2359.9366359447004,88.0,0.8380952380952381,4.0,meia praia,3. apartamento (3q+),170767051,True,52,4.690000057220459
1231826085497703472,,0.0,0.0,,centro,2. apartamento (2q),494673379,False,10,5.0
43499385,591.6921082949309,69.0,0.6571428571428571,4.0,ilhota,2. apartamento (2q),184449418,True,42,4.96999979019165
40513465,,0.0,0.0,,meia praia,3. apartamento (3q+),163924292,True,31,5.0
42841323,496.5927083333333,23.0,0.21904761904761905,4.0,centro,1. apartamento compacto (0-1q),76169718,True,46,5.0
1208746927423730353,393.68348022971657,79.0,0.7523809523809524,4.0,centro,1. apartamento compacto (0-1q),227777128,True,28,5.0
53091689,,0.0,0.0,,morretes,3. apartamento (3q+),429793695,True,25,5.0
623256310488796530,,0.0,0.0,,meia praia,3. apartamento (3q+),263450199,True,42,4.860000133514404
739822733713639773,,0.0,0.0,,meia praia,2. apartamento (2q),406315466,True,12,5.0
782404018922337274,,0.0,0.0,,alto sao bento,2. apartamento (2q),32545062,True,39,4.78000020980835
954394460758052368,,0.0,0.0,,meia praia,2. apartamento (2q),485344872,False,7,5.0
1045070428630494366,,0.0,0.0,,morretes,3. apartamento (3q+),334494635,True,10,5.0
53794321,708.5971298438403,67.0,0.638095238095238,4.0,meia praia,2. apartamento (2q),86779574,True,49,4.880000114440918
1297992815191664316,,0.0,0.0,,meia praia,3. apartamento (3q+),515907658,False,31,5.0
47325492,645.5135792223502,89.0,0.8476190476190476,4.0,meia praia,3. apartamento (3q+),153822249,True,39,5.0
47232230,,16.0,0.1523809523809524,1.0,meia praia,3. apartamento (3q+),59078946,True,45,4.949999809265137
1058044419435738817,,0.0,0.0,,morretes,4. casa,553527281,True,16,4.670000076293945
1308634466058625526,,0.0,0.0,,meia praia,3. apartamento (3q+),656267813,False,6,5.0
1263128865886946817,559.3210541474655,93.0,0.8857142857142857,4.0,centro,1. apartamento compacto (0-1q),227777128,True,31,5.0
41026763,,0.0,0.0,,centro,2. apartamento (2q),170359573,True,21,4.78000020980835
1062164172340136948,,0.0,0.0,,leopoldo zarling,4. casa,552322476,False,7,5.0
29370604,,0.0,0.0,,meia praia,1. apartamento compacto (0-1q),221280627,True,18,4.380000114440918
46704215,,11.0,0.10476190476190476,1.0,meia praia,2. apartamento (2q),377474773,True,24,4.840000152587891
1028406443295552020,,0.0,0.0,,meia praia,4. casa,477129691,True,22,5.0
30105402,785.5846774193549,91.0,0.8666666666666667,4.0,meia praia,3. apartamento (3q+),75776806,True,42,4.75
1233994658216308874,389.8869047619048,61.0,0.580952380952381,4.0,centro,1. apartamento compacto (0-1q),227777128,True,38,4.380000114440918
1293681486580893323,,0.0,0.0,,centro,5. hotel/outros,486812874,False,10,5.0
53075699,,0.0,0.0,,meia praia,2. apartamento (2q),110451280,False,11,5.0
38818200,,0.0,0.0,,meia praia,3. apartamento (3q+),88653610,False,7,5.0
1314058711540768623,,0.0,0.0,,varzea,2. apartamento (2q),666668353,False,5,5.0
830480761359896223,,0.0,0.0,,meia praia,3. apartamento (3q+),501842600,False,10,5.0
1264729892004302735,,35.0,0.3333333333333333,3.0,centro,1. apartamento compacto (0-1q),457352273,False,10,5.0
787004119033122661,,0.0,0.0,,centro,4. casa,443659748,False,11,5.0
986230242316529308,,0.0,0.0,,meia praia,5. hotel/outros,40876651,False,15,5.0
32486859,948.7064814814815,51.0,0.4857142857142857,4.0,meia praia,3. apartamento (3q+),244081776,True,35,4.889999866485596
991105409368461151,,0.0,0.0,,meia praia,3. apartamento (3q+),475370954,True,12,5.0
1323287414300397947,,0.0,0.0,,centro,3. apartamento (3q+),240247528,False,9,5.0
888259502963698996,,0.0,0.0,,meia praia,1. apartamento compacto (0-1q),489737906,True,9,4.329999923706055
771783768080922720,,0.0,0.0,,meia praia,3. apartamento (3q+),157399374,True,31,4.670000076293945
22280693,,0.0,0.0,,alto sao bento,1. apartamento compacto (0-1q),101494197,True,20,4.849999904632568
1296405857054568096,,0.0,0.0,,meia praia,1. apartamento compacto (0-1q),542484669,False,10,5.0
15941269,,0.0,0.0,,meia praia,3. apartamento (3q+),103471234,True,10,4.829999923706055
892145183207607661,,0.0,0.0,,meia praia,3. apartamento (3q+),292647148,True,23,5.0
1218140952698517467,,0.0,0.0,,meia praia,5. hotel/outros,55767125,True,7,5.0
888404026062062224,,0.0,0.0,,meia praia,1. apartamento compacto (0-1q),107450594,True,16,5.0
53973724,610.4286290322581,69.0,0.6571428571428571,4.0,meia praia,3. apartamento (3q+),323002255,True,39,4.929999828338623
1298708824500193290,,0.0,0.0,,meia praia,3. apartamento (3q+),439226063,False,9,5.0
1288603393968480244,,0.0,0.0,,meia praia,2. apartamento (2q),370216636,False,7,5.0
1322818101907680074,,0.0,0.0,,alto sao bento,4. casa,370796966,False,9,5.0
684137520256598843,,0.0,0.0,,centro,3. apartamento (3q+),472787508,False,10,5.0
46942030,,0.0,0.0,,meia praia,3. apartamento (3q+),379350660,False,12,5.0
1321078074691562865,,0.0,0.0,,meia praia,3. apartamento (3q+),663283733,False,9,5.0
656283634467375980,,0.0,0.0,,meia praia,4. casa,327662417,False,14,5.0
781285266903281162,,0.0,0.0,,meia praia,3. apartamento (3q+),489087564,False,21,5.0
1246438264226109093,,0.0,0.0,,meia praia,3. apartamento (3q+),300639959,False,12,5.0
46072703,,45.0,0.42857142857142855,3.0,meia praia,3. apartamento (3q+),157399374,True,29,5.0
552912581186899747,,49.0,0.4666666666666667,3.0,meia praia,4. casa,437151086,True,37,5.0
40342798,672.1471774193549,81.0,0.7714285714285715,4.0,meia praia,3. apartamento (3q+),311775037,True,16,5.0
1273421997466579072,,0.0,0.0,,meia praia,3. apartamento (3q+),271832634,False,8,5.0
32600458,664.7840228327922,53.0,0.5047619047619047,4.0,meia praia,3. apartamento (3q+),245049761,True,30,4.900000095367432
1017546253134148389,,0.0,0.0,,meia praia,2. apartamento (2q),544932480,False,38,5.0
1291377995150928631,,0.0,0.0,,meia praia,3. apartamento (3q+),150811404,True,8,5.0
779104726998664227,,38.0,0.3619047619047619,3.0,meia praia,2. apartamento (2q),263431587,True,45,4.940000057220459
53063710,,0.0,0.0,,morretes,5. hotel/outros,224061270,True,32,4.860000133514404
1244455209217128785,,0.0,0.0,,meia praia,5. hotel/outros,367363772,True,6,5.0
784867761523378586,,0.0,0.0,,meia praia,3. apartamento (3q+),367268318,False,10,5.0
1292788717849175855,,0.0,0.0,,meia praia,3. apartamento (3q+),371809688,False,10,5.0
27338096,1312.146025345622,89.0,0.8476190476190476,4.0,centro,3. apartamento (3q+),68384276,True,27,5.0
1303525394628441748,,0.0,0.0,,meia praia,3. apartamento (3q+),484011503,True,11,5.0
1300836931154289279,,0.0,0.0,,morretes,3. apartamento (3q+),481819885,True,19,5.0
699448139972382147,,0.0,0.0,,sertao do trombudo,4. casa,476290058,False,13,5.0
10982940,1800.0,75.0,0.7142857142857143,4.0,meia praia,3. apartamento (3q+),56982344,True,21,5.0
1191261348067720296,693.7293010752688,67.0,0.638095238095238,4.0,centro,2. apartamento (2q),227777128,True,41,5.0
41677540,,0.0,0.0,,meia praia,3. apartamento (3q+),328958164,True,15,5.0
42832318,,0.0,0.0,,morretes,4. casa,20614599,True,33,4.880000114440918
765220485646135765,,0.0,0.0,,meia praia,3. apartamento (3q+),426267990,True,9,5.0
1289758176904091982,,0.0,0.0,,meia praia,3. apartamento (3q+),662132844,False,10,5.0
34866449,499.8563311688312,74.0,0.7047619047619048,4.0,meia praia,3. apartamento (3q+),262658644,True,29,4.829999923706055
39202645,,0.0,0.0,,meia praia,3. apartamento (3q+),300788626,True,15,4.0
31308297,,0.0,0.0,,casa branca,1. apartamento compacto (0-1q),234329543,True,7,5.0
1313032419505695116,,0.0,0.0,,meia praia,2. apartamento (2q),667270933,True,41,5.0
1205874259880523813,,0.0,0.0,,meia praia,3. apartamento (3q+),207068856,False,9,5.0
1062329758790485589,,0.0,0.0,,meia praia,3. apartamento (3q+),554665886,True,23,5.0
756349386368160913,,0.0,0.0,,meia praia,2. apartamento (2q),201292310,True,12,4.920000076293945
1321665865287545772,,0.0,0.0,,meia praia,3. apartamento (3q+),230106856,True,11,5.0
1088251024341369589,,14.0,0.13333333333333333,2.0,morretes,2. apartamento (2q),433470454,True,11,4.880000114440918
1244477645812160676,,0.0,0.0,,meia praia,3. apartamento (3q+),651735953,True,8,5.0
1274797415798183244,,0.0,0.0,,meia praia,3. apartamento (3q+),532178967,False,9,5.0
553578003486746447,,15.0,0.14285714285714285,2.0,meia praia,2. apartamento (2q),157541365,True,27,4.809999942779541
770849753679081492,,0.0,0.0,,meia praia,3. apartamento (3q+),85844742,False,35,5.0
968676271316056907,,0.0,0.0,,tabuleiro dos oliveiras,2. apartamento (2q),504433797,True,42,4.900000095367432
1203667582146912143,,0.0,0.0,,meia praia,3. apartamento (3q+),438533025,True,29,5.0
1268710208854055752,,0.0,0.0,,morretes,4. casa,561387062,True,7,3.670000076293945
754141022905987471,643.2054528801843,80.0,0.7619047619047619,4.0,meia praia,3. apartamento (3q+),222631895,True,37,4.929999828338623
711735081107146147,,0.0,0.0,,centro,3. apartamento (3q+),171628825,True,31,5.0
1062404897234929767,,0.0,0.0,,morretes,1. apartamento compacto (0-1q),20614599,False,3,5.0
1306112009212693956,,0.0,0.0,,meia praia,3. apartamento (3q+),438294546,True,20,4.0
37804764,,0.0,0.0,,meia praia,3. apartamento (3q+),227167421,True,40,4.78000020980835
1073303527682582222,,0.0,0.0,,leopoldo zarling,4. casa,389308484,True,5,5.0
1246425566656110947,,0.0,0.0,,canto da praia,4. casa,301703223,False,7,5.0
1308597162942640159,,0.0,0.0,,meia praia,3. apartamento (3q+),110012306,False,16,5.0
1045077329214831775,,31.0,0.29523809523809524,2.0,morretes,4. casa,381366415,True,32,5.0
1036453026410910833,,0.0,0.0,,meia praia,3. apartamento (3q+),56472082,True,29,5.0
53365226,343.45238095238096,54.0,0.5142857142857142,4.0,meia praia,2. apartamento (2q),416060600,True,12,4.650000095367432
1289862173315575165,,0.0,0.0,,centro,3. apartamento (3q+),381365841,True,21,5.0
1201524410402216599,,0.0,0.0,,meia praia,5. hotel/outros,378896003,True,9,5.0
989301822716949432,,0.0,0.0,,meia praia,2. apartamento (2q),102769914,True,41,5.0
1212179727017190050,,0.0,0.0,,meia praia,2. apartamento (2q),23486023,True,37,5.0
818886744540655169,,0.0,0.0,,centro,2. apartamento (2q),50676918,False,18,5.0
808425365462138959,,0.0,0.0,,meia praia,3. apartamento (3q+),232745269,False,12,5.0
41454399,,0.0,0.0,,meia praia,2. apartamento (2q),238467734,False,11,5.0
1076812789641172407,,0.0,0.0,,morretes,2. apartamento (2q),170451131,False,14,5.0
15639459,,0.0,0.0,,meia praia,3. apartamento (3q+),56904992,True,28,5.0
1063631212924566587,,0.0,0.0,,centro,4. casa,554945356,True,7,5.0
754260636604985777,,0.0,0.0,,centro,3. apartamento (3q+),237311439,False,8,5.0
1318302156174940688,,0.0,0.0,,centro,2. apartamento (2q),25984866,False,15,5.0
1023318531772287794,,0.0,0.0,,meia praia,3. apartamento (3q+),385026910,True,18,5.0
817909829740037853,,0.0,0.0,,centro,3. apartamento (3q+),495550080,False,16,5.0
52582287,,0.0,0.0,,meia praia,3. apartamento (3q+),102517845,False,10,5.0
1284913657497086774,,0.0,0.0,,meia praia,3. apartamento (3q+),96018285,True,16,5.0
735732850757918650,,35.0,0.3333333333333333,3.0,meia praia,3. apartamento (3q+),416640660,True,42,4.730000019073486
1015691857467598452,,55.0,0.5238095238095238,3.0,meia praia,3. apartamento (3q+),25984866,True,10,5.0
1064361544684463450,,0.0,0.0,,meia praia,1. apartamento compacto (0-1q),20614599,False,18,5.0
1036316015400901078,,0.0,0.0,,centro,5. hotel/outros,233485538,True,18,5.0
1261075083927841039,,0.0,0.0,,meia praia,3. apartamento (3q+),13438026,True,8,5.0
46792527,,0.0,0.0,,centro,2. apartamento (2q),346582211,True,31,4.0
1323425991861389388,,0.0,0.0,,morretes,4. casa,662220967,False,10,5.0
1264040949531443013,,0.0,0.0,,meia praia,2. apartamento (2q),156871714,True,17,5.0
30209117,,42.0,0.4,3.0,meia praia,3. apartamento (3q+),226895782,True,21,4.940000057220459
32697747,396.06940574074076,34.0,0.3238095238095238,4.0,meia praia,2. apartamento (2q),244978209,True,41,4.889999866485596
1028877959048714123,,0.0,0.0,,centro,1. apartamento compacto (0-1q),494673379,True,38,2.5
1291419243412523599,,0.0,0.0,,meia praia,3. apartamento (3q+),278490020,False,11,5.0
53372578,,0.0,0.0,,meia praia,2. apartamento (2q),414486431,True,24,3.670000076293945
1315261246891483918,,0.0,0.0,,meia praia,3. apartamento (3q+),40709903,False,8,5.0
760744906334086646,,0.0,0.0,,meia praia,4. casa,456167521,False,44,5.0
1318267210921184935,,0.0,0.0,,meia praia,3. apartamento (3q+),668433856,False,10,5.0
1240775832879183392,,0.0,0.0,,morretes,4. casa,497942978,True,13,5.0
1155844501678298300,,0.0,0.0,,meia praia,2. apartamento (2q),230632270,True,28,5.0
1276864818594967734,,0.0,0.0,,casa branca,4. casa,289797859,True,22,5.0
1044346153746167739,,0.0,0.0,,casa branca,4. casa,550560321,True,23,5.0
1050824626350559241,,0.0,0.0,,meia praia,3. apartamento (3q+),116665407,True,7,5.0
911476333007658783,313.4943181818182,53.0,0.5047619047619047,4.0,meia praia,2. apartamento (2q),123340570,True,21,4.630000114440918
1250857289727971837,,0.0,0.0,,meia praia,2. apartamento (2q),428845961,True,31,5.0
1074536325107116342,,0.0,0.0,,centro,3. apartamento (3q+),59304463,False,42,5.0
1299200884719674733,,0.0,0.0,,varzea,4. casa,391085912,True,12,5.0
1052089199306202045,,0.0,0.0,,meia praia,3. apartamento (3q+),280097990,True,32,5.0
1309554958048522886,,0.0,0.0,,meia praia,3. apartamento (3q+),399995881,False,8,5.0
53402424,,0.0,0.0,,meia praia,3. apartamento (3q+),431026829,True,8,4.0
41496656,,0.0,0.0,,ilhota,4. casa,326702962,True,11,1.0
1314341743704434971,,0.0,0.0,,meia praia,3. apartamento (3q+),471555016,False,23,5.0
1302450485079669419,,0.0,0.0,,meia praia,3. apartamento (3q+),359090709,True,24,5.0
1155627895999148799,,0.0,0.0,,morretes,1. apartamento compacto (0-1q),366268208,True,13,5.0
663670006345168051,,0.0,0.0,,meia praia,2. apartamento (2q),467576319,False,35,5.0
897144549301156856,,35.0,0.3333333333333333,3.0,meia praia,3. apartamento (3q+),327796301,True,13,5.0
1155855946548061733,,0.0,0.0,,tabuleiro dos oliveiras,4. casa,53262728,True,32,4.809999942779541
1037047027853581998,,43.0,0.4095238095238095,3.0,centro,2. apartamento (2q),13707751,True,49,4.880000114440918
658670870469957307,,0.0,0.0,,meia praia,3. apartamento (3q+),108479878,True,11,5.0
1268301602280137098,,0.0,0.0,,meia praia,4. casa,106907642,False,11,5.0
28102949,,0.0,0.0,,meia praia,3. apartamento (3q+),182763921,True,11,5.0
21947811,,0.0,0.0,,meia praia,3. apartamento (3q+),160209386,True,37,4.75
977758615003005235,,0.0,0.0,,meia praia,3. apartamento (3q+),108479878,False,8,5.0
1279123061685814133,,0.0,0.0,,meia praia,3. apartamento (3q+),657495061,False,6,5.0
39152609,,0.0,0.0,,meia praia,2. apartamento (2q),300090828,True,7,4.760000228881836
845012157657847255,,0.0,0.0,,meia praia,3. apartamento (3q+),475370954,True,33,4.889999866485596
970977720659867193,,0.0,0.0,,meia praia,3. apartamento (3q+),115900186,False,32,5.0
1010884702444855566,,0.0,0.0,,meia praia,1. apartamento compacto (0-1q),188145789,False,5,5.0
1315378265846987588,,0.0,0.0,,meia praia,3. apartamento (3q+),555327643,False,29,5.0
1288385969078879370,,0.0,0.0,,morretes,1. apartamento compacto (0-1q),148251126,True,6,5.0
1052355242204804725,,0.0,0.0,,meia praia,3. apartamento (3q+),47535748,False,11,5.0
1267490270483958179,,0.0,0.0,,meia praia,3. apartamento (3q+),657134925,True,30,5.0
1307955803685092822,,0.0,0.0,,meia praia,5. hotel/outros,100747811,False,13,5.0
1255166143934793043,,0.0,0.0,,meia praia,3. apartamento (3q+),400289246,True,34,5.0
967469842738718090,,0.0,0.0,,meia praia,3. apartamento (3q+),528254274,True,30,5.0
41141790,,39.0,0.37142857142857144,3.0,meia praia,3. apartamento (3q+),310733490,True,16,4.900000095367432
27865733,,0.0,0.0,,centro,3. apartamento (3q+),2677455,True,24,4.329999923706055
890900550062113228,,0.0,0.0,,meia praia,2. apartamento (2q),242817466,True,40,5.0
41270247,,27.0,0.2571428571428571,2.0,meia praia,3. apartamento (3q+),158477705,True,30,4.889999866485596
594857002569221203,,0.0,0.0,,meia praia,3. apartamento (3q+),388579140,True,13,5.0
54071592,,0.0,0.0,,casa branca,4. casa,438236484,True,44,5.0
47096976,,0.0,0.0,,morretes,2. apartamento (2q),174353142,False,7,5.0
1075444278753674442,482.4274193548387,45.0,0.42857142857142855,4.0,meia praia,2. apartamento (2q),28576616,True,24,4.800000190734863
1288317456841105821,,0.0,0.0,,meia praia,3. apartamento (3q+),486345878,False,7,5.0
45621607,,71.0,0.6761904761904762,3.0,meia praia,2. apartamento (2q),61270790,True,10,5.0
41883230,,53.0,0.5047619047619047,3.0,meia praia,3. apartamento (3q+),13091719,True,35,5.0
1314764695798251721,,0.0,0.0,,meia praia,3. apartamento (3q+),667681508,False,27,5.0
1032819488442707067,,0.0,0.0,,meia praia,2. apartamento (2q),214123027,True,42,5.0
782848425775715018,,0.0,0.0,,meia praia,1. apartamento compacto (0-1q),201292310,True,25,5.0
1190830635876293330,,0.0,0.0,,morretes,2. apartamento (2q),181299966,False,24,5.0
1052992749655623271,,0.0,0.0,,meia praia,2. apartamento (2q),552289167,False,8,5.0
1316604682338226124,,0.0,0.0,,morretes,2. apartamento (2q),654667093,False,10,5.0
785658004981722606,618.8698924731183,79.0,0.7523809523809524,4.0,tabuleiro dos oliveiras,2. apartamento (2q),235992463,True,43,5.0
1048046070762969350,,0.0,0.0,,meia praia,5. hotel/outros,242553173,False,10,5.0
25104649,696.9298245614035,57.0,0.5428571428571428,4.0,meia praia,3. apartamento (3q+),186109158,True,8,4.980000019073486
1239409920081319316,,0.0,0.0,,morretes,2. apartamento (2q),154565602,True,24,5.0
788085745534865923,,0.0,0.0,,meia praia,3. apartamento (3q+),147780201,True,13,5.0
47291978,,0.0,0.0,,meia praia,3. apartamento (3q+),381203250,True,12,5.0
990432282679577821,,0.0,0.0,,meia praia,3. apartamento (3q+),539364035,True,12,5.0
1271272432935586273,,0.0,0.0,,centro,2. apartamento (2q),169848306,False,8,5.0
1315529790295837216,,0.0,0.0,,morretes,2. apartamento (2q),667849380,True,31,5.0
1036358303831861787,,0.0,0.0,,centro,2. apartamento (2q),157832796,True,11,5.0
1285599150590499228,,0.0,0.0,,morretes,2. apartamento (2q),10844239,False,12,5.0
645092818132652927,,29.0,0.2761904761904762,3.0,meia praia,2. apartamento (2q),456504598,True,13,4.949999809265137
836415940545761422,501.10984113509573,60.0,0.5714285714285714,4.0,meia praia,1. apartamento compacto (0-1q),272771814,True,8,4.929999828338623
40228868,,0.0,0.0,,meia praia,3. apartamento (3q+),310697839,False,10,5.0
53402180,,0.0,0.0,,meia praia,3. apartamento (3q+),432383711,False,9,5.0
1256723784627855477,,0.0,0.0,,centro,4. casa,492905243,True,9,5.0
53400271,,0.0,0.0,,meia praia,4. casa,431725917,False,10,5.0
605748852048435444,455.29321502314815,61.0,0.580952380952381,4.0,meia praia,3. apartamento (3q+),93034042,True,55,5.0
22221493,,0.0,0.0,,meia praia,4. casa,162375131,True,36,4.860000133514404
1236888236862742446,,0.0,0.0,,morretes,2. apartamento (2q),228705143,False,38,5.0
41676390,614.5213162808966,90.0,0.8571428571428571,4.0,meia praia,2. apartamento (2q),173165778,True,23,4.949999809265137
1041262196440480958,,0.0,0.0,,casa branca,4. casa,462252591,True,32,5.0
1056698752886178077,,0.0,0.0,,meia praia,2. apartamento (2q),487017309,True,26,3.0
52702659,,0.0,0.0,,meia praia,2. apartamento (2q),411136113,True,14,4.329999923706055
30315370,,0.0,0.0,,meia praia,3. apartamento (3q+),225964047,True,15,5.0
16586622,594.0785333237327,80.0,0.7619047619047619,4.0,meia praia,3. apartamento (3q+),109364961,True,70,4.829999923706055
753705661776365934,,0.0,0.0,,alto sao bento,5. hotel/outros,106005867,True,71,5.0
1290227876992816321,,0.0,0.0,,meia praia,3. apartamento (3q+),243772935,False,12,5.0
1060899311557227968,,0.0,0.0,,meia praia,3. apartamento (3q+),554241687,False,45,5.0
1226940717284477483,,0.0,0.0,,centro,3. apartamento (3q+),249523967,True,29,5.0
23523034,,0.0,0.0,,meia praia,3. apartamento (3q+),175710937,True,39,5.0
52652931,467.1875,46.0,0.4380952380952381,4.0,meia praia,2. apartamento (2q),92121131,True,13,5.0
758059618209979073,,0.0,0.0,,sertaozinho,3. apartamento (3q+),487331432,True,41,5.0
1255178693593030744,,0.0,0.0,,meia praia,2. apartamento (2q),595805143,True,15,5.0
1292815457899461748,770.3569463269179,72.0,0.6857142857142857,4.0,centro,2. apartamento (2q),227777128,True,38,5.0
1318095501459517296,,0.0,0.0,,meia praia,4. casa,547120374,False,9,5.0
53109238,,0.0,0.0,,morretes,4. casa,20614599,False,25,5.0
1321924579099353012,,0.0,0.0,,canto da praia,4. casa,654871080,False,30,5.0
986228725951753024,,0.0,0.0,,meia praia,5. hotel/outros,40876651,False,13,5.0
1269623861253689862,380.94502661290323,65.0,0.6190476190476191,4.0,centro,1. apartamento compacto (0-1q),227777128,True,29,5.0
973160738029639257,,0.0,0.0,,meia praia,2. apartamento (2q),535478340,True,38,4.75
820470065107810212,,0.0,0.0,,centro,3. apartamento (3q+),94093391,True,25,5.0
1211523131988133768,,0.0,0.0,,meia praia,1. apartamento compacto (0-1q),154077834,False,16,5.0
1010091303354020330,,0.0,0.0,,meia praia,3. apartamento (3q+),541159966,True,11,5.0
735756948744314725,,0.0,0.0,,meia praia,3. apartamento (3q+),324421148,True,29,4.329999923706055
1281101198743058105,,0.0,0.0,,meia praia,2. apartamento (2q),367477498,True,10,5.0
1316054784122061241,,0.0,0.0,,meia praia,3. apartamento (3q+),509964851,True,38,5.0
1045565487399099010,,0.0,0.0,,morretes,2. apartamento (2q),323043033,False,10,5.0
39623532,,0.0,0.0,,meia praia,3. apartamento (3q+),298545921,False,9,5.0
1303266648692596227,,0.0,0.0,,meia praia,3. apartamento (3q+),545627611,True,9,5.0
988406365435700829,,0.0,0.0,,meia praia,3. apartamento (3q+),538576718,True,17,5.0
26898492,,38.0,0.3619047619047619,3.0,ilhota,4. casa,183738964,True,31,4.699999809265137
1020942153159227291,,0.0,0.0,,meia praia,2. apartamento (2q),450348403,True,37,5.0
31252494,,0.0,0.0,,casa branca,2. apartamento (2q),233823878,True,38,4.650000095367432
986230802916483711,,0.0,0.0,,centro,5. hotel/outros,40876651,False,15,5.0
1054538603433172053,,0.0,0.0,,morretes,1. apartamento compacto (0-1q),552601061,False,11,5.0
1061167994996104209,,0.0,0.0,,meia praia,5. hotel/outros,99479169,False,6,5.0
1020581372983314967,,0.0,0.0,,meia praia,3. apartamento (3q+),108479878,True,12,4.78000020980835
1289798260831154810,,0.0,0.0,,meia praia,3. apartamento (3q+),382711957,False,12,5.0
1285454337721014883,,0.0,0.0,,centro,2. apartamento (2q),227595936,True,12,5.0
1308589669202501336,,0.0,0.0,,casa branca,2. apartamento (2q),400742551,False,7,5.0
1310274192276754423,,0.0,0.0,,meia praia,3. apartamento (3q+),376630152,False,7,5.0
1067459758200575743,,0.0,0.0,,morretes,3. apartamento (3q+),299141784,True,48,5.0
1121120387558822074,,0.0,0.0,,meia praia,3. apartamento (3q+),466908044,False,17,5.0
856482117556875618,,26.0,0.24761904761904763,2.0,meia praia,2. apartamento (2q),420975698,True,39,4.960000038146973
1020333217878509527,,0.0,0.0,,tabuleiro dos oliveiras,2. apartamento (2q),482774286,True,41,4.800000190734863
51785337,,56.0,0.5333333333333333,3.0,morretes,2. apartamento (2q),416896363,True,29,5.0
1315147093627131241,,0.0,0.0,,meia praia,3. apartamento (3q+),541709457,False,8,5.0
1289919194267387550,,0.0,0.0,,meia praia,5. hotel/outros,73068144,True,16,4.75
1051494217635423017,,0.0,0.0,,meia praia,3. apartamento (3q+),502160152,False,10,5.0
46486203,,0.0,0.0,,centro,2. apartamento (2q),150342406,False,8,5.0
1254384361135492137,576.3986175115208,86.0,0.819047619047619,4.0,morretes,2. apartamento (2q),227777128,True,28,4.5
815806026505024003,,33.0,0.3142857142857143,3.0,meia praia,3. apartamento (3q+),99823795,True,27,5.0
1021680708785478385,,0.0,0.0,,meia praia,3. apartamento (3q+),115900186,False,31,5.0
1148617111615851069,,0.0,0.0,,morretes,5. hotel/outros,393187422,False,3,5.0
1131810056799937593,775.2339797747056,81.0,0.7714285714285715,4.0,tabuleiro dos oliveiras,3. apartamento (3q+),227777128,True,25,5.0
1282555783192045355,,0.0,0.0,,morretes,2. apartamento (2q),421850225,True,20,4.75
1207881809440158991,436.72271532258065,92.0,0.8761904761904762,4.0,centro,1. apartamento compacto (0-1q),227777128,True,30,5.0
1209591203253278549,,0.0,0.0,,meia praia,3. apartamento (3q+),287758125,True,38,5.0
39417651,,0.0,0.0,,meia praia,3. apartamento (3q+),171165107,False,12,5.0
54211269,,0.0,0.0,,meia praia,3. apartamento (3q+),40728055,True,55,5.0
1214388774715647910,,0.0,0.0,,meia praia,2. apartamento (2q),40876651,False,13,5.0
1302308496242112387,,0.0,0.0,,casa branca,4. casa,293085717,False,26,5.0
1248663127684957882,,0.0,0.0,,centro,3. apartamento (3q+),558894521,False,15,5.0
858005684112909595,,0.0,0.0,,meia praia,2. apartamento (2q),462275890,True,15,5.0
858200115408146370,,0.0,0.0,,meia praia,3. apartamento (3q+),149736648,False,29,5.0
1273091811886899511,,0.0,0.0,,morretes,2. apartamento (2q),540209693,True,35,4.670000076293945
26197944,,75.0,0.7142857142857143,3.0,meia praia,2. apartamento (2q),196896931,True,33,4.789999961853027
765933981906369872,,0.0,0.0,,meia praia,3. apartamento (3q+),475121056,False,14,5.0
1257312272803306995,536.5683622828784,82.0,0.780952380952381,4.0,meia praia,2. apartamento (2q),227777128,True,31,4.75
821850217553025689,,0.0,0.0,,meia praia,5. hotel/outros,169364884,True,18,5.0
977588506516236318,,0.0,0.0,,meia praia,3. apartamento (3q+),108479878,False,9,5.0
1321071693046943546,,0.0,0.0,,meia praia,3. apartamento (3q+),407257231,False,7,5.0
678242953903453952,407.25,49.0,0.4666666666666667,4.0,meia praia,2. apartamento (2q),263236296,True,30,5.0
30756202,562.8461809698367,76.0,0.7238095238095238,4.0,meia praia,2. apartamento (2q),230148203,True,42,4.760000228881836
1279237614509895088,,0.0,0.0,,meia praia,3. apartamento (3q+),588690469,True,15,5.0
807400945391416643,688.0625,41.0,0.3904761904761905,4.0,centro,3. apartamento (3q+),23497844,True,70,4.900000095367432
1258059892964067437,,0.0,0.0,,meia praia,3. apartamento (3q+),10844239,False,18,5.0
1307892976415279790,,0.0,0.0,,centro,3. apartamento (3q+),16624550,True,25,5.0
38514587,861.9147898927686,92.0,0.8761904761904762,4.0,meia praia,3. apartamento (3q+),18104687,True,49,5.0
9009370,,0.0,0.0,,meia praia,3. apartamento (3q+),46714863,True,32,4.880000114440918
1279044816202788334,,0.0,0.0,,centro,2. apartamento (2q),489467522,False,9,5.0
1310162805894175309,,0.0,0.0,,ilhota,5. hotel/outros,329380829,False,13,5.0
1248685472424986601,,38.0,0.3619047619047619,3.0,morretes,2. apartamento (2q),652421568,True,33,5.0
1293507005688062082,,0.0,0.0,,meia praia,3. apartamento (3q+),236341086,False,7,5.0
840525492567265584,,44.0,0.41904761904761906,3.0,centro,4. casa,503226026,True,15,4.960000038146973
1111212394533170173,,0.0,0.0,,meia praia,2. apartamento (2q),108479878,False,17,5.0
1197140458682998270,,0.0,0.0,,morretes,5. hotel/outros,551442964,False,11,5.0
27873929,,0.0,0.0,,centro,3. apartamento (3q+),180507427,True,41,5.0
1217884666261792316,,0.0,0.0,,meia praia,3. apartamento (3q+),593474672,False,14,5.0
41658086,,0.0,0.0,,meia praia,3. apartamento (3q+),268665681,False,15,5.0
47782979,,0.0,0.0,,canto da praia,5. hotel/outros,385116789,True,21,4.739999771118164
39316910,,15.0,0.14285714285714285,2.0,meia praia,3. apartamento (3q+),301873812,True,28,4.789999961853027
37417268,,0.0,0.0,,centro,5. hotel/outros,173095913,True,48,5.0
1289154878778190586,,0.0,0.0,,meia praia,3. apartamento (3q+),115900186,True,14,5.0
1221783597725078633,,0.0,0.0,,centro,3. apartamento (3q+),558894521,False,15,5.0
1305046192475138832,,0.0,0.0,,centro,4. casa,240175683,False,12,5.0
39394644,793.7829472523042,90.0,0.8571428571428571,4.0,meia praia,3. apartamento (3q+),298545921,True,11,5.0
999878029080069212,,0.0,0.0,,meia praia,2. apartamento (2q),199286942,False,10,5.0
30795921,,22.0,0.20952380952380953,2.0,meia praia,3. apartamento (3q+),230398122,True,37,5.0
1270356705472728655,,0.0,0.0,,alto sao bento,4. casa,11275759,True,22,5.0
21091876,770.1426411290322,91.0,0.8666666666666667,4.0,meia praia,3. apartamento (3q+),13485904,True,26,4.909999847412109
1288482464982273596,,0.0,0.0,,centro,3. apartamento (3q+),158609153,False,25,5.0
701243249365514750,,0.0,0.0,,tabuleiro dos oliveiras,4. casa,424069358,False,15,5.0
10969271,,0.0,0.0,,meia praia,3. apartamento (3q+),56904992,False,32,5.0
1278317570000344746,,0.0,0.0,,morretes,2. apartamento (2q),341129883,False,19,5.0
21621339,,0.0,0.0,,meia praia,2. apartamento (2q),73239240,True,13,5.0
1304367299559603295,,0.0,0.0,,meia praia,3. apartamento (3q+),18833195,True,38,5.0
48345277,,0.0,0.0,,meia praia,3. apartamento (3q+),178410302,True,12,4.110000133514404
1213080842711281763,,0.0,0.0,,centro,1. apartamento compacto (0-1q),435177926,True,50,5.0
1307990676918354925,572.3013248847926,87.0,0.8285714285714286,4.0,centro,1. apartamento compacto (0-1q),227777128,True,32,4.670000076293945
687757820659405525,572.5214966485128,90.0,0.8571428571428571,4.0,morretes,2. apartamento (2q),323043033,True,10,5.0
47150357,,0.0,0.0,,morretes,3. apartamento (3q+),228403370,True,14,4.400000095367432
28929249,,0.0,0.0,,meia praia,1. apartamento compacto (0-1q),163555140,True,18,4.840000152587891
1229783027824297960,,0.0,0.0,,alto sao bento,4. casa,596775682,True,21,5.0
770131545986036241,939.0168970814132,78.0,0.7428571428571429,4.0,meia praia,3. apartamento (3q+),363548107,True,40,4.920000076293945
21383448,,0.0,0.0,,meia praia,3. apartamento (3q+),153545834,True,28,4.980000019073486
42840664,,0.0,0.0,,centro,1. apartamento compacto (0-1q),76169718,True,49,5.0
1013616590713546479,,0.0,0.0,,meia praia,3. apartamento (3q+),29679077,True,35,4.75
764376917677304019,,0.0,0.0,,morretes,3. apartamento (3q+),108479878,True,11,4.860000133514404
1311385271976535628,,0.0,0.0,,casa branca,2. apartamento (2q),107189331,True,33,5.0
792096103347120988,455.6391908212561,59.0,0.5619047619047619,4.0,tabuleiro dos oliveiras,2. apartamento (2q),493214604,True,41,5.0
958585314340676290,,0.0,0.0,,meia praia,3. apartamento (3q+),157399374,True,15,4.880000114440918
1292979639820528358,,0.0,0.0,,centro,1. apartamento compacto (0-1q),567751162,True,14,5.0
1084684660471816372,,0.0,0.0,,morretes,4. casa,560473060,True,33,4.0
1268356543846662992,,0.0,0.0,,meia praia,2. apartamento (2q),657351611,True,26,5.0
1267447886862969484,,0.0,0.0,,meia praia,3. apartamento (3q+),115900186,True,41,5.0
52619006,497.0650201612903,58.0,0.5523809523809524,4.0,centro,2. apartamento (2q),423069187,True,34,5.0
1282027957414335220,,0.0,0.0,,meia praia,3. apartamento (3q+),201292310,True,21,5.0
41686810,,59.0,0.5619047619047619,3.0,meia praia,5. hotel/outros,210489555,True,19,4.710000038146973
1047076421918890039,,0.0,0.0,,meia praia,3. apartamento (3q+),332009380,True,26,4.5
784821821299783202,,0.0,0.0,,meia praia,5. hotel/outros,225143660,True,10,4.78000020980835
1276175886462563504,,0.0,0.0,,meia praia,2. apartamento (2q),659097759,True,25,5.0
25918412,,64.0,0.6095238095238096,3.0,meia praia,2. apartamento (2q),155904224,True,49,4.889999866485596
547281489077476284,,0.0,0.0,,jardim praiamar,2. apartamento (2q),441988449,True,44,5.0
1218818467971940445,,0.0,0.0,,meia praia,2. apartamento (2q),593474672,False,13,5.0
1181450474313604315,,0.0,0.0,,meia praia,3. apartamento (3q+),211409627,True,16,5.0
1058535274367822537,,0.0,0.0,,meia praia,3. apartamento (3q+),553502936,False,11,5.0
956398979498945273,,39.0,0.37142857142857144,2.0,meia praia,3. apartamento (3q+),427257613,True,26,5.0
1030481451149804053,,0.0,0.0,,meia praia,3. apartamento (3q+),547717764,True,41,5.0
27867004,,0.0,0.0,,centro,3. apartamento (3q+),2677455,True,10,5.0
54218940,,0.0,0.0,,meia praia,3. apartamento (3q+),115900186,True,29,4.860000133514404
53043874,,0.0,0.0,,meia praia,3. apartamento (3q+),429396669,True,42,5.0
1070343877574441166,331.4583333333333,22.0,0.20952380952380953,4.0,morretes,2. apartamento (2q),21967480,True,34,5.0
1286405768854162028,,0.0,0.0,,meia praia,3. apartamento (3q+),543175517,False,5,5.0
1257481023975911046,,0.0,0.0,,meia praia,2. apartamento (2q),214711059,True,38,4.75
1313097441898276704,,0.0,0.0,,centro,3. apartamento (3q+),162405981,False,7,5.0
31359070,,0.0,0.0,,centro,3. apartamento (3q+),234767530,True,15,5.0
1018012011695779860,,0.0,0.0,,morretes,4. casa,544993958,False,7,5.0
723730363541361267,,0.0,0.0,,meia praia,3. apartamento (3q+),480949131,True,47,5.0
31430342,,59.0,0.5619047619047619,3.0,meia praia,2. apartamento (2q),228740317,True,38,5.0
807901303033876952,,0.0,0.0,,centro,3. apartamento (3q+),325072160,False,22,5.0
733514433976812864,,0.0,0.0,,meia praia,2. apartamento (2q),201292310,True,20,5.0
805120730441681952,,0.0,0.0,,meia praia,3. apartamento (3q+),285124301,True,43,5.0
1094307053007905987,,0.0,0.0,,alto sao bento,3. apartamento (3q+),535662094,True,8,5.0
1282108677050958850,,0.0,0.0,,meia praia,2. apartamento (2q),25087975,True,21,5.0
16566726,,0.0,0.0,,centro,3. apartamento (3q+),58923973,True,15,5.0
32644324,,0.0,0.0,,tabuleiro dos oliveiras,2. apartamento (2q),245407115,True,30,4.769999980926514
30117708,,0.0,0.0,,meia praia,3. apartamento (3q+),313535137,True,23,5.0
1247046420719729525,,0.0,0.0,,meia praia,3. apartamento (3q+),227595936,True,7,5.0
44165747,,0.0,0.0,,meia praia,2. apartamento (2q),298545921,True,10,4.880000114440918
1001382352686700814,,0.0,0.0,,meia praia,3. apartamento (3q+),538705262,False,9,5.0
1059261654377576396,,0.0,0.0,,meia praia,1. apartamento compacto (0-1q),551991664,False,7,5.0
826079934498070369,,0.0,0.0,,meia praia,3. apartamento (3q+),417447381,False,7,5.0
827032525024041844,,0.0,0.0,,centro,5. hotel/outros,501123541,False,7,5.0
46088002,,58.0,0.5523809523809524,3.0,meia praia,2. apartamento (2q),25984866,True,21,4.829999923706055
1052316377617207925,,0.0,0.0,,centro,2. apartamento (2q),104839406,True,27,4.5
1211041583203981859,,0.0,0.0,,morretes,4. casa,94398353,True,16,4.889999866485596
1186374250100288090,,0.0,0.0,,morretes,2. apartamento (2q),13707751,True,21,5.0
1283616910460903126,,0.0,0.0,,meia praia,3. apartamento (3q+),310441201,False,9,5.0
53918137,411.23978548387095,62.0,0.5904761904761905,4.0,meia praia,2. apartamento (2q),433363775,True,27,4.929999828338623
1316676139187881178,,0.0,0.0,,varzea,4. casa,668078261,True,26,5.0
816548646366675642,,0.0,0.0,,centro,3. apartamento (3q+),495332996,True,14,4.670000076293945
1240553834723755861,,0.0,0.0,,meia praia,2. apartamento (2q),597186148,True,7,5.0
1061660313612584393,,0.0,0.0,,centro,1. apartamento compacto (0-1q),488113762,True,7,5.0
37294563,,0.0,0.0,,meia praia,3. apartamento (3q+),273378013,True,21,5.0
1316642419978955466,,0.0,0.0,,meia praia,2. apartamento (2q),443077455,False,25,5.0
1064415833040973756,,0.0,0.0,,meia praia,4. casa,220079797,True,15,5.0
39745810,2345.8021322580644,89.0,0.8476190476190476,4.0,meia praia,3. apartamento (3q+),192636688,False,8,5.0
29989615,,0.0,0.0,,meia praia,3. apartamento (3q+),225453695,True,41,5.0
1220979237786390131,,0.0,0.0,,meia praia,3. apartamento (3q+),237442674,True,9,5.0
1057921303854839296,,0.0,0.0,,meia praia,3. apartamento (3q+),221238016,True,24,5.0
1268333949441747573,,0.0,0.0,,meia praia,3. apartamento (3q+),657345734,False,14,5.0
968763887161579636,,0.0,0.0,,meia praia,2. apartamento (2q),381771043,True,15,5.0
703527486074504582,331.99679252199417,74.0,0.7047619047619048,4.0,meia praia,2. apartamento (2q),477089238,True,33,4.940000057220459
1081929057858455873,,0.0,0.0,,meia praia,3. apartamento (3q+),427554362,False,19,5.0
1313724251824326300,,0.0,0.0,,meia praia,3. apartamento (3q+),378513320,False,36,5.0
1145938005186269294,,0.0,0.0,,centro,3. apartamento (3q+),574944097,True,31,5.0
1318764315423986286,,0.0,0.0,,meia praia,1. apartamento compacto (0-1q),427854454,False,39,5.0
1199996219082185363,244.38817663817662,65.0,0.6190476190476191,4.0,morretes,2. apartamento (2q),123340570,True,22,4.670000076293945
1043713458053737844,,0.0,0.0,,meia praia,2. apartamento (2q),4942353,True,8,5.0
1314787149382667536,,0.0,0.0,,morretes,4. casa,482486219,True,8,4.5
1234163308515824235,,0.0,0.0,,meia praia,3. apartamento (3q+),176856095,False,19,5.0
1281906611974571860,,0.0,0.0,,ilhota,5. hotel/outros,162548461,False,19,5.0
1163132009168177821,,0.0,0.0,,meia praia,3. apartamento (3q+),558894521,True,12,5.0
1276789839775235217,,43.0,0.4095238095238095,3.0,morretes,2. apartamento (2q),20508734,True,11,5.0
33336758,,36.0,0.34285714285714286,3.0,meia praia,2. apartamento (2q),157399374,True,33,4.860000133514404
923133320997277084,425.1309523809524,53.0,0.5047619047619047,4.0,meia praia,1. apartamento compacto (0-1q),398356920,True,31,5.0
47815499,,0.0,0.0,,meia praia,2. apartamento (2q),384880221,True,21,4.630000114440918
1065944631275468920,,0.0,0.0,,morretes,4. casa,555702334,False,12,5.0
1290288247931203307,,0.0,0.0,,meia praia,3. apartamento (3q+),662260185,False,25,5.0
4635504,,0.0,0.0,,meia praia,2. apartamento (2q),22334513,True,23,4.820000171661377
1234176985480942594,,0.0,0.0,,centro,2. apartamento (2q),323705482,False,8,5.0
54404085,,0.0,0.0,,centro,3. apartamento (3q+),245542902,False,7,5.0
48158176,,33.0,0.3142857142857143,3.0,meia praia,2. apartamento (2q),158602376,True,50,4.909999847412109
963947891845223019,,0.0,0.0,,meia praia,3. apartamento (3q+),433996802,False,13,5.0
745632820094188215,,16.0,0.1523809523809524,2.0,meia praia,3. apartamento (3q+),485070900,True,41,5.0
1086855144095843601,,68.0,0.6476190476190476,3.0,casa branca,2. apartamento (2q),87293045,True,32,4.929999828338623
1312926515220952470,,0.0,0.0,,morretes,2. apartamento (2q),665407493,False,9,5.0
694947516825280143,,23.0,0.21904761904761905,3.0,meia praia,3. apartamento (3q+),475336436,True,49,5.0
766052072199682693,,57.0,0.5428571428571428,3.0,meia praia,1. apartamento compacto (0-1q),115375904,True,29,4.78000020980835
1316186007282390658,,0.0,0.0,,meia praia,1. apartamento compacto (0-1q),529722001,False,20,5.0
15734258,,0.0,0.0,,meia praia,3. apartamento (3q+),52525604,False,9,5.0
1313995106969296933,,0.0,0.0,,tabuleiro dos oliveiras,2. apartamento (2q),667510099,False,11,5.0
925914258310920344,,0.0,0.0,,meia praia,2. apartamento (2q),371424235,False,37,5.0
1309417657149755613,,0.0,0.0,,morretes,2. apartamento (2q),363548107,False,44,5.0
41126139,,0.0,0.0,,centro,1. apartamento compacto (0-1q),321845995,False,0,5.0
52969803,351.11290322580646,70.0,0.6666666666666666,4.0,centro,2. apartamento (2q),316784417,True,45,5.0
1148765524500353762,,0.0,0.0,,meia praia,3. apartamento (3q+),309821176,True,17,5.0
18735821,,44.0,0.41904761904761906,3.0,meia praia,2. apartamento (2q),46560089,True,15,4.199999809265137
1083424325445690046,,54.0,0.5142857142857142,3.0,meia praia,2. apartamento (2q),85757961,True,39,5.0
1040593269888615683,,0.0,0.0,,meia praia,3. apartamento (3q+),243196670,True,34,5.0
670972349837021205,,0.0,0.0,,meia praia,3. apartamento (3q+),258729677,False,22,5.0
917551937462777133,,0.0,0.0,,tabuleiro dos oliveiras,2. apartamento (2q),516891604,False,20,5.0
28429135,,63.0,0.6,3.0,meia praia,1. apartamento compacto (0-1q),106754227,True,27,4.909999847412109
30354217,,27.0,0.2571428571428571,3.0,meia praia,3. apartamento (3q+),162684865,True,18,4.559999942779541
1249280869300332434,,0.0,0.0,,morretes,3. apartamento (3q+),207828972,False,11,5.0
1020554963948833757,,0.0,0.0,,meia praia,3. apartamento (3q+),545247232,True,28,4.75
1263182730237407812,,0.0,0.0,,meia praia,3. apartamento (3q+),84924129,True,10,5.0
1050016944647787084,,0.0,0.0,,meia praia,3. apartamento (3q+),139897629,False,9,5.0
1311188688832400536,,0.0,0.0,,meia praia,3. apartamento (3q+),104998943,True,12,5.0
1036245475735774882,,0.0,0.0,,meia praia,2. apartamento (2q),548854887,True,25,5.0
1036955655225647222,464.28056027164683,70.0,0.6666666666666666,4.0,centro,2. apartamento (2q),230350086,True,31,4.829999923706055
1046663580902381675,,0.0,0.0,,meia praia,2. apartamento (2q),441031449,False,9,5.0
40482082,,0.0,0.0,,meia praia,2. apartamento (2q),229551078,True,28,4.480000019073486
15500038,516.7283554915515,88.0,0.8380952380952381,4.0,meia praia,3. apartamento (3q+),84162292,True,19,4.880000114440918
922622223296896524,,0.0,0.0,,meia praia,3. apartamento (3q+),522224494,True,46,4.670000076293945
26708551,612.8993052777778,72.0,0.6857142857142857,4.0,centro,3. apartamento (3q+),137095078,True,53,4.829999923706055
1202816406536335003,,0.0,0.0,,meia praia,1. apartamento compacto (0-1q),272771814,False,9,5.0
1008864847930336278,,0.0,0.0,,morretes,4. casa,543173853,False,38,5.0
1062921566903078805,,0.0,0.0,,meia praia,3. apartamento (3q+),168122034,False,29,5.0
52025452,456.7740583064516,52.0,0.49523809523809526,4.0,meia praia,3. apartamento (3q+),103095966,True,37,4.559999942779541
1039249741334810278,,0.0,0.0,,meia praia,3. apartamento (3q+),385831829,False,13,5.0
939325387438995809,1413.2591093117408,76.0,0.7238095238095238,4.0,meia praia,3. apartamento (3q+),133147476,True,7,5.0
1211498868869932520,,0.0,0.0,,meia praia,3. apartamento (3q+),495867378,False,6,5.0
1292993601121137360,,0.0,0.0,,centro,3. apartamento (3q+),662874216,False,11,5.0
1310966640884237142,,0.0,0.0,,meia praia,3. apartamento (3q+),497416968,True,12,5.0
